﻿select_condition,stem,suffix,label,stem_filename,file,filepath,which_condition.thisRepN,which_condition.thisTrialN,which_condition.thisN,which_condition.thisIndex,dantype_loop.thisRepN,dantype_loop.thisTrialN,dantype_loop.thisN,dantype_loop.thisIndex,begin_text.started,key_resp_11.started,key_resp_11.keys,key_resp_11.rt,consent_image.started,text_10.started,consent_resp.started,consent_resp.keys,consent_resp.rt,demographic_instr.started,text_9.started,key_resp_3.started,key_resp_3.keys,key_resp_3.rt,age_text.started,textbox.started,key_resp_5.started,text_3.started,textbox.text,key_resp_5.keys,key_resp_5.rt,age_text_2.started,textbox_2.started,key_resp_6.started,text_4.started,textbox_2.text,key_resp_6.keys,key_resp_6.rt,age_text_3.started,textbox_3.started,key_resp_7.started,text_5.started,textbox_3.text,key_resp_7.keys,key_resp_7.rt,age_text_5.started,textbox_5.started,key_resp_9.started,text_7.started,textbox_5.text,key_resp_9.keys,key_resp_9.rt,age_text_6.started,textbox_6.started,key_resp_10.started,text_8.started,textbox_6.text,key_resp_10.keys,key_resp_10.rt,age_text_4.started,textbox_4.started,key_resp_8.started,text_6.started,textbox_4.text,key_resp_8.keys,key_resp_8.rt,instructions_text.started,key_resp_4.started,key_resp_4.keys,key_resp_4.rt,experiment_start.started,experiment_start_resp.started,experiment_start_resp.keys,experiment_start_resp.rt,image.started,text_11.started,image.stopped,text_11.stopped,participant,session,date,expName,psychopyVersion,frameRate,
,,,,,,,,,,,,,,,8.007474000041839,8.007474000041839,space,0.506257499975618,,,,,,,,,,,,,,,,,,,,,,,,,,,,,,,,,,,,,,,,,,,,,,,,,,,,,,,,,,,,,,,,,024869,001,2023-08-25_15h00.54.467,Recognizability_SONA,2022.2.5,59.96357812454018,
,,,,,,,,,,,,,,,,,,,8.539961100032087,8.539961100032087,8.539961100032087,space,0.1658140000072308,,,,,,,,,,,,,,,,,,,,,,,,,,,,,,,,,,,,,,,,,,,,,,,,,,,,,,,,,,,,024869,001,2023-08-25_15h00.54.467,Recognizability_SONA,2022.2.5,59.96357812454018,
,,,,,,,,,,,,,,,,,,,,,,,,8.739919400017243,8.739919400017243,8.739919400017243,space,0.1959142999839969,,,,,,,,,,,,,,,,,,,,,,,,,,,,,,,,,,,,,,,,,,,,,,,,,,,,,,,024869,001,2023-08-25_15h00.54.467,Recognizability_SONA,2022.2.5,59.96357812454018,
,,,,,,,,,,,,,,,,,,,,,,,,,,,,,8.956603900005575,8.956603900005575,8.956603900005575,8.956603900005575, ,tab,0.2762916999636218,,,,,,,,,,,,,,,,,,,,,,,,,,,,,,,,,,,,,,,,,,,,,,,,024869,001,2023-08-25_15h00.54.467,Recognizability_SONA,2022.2.5,59.96357812454018,
,,,,,,,,,,,,,,,,,,,,,,,,,,,,,,,,,,,,9.256617600040045,9.256617600040045,9.256617600040045,9.256617600040045,,tab,0.14532189996680245,,,,,,,,,,,,,,,,,,,,,,,,,,,,,,,,,,,,,,,,,024869,001,2023-08-25_15h00.54.467,Recognizability_SONA,2022.2.5,59.96357812454018,
,,,,,,,,,,,,,,,,,,,,,,,,,,,,,,,,,,,,,,,,,,,9.423311299993657,9.423311299993657,9.423311299993657,9.423311299993657,,tab,0.12264580000191927,,,,,,,,,,,,,,,,,,,,,,,,,,,,,,,,,,024869,001,2023-08-25_15h00.54.467,Recognizability_SONA,2022.2.5,59.96357812454018,
,,,,,,,,,,,,,,,,,,,,,,,,,,,,,,,,,,,,,,,,,,,,,,,,,,9.573253700044006,9.573253700044006,9.573253700044006,9.573253700044006,,tab,0.11973350000334904,,,,,,,,,,,,,,,,,,,,,,,,,,,024869,001,2023-08-25_15h00.54.467,Recognizability_SONA,2022.2.5,59.96357812454018,
,,,,,,,,,,,,,,,,,,,,,,,,,,,,,,,,,,,,,,,,,,,,,,,,,,,,,,,,,9.723368400009349,9.723368400009349,9.723368400009349,9.723368400009349,,tab,0.10965779999969527,,,,,,,,,,,,,,,,,,,,024869,001,2023-08-25_15h00.54.467,Recognizability_SONA,2022.2.5,59.96357812454018,
,,,,,,,,,,,,,,,,,,,,,,,,,,,,,,,,,,,,,,,,,,,,,,,,,,,,,,,,,,,,,,,,9.856828499992844,9.856828499992844,9.856828499992844,9.856828499992844,,tab,0.11923800001386553,,,,,,,,,,,,,024869,001,2023-08-25_15h00.54.467,Recognizability_SONA,2022.2.5,59.96357812454018,
,,,,,,,,,,,,,,,,,,,,,,,,,,,,,,,,,,,,,,,,,,,,,,,,,,,,,,,,,,,,,,,,,,,,,,,10.006593400030397,10.006593400030397,space,0.4275719000142999,,,,,,,,,024869,001,2023-08-25_15h00.54.467,Recognizability_SONA,2022.2.5,59.96357812454018,
,,,,,,,,,,,,,,,,,,,,,,,,,,,,,,,,,,,,,,,,,,,,,,,,,,,,,,,,,,,,,,,,,,,,,,,,,,,10.456660300027579,10.456660300027579,space,0.40360530000180006,,,,,024869,001,2023-08-25_15h00.54.467,Recognizability_SONA,2022.2.5,59.96357812454018,
Condition1.csv,kora,nem,koranem,3,3_dim_sg.PNG,stems_all/3_dim_sg.PNG,0,0,0,0,0,0,0,21,,,,,,,,,,,,,,,,,,,,,,,,,,,,,,,,,,,,,,,,,,,,,,,,,,,,,,,,,,,,,,,,,10.889931600017007,10.889931600017007,12.889949800039176,12.889949800039176,024869,001,2023-08-25_15h00.54.467,Recognizability_SONA,2022.2.5,59.96357812454018,
Condition1.csv,kudom,dan,kudomdan,8,8_2.PNG,stems_all/8_2.PNG,0,0,0,0,0,1,1,7,,,,,,,,,,,,,,,,,,,,,,,,,,,,,,,,,,,,,,,,,,,,,,,,,,,,,,,,,,,,,,,,,12.889949800039176,12.889949800039176,14.906696900026873,14.906696900026873,024869,001,2023-08-25_15h00.54.467,Recognizability_SONA,2022.2.5,59.96357812454018,
,,,,,,,,,,,,,,,,,,,,,,,,,,,,,,,,,,,,,,,,,,,,,,,,,,,,,,,,,,,,,,,,,,,,,,,,,,,,,,,14.906696900026873,14.906696900026873,,,,,,,,,
