﻿stem,label1,suffix1,label2,suffix2,comp_image,comp_condition_stem,comp_condition_suffix,image1,comp_image_size,alt_image1,alt_image2,comp_image_location,alt_image1_location,alt_image2_location,alt_image1_size,alt_image2_size,demo_info.thisRepN,demo_info.thisTrialN,demo_info.thisN,demo_info.thisIndex,pretraining_plus_test.thisRepN,pretraining_plus_test.thisTrialN,pretraining_plus_test.thisN,pretraining_plus_test.thisIndex,which_condition.thisRepN,which_condition.thisTrialN,which_condition.thisN,which_condition.thisIndex,production_block.thisRepN,production_block.thisTrialN,production_block.thisN,production_block.thisIndex,forced_choice_block.thisRepN,forced_choice_block.thisTrialN,forced_choice_block.thisN,forced_choice_block.thisIndex,pretraining,condition,begin_text.started,key_resp_11.started,key_resp_11.keys,key_resp_11.rt,instructions_text.started,key_resp_4.started,key_resp_4.keys,key_resp_4.rt,experiment_start.started,experiment_start_resp.started,experiment_start_resp.keys,experiment_start_resp.rt,instr.started,key_resp_14.started,key_resp_14.keys,key_resp_14.rt,text_13.started,key_resp_17.started,key_resp_17.keys,key_resp_17.rt,first_image_2.started,text_26.started,text_26.stopped,comp_label1_location,comp_label2_location,image_comp.started,image_9.started,image_10.started,first_image.started,text_14.started,label_right.started,key_resp_16.started,text_15.started,image_9.stopped,image_10.stopped,first_image.stopped,key_resp_16.keys,key_resp_16.rt,text_25.started,text_25.stopped,first_image_2.stopped,participant,session,date,expName,psychopyVersion,frameRate,
,,,,,,,,,,,,,,,,,,,,,,,,,,,,,,,,,,,,,0,6,8.619848999893293,8.619848999893293,space,0.4326059001032263,,,,,,,,,,,,,,,,,,,,,,,,,,,,,,,,,,,,,,054055,001,2023-10-04_19h18.21.180,generalizability,2022.2.5,59.968648431124365,
,,,,,,,,,,,,,,,,,,,,,,,,,,,,,,,,,,,,,,,,,,,9.100350300082937,9.100350300082937,return,0.6632594999391586,,,,,,,,,,,,,,,,,,,,,,,,,,,,,,,,,,054055,001,2023-10-04_19h18.21.180,generalizability,2022.2.5,59.968648431124365,
,,,,,,,,,,,,,,,,,,,,,,,,,,,,,,,,,,,,,,,,,,,,,,,9.783709000097588,9.783709000097588,return,0.3649548999965191,,,,,,,,,,,,,,,,,,,,,,,,,,,,,,054055,001,2023-10-04_19h18.21.180,generalizability,2022.2.5,59.968648431124365,
,,,,,,,,,,,,,,,,,,,,,,,,,,,,,,,,,,,,,,,,,,,,,,,,,,,10.167027200106531,10.167027200106531,return,0.48675669985823333,,,,,,,,,,,,,,,,,,,,,,,,,,054055,001,2023-10-04_19h18.21.180,generalizability,2022.2.5,59.968648431124365,
,,,,,,,,,,,,,,,,,,,,,,,,,,,,,,,,,,,,,,,,,,,,,,,,,,,,,,,10.6836930999998,10.6836930999998,return,0.4082086000125855,,,,,,,,,,,,,,,,,,,,,,054055,001,2023-10-04_19h18.21.180,generalizability,2022.2.5,59.968648431124365,
berko,berkodan,dan,berkonem,nem,stems_all/2_2.PNG,familiar,big,stems_all/2.PNG,"[0.35, 0.35]",stems_all/2_dim_sg.PNG,stems_all/2_dim_pl.PNG,"[-0.2, -0.2]","[0.2, 0.2]","[0.2, -0.2]","[0.2, 0.2]","[0.2, 0.2]",,,,,,,,,,,,,,,,,0,0,0,31,,,,,,,,,,,,,,,,,,,,,,,11.15034730010666,12.60038540000096,14.100456499960274,left,right,14.183765500085428,14.183765500085428,14.183765500085428,14.183765500085428,14.850423699943349,14.850423699943349,14.850423699943349,14.850423699943349,14.933751499978825,14.933751499978825,14.933751499978825,right,3.9592009999323636,18.833957199938595,19.58386079990305,,054055,001,2023-10-04_19h18.21.180,generalizability,2022.2.5,59.968648431124365,
kora,korasil,sil,koradan,dan,stems_all/3_2.PNG,familiar,big,stems_all/3.PNG,"[0.35, 0.35]",stems_all/3_dim_sg.PNG,stems_all/3_dim_pl.PNG,"[-0.2, -0.2]","[0.2, 0.2]","[0.2, -0.2]","[0.2, 0.2]","[0.2, 0.2]",,,,,,,,,,,,,,,,,0,1,1,38,,,,,,,,,,,,,,,,,,,,,,,19.58386079990305,21.06716570002027,22.567192600108683,left,right,22.60053399996832,22.60053399996832,22.60053399996832,22.60053399996832,23.3172162999399,23.3172162999399,23.3172162999399,23.3172162999399,23.350545699940994,23.350545699940994,23.350545699940994,right,3.9763189000077546,27.317228500032797,28.067265100078657,22.60053399996832,054055,001,2023-10-04_19h18.21.180,generalizability,2022.2.5,59.968648431124365,
,,,,,,,,,,,,,,,,,,,,,,,,,,,,,,,,,,,,,,,,,,,,,,,,,,,,,,,,,,,28.067265100078657,29.550624900031835,31.050708200084046,right,left,31.084052599966526,31.084052599966526,31.084052599966526,31.084052599966526,31.800672099925578,31.800672099925578,31.800672099925578,31.800672099925578,31.834001400042325,31.834001400042325,31.834001400042325,left,1.3681950999889523,33.200670700054616,,31.084052599966526,,,,,,,
