﻿prod_label,file,prod_image1,prod_image2,prod_condition,alt_image1,alt_image2,prod_image2_size,alt_image2_size,prod_image2_location,alt_image1_location,alt_image2_location,demo_info.thisRepN,demo_info.thisTrialN,demo_info.thisN,demo_info.thisIndex,pretraining_plus_test.thisRepN,pretraining_plus_test.thisTrialN,pretraining_plus_test.thisN,pretraining_plus_test.thisIndex,which_condition.thisRepN,which_condition.thisTrialN,which_condition.thisN,which_condition.thisIndex,production_block.thisRepN,production_block.thisTrialN,production_block.thisN,production_block.thisIndex,pretraining,condition,begin_text.started,key_resp_11.started,key_resp_11.keys,key_resp_11.rt,instructions_text.started,key_resp_4.started,key_resp_4.keys,key_resp_4.rt,experiment_start.started,experiment_start_resp.started,experiment_start_resp.keys,experiment_start_resp.rt,instr.started,key_resp_14.started,key_resp_14.keys,key_resp_14.rt,image_prod1.started,production_text.started,production_text.stopped,production_image.started,image_2.started,alternate_image2.started,image_3.started,image_prod1.stopped,prod_resp.started,text_12.started,key_resp_15.started,image_2.stopped,alternate_image2.stopped,image_3.stopped,prod_resp.text,key_resp_15.keys,key_resp_15.rt,text_25.started,text_25.stopped,participant,session,date,expName,psychopyVersion,frameRate,
,,,,,,,,,,,,,,,,,,,,,,,,,,,,0,4,38.87066010001581,38.87066010001581,space,0.3721530999755487,,,,,,,,,,,,,,,,,,,,,,,,,,,,,,,,062000,001,2023-09-26_18h44.52.224,generalizability,2022.2.5,60.00726087796803,
,,,,,,,,,,,,,,,,,,,,,,,,,,,,,,,,,,39.28646219999064,39.28646219999064,space,0.16946970007847995,,,,,,,,,,,,,,,,,,,,,,,,,,,,062000,001,2023-09-26_18h44.52.224,generalizability,2022.2.5,60.00726087796803,
,,,,,,,,,,,,,,,,,,,,,,,,,,,,,,,,,,,,,,39.486385100055486,39.486385100055486,space,0.1694850999629125,,,,,,,,,,,,,,,,,,,,,,,,062000,001,2023-09-26_18h44.52.224,generalizability,2022.2.5,60.00726087796803,
,,,,,,,,,,,,,,,,,,,,,,,,,,,,,,,,,,,,,,,,,,39.686378800077364,39.686378800077364,space,0.19962369999848306,,,,,,,,,,,,,,,,,,,,062000,001,2023-09-26_18h44.52.224,generalizability,2022.2.5,60.00726087796803,
bal,1_dim_sg.PNG,stems_all/1.PNG,stems_all/1_dim_sg.PNG,familiar,stems_all/1_dim_pl.PNG,stems_all/1_2.PNG,"[0.2, 0.2]","[0.35, 0.35]","[0.2, 0.22]","[0.2, -0.18]","[-0.2, -0.18]",,,,,,,,,,,,,0,0,0,0,,,,,,,,,,,,,,,,,,,39.93640840006992,40.63650530006271,41.38639220001642,41.38639220001642,41.38639220001642,41.38639220001642,41.38639220001642,41.436421400052495,41.88638769998215,41.88638769998215,41.88638769998215,41.88638769998215,41.88638769998215,41.88638769998215,balnem,return,2.903014999930747,44.819803500082344,45.6364488999825,062000,001,2023-09-26_18h44.52.224,generalizability,2022.2.5,60.00726087796803,
shinti,14_dim_pl.PNG,stems_all/14.PNG,stems_all/14_dim_pl.PNG,novel,stems_all/14_dim_sg.PNG,stems_all/14_2.PNG,"[0.2, 0.2]","[0.35, 0.35]","[0.2, -0.18]","[0.2, 0.22]","[-0.2, -0.18]",,,,,,,,,,,,,0,1,1,10,,,,,,,,,,,,,,,,,,,45.6364488999825,46.303156699985266,47.0531547999708,47.0531547999708,47.0531547999708,47.0531547999708,47.0531547999708,47.136534800054505,47.55316200002562,47.55316200002562,47.55316200002562,47.55316200002562,47.55316200002562,47.55316200002562,shintinem,return,2.0803053999552503,49.65320130006876,50.41984960006084,062000,001,2023-09-26_18h44.52.224,generalizability,2022.2.5,60.00726087796803,
berko,2_2.PNG,stems_all/2.PNG,stems_all/2_2.PNG,familiar,stems_all/2_dim_sg.PNG,stems_all/2_dim_pl.PNG,"[0.35, 0.35]","[0.2, 0.2]","[-0.2, -0.18]","[0.2, 0.22]","[0.2, -0.18]",,,,,,,,,,,,,0,2,2,13,,,,,,,,,,,,,,,,,,,50.41984960006084,51.13655340007972,51.88656600005925,51.88656600005925,51.88656600005925,51.88656600005925,51.88656600005925,51.919973900076,52.386536200065166,52.386536200065166,52.386536200065166,52.386536200065166,52.386536200065166,52.386536200065166,berkodan,return,2.260107700014487,54.669934800011106,55.436575400060974,062000,001,2023-09-26_18h44.52.224,generalizability,2022.2.5,60.00726087796803,
,,,,,,,,,,,,,,,,,,,,,,,,,,,,,,,,,,,,,,,,,,,,,,55.436575400060974,56.15327340003569,56.90330480004195,56.90330480004195,56.90330480004195,56.90330480004195,56.90330480004195,56.93664159998298,,,,,,,,,,,,,,,,,,
