﻿begin_text.started,key_resp_11.started,key_resp_11.keys,key_resp_11.rt,consent_image.started,text_10.started,consent_resp.started,consent_resp.keys,consent_resp.rt,demographic_instr.started,text_9.started,key_resp_3.started,key_resp_3.keys,key_resp_3.rt,age_text.started,textbox.started,key_resp_5.started,text_3.started,textbox.text,key_resp_5.keys,key_resp_5.rt,age_text_2.started,textbox_2.started,key_resp_6.started,text_4.started,textbox_2.text,key_resp_6.keys,key_resp_6.rt,age_text_3.started,textbox_3.started,key_resp_7.started,text_5.started,textbox_3.text,key_resp_7.keys,key_resp_7.rt,age_text_5.started,textbox_5.started,key_resp_9.started,text_7.started,textbox_5.text,key_resp_9.keys,key_resp_9.rt,age_text_6.started,textbox_6.started,key_resp_10.started,text_8.started,textbox_6.text,key_resp_10.keys,key_resp_10.rt,age_text_4.started,textbox_4.started,key_resp_8.started,text_6.started,textbox_4.text,key_resp_8.keys,key_resp_8.rt,instructions_text.started,key_resp_4.started,key_resp_4.keys,key_resp_4.rt,experiment_start.started,experiment_start_resp.started,experiment_start_resp.keys,experiment_start_resp.rt,participant,session,date,expName,psychopyVersion,frameRate,
8.622362500056624,8.622362500056624,space,0.4712484000483528,,,,,,,,,,,,,,,,,,,,,,,,,,,,,,,,,,,,,,,,,,,,,,,,,,,,,,,,,,,,,123907,001,2023-08-25_14h55.56.493,Recognizability_SONA,2022.2.5,60.005496489447054,
,,,,9.118481300014537,9.118481300014537,9.118481300014537,space,0.6333001999882981,,,,,,,,,,,,,,,,,,,,,,,,,,,,,,,,,,,,,,,,,,,,,,,,,,,,,,,,123907,001,2023-08-25_14h55.56.493,Recognizability_SONA,2022.2.5,60.005496489447054,
,,,,,,,,,9.785092400037684,9.785092400037684,9.785092400037684,space,0.4587754000094719,,,,,,,,,,,,,,,,,,,,,,,,,,,,,,,,,,,,,,,,,,,,,,,,,,,123907,001,2023-08-25_14h55.56.493,Recognizability_SONA,2022.2.5,60.005496489447054,
,,,,,,,,,,,,,,10.268426800030284,10.268426800030284,10.268426800030284,10.268426800030284,,tab,0.23356459999922663,,,,,,,,,,,,,,,,,,,,,,,,,,,,,,,,,,,,,,,,,,,,123907,001,2023-08-25_14h55.56.493,Recognizability_SONA,2022.2.5,60.005496489447054,
,,,,,,,,,,,,,,,,,,,,,10.535129900032189,10.535129900032189,10.535129900032189,10.535129900032189,,tab,0.1358279999694787,,,,,,,,,,,,,,,,,,,,,,,,,,,,,,,,,,,,,123907,001,2023-08-25_14h55.56.493,Recognizability_SONA,2022.2.5,60.005496489447054,
,,,,,,,,,,,,,,,,,,,,,,,,,,,,10.701765200006776,10.701765200006776,10.701765200006776,10.701765200006776,,tab,0.12722299998858944,,,,,,,,,,,,,,,,,,,,,,,,,,,,,,123907,001,2023-08-25_14h55.56.493,Recognizability_SONA,2022.2.5,60.005496489447054,
,,,,,,,,,,,,,,,,,,,,,,,,,,,,,,,,,,,10.851788800035138,10.851788800035138,10.851788800035138,10.851788800035138,,tab,0.13326009997399524,,,,,,,,,,,,,,,,,,,,,,,123907,001,2023-08-25_14h55.56.493,Recognizability_SONA,2022.2.5,60.005496489447054,
,,,,,,,,,,,,,,,,,,,,,,,,,,,,,,,,,,,,,,,,,,11.001795400050469,11.001795400050469,11.001795400050469,11.001795400050469,,tab,0.2913037000107579,,,,,,,,,,,,,,,,123907,001,2023-08-25_14h55.56.493,Recognizability_SONA,2022.2.5,60.005496489447054,
,,,,,,,,,,,,,,,,,,,,,,,,,,,,,,,,,,,,,,,,,,,,,,,,,11.318444600037765,11.318444600037765,11.318444600037765,11.318444600037765,,tab,0.23372019996168092,,,,,,,,,123907,001,2023-08-25_14h55.56.493,Recognizability_SONA,2022.2.5,60.005496489447054,
,,,,,,,,,,,,,,,,,,,,,,,,,,,,,,,,,,,,,,,,,,,,,,,,,,,,,,,,11.585843800043222,11.585843800043222,space,0.2844000000040978,,,,,123907,001,2023-08-25_14h55.56.493,Recognizability_SONA,2022.2.5,60.005496489447054,
,,,,,,,,,,,,,,,,,,,,,,,,,,,,,,,,,,,,,,,,,,,,,,,,,,,,,,,,,,,,11.90188910003053,11.90188910003053,space,0.46051540004555136,123907,001,2023-08-25_14h55.56.493,Recognizability_SONA,2022.2.5,60.005496489447054,
