﻿select_condition,stem,suffix,label,stem_filename,file,filepath,image_size,demo_info.thisRepN,demo_info.thisTrialN,demo_info.thisN,demo_info.thisIndex,pretraining_plus_test.thisRepN,pretraining_plus_test.thisTrialN,pretraining_plus_test.thisN,pretraining_plus_test.thisIndex,which_condition.thisRepN,which_condition.thisTrialN,which_condition.thisN,which_condition.thisIndex,training_block.thisRepN,training_block.thisTrialN,training_block.thisN,training_block.thisIndex,pretraining,condition,begin_text.started,key_resp_11.started,key_resp_11.keys,key_resp_11.rt,instructions_text.started,key_resp_4.started,key_resp_4.keys,key_resp_4.rt,experiment_start.started,experiment_start_resp.started,experiment_start_resp.keys,experiment_start_resp.rt,image.started,text_11.started,textbox_7.started,key_resp_18.started,textbox_7.text,key_resp_18.keys,key_resp_18.rt,image_8.started,text_17.started,textbox_8.started,image_8.stopped,text_17.stopped,textbox_8.stopped,participant,session,date,expName,psychopyVersion,frameRate,
,,,,,,,,,,,,,,,,,,,,,,,,0,4,9.850087499944493,9.850087499944493,space,0.8338637999258935,,,,,,,,,,,,,,,,,,,,,,128014,001,2023-09-25_00h35.26.948,generalizability,2022.2.5,60.0073689051258,
,,,,,,,,,,,,,,,,,,,,,,,,,,,,,,10.732938900007866,10.732938900007866,space,0.46811020001769066,,,,,,,,,,,,,,,,,,128014,001,2023-09-25_00h35.26.948,generalizability,2022.2.5,60.0073689051258,
,,,,,,,,,,,,,,,,,,,,,,,,,,,,,,,,,,11.232653700048104,11.232653700048104,space,0.44549640000332147,,,,,,,,,,,,,,128014,001,2023-09-25_00h35.26.948,generalizability,2022.2.5,60.0073689051258,
Condition4.csv,berko,dan,berkodan,2,5_2.PNG,stems_all/5_2.PNG,"[0.35, 0.35]",,,,,,,,,0,0,0,0,0,0,0,16,,,,,,,,,,,,,,,11.932635099976324,11.932635099976324,11.932635099976324,11.932635099976324,berkodan,n,1.6379285000730306,13.61597309994977,13.61597309994977,13.61597309994977,14.615988299949095,14.615988299949095,14.615988299949095,128014,001,2023-09-25_00h35.26.948,generalizability,2022.2.5,60.0073689051258,
Condition4.csv,bal,shoon,balshoon,1,1_dim_sg.PNG,stems_all/1_dim_sg.PNG,"[0.2, 0.2]",,,,,,,,,0,0,0,0,0,1,1,27,,,,,,,,,,,,,,,14.849350100033917,14.849350100033917,14.849350100033917,14.849350100033917,balshoon,n,1.2898168000392616,16.18267480004579,16.18267480004579,16.18267480004579,17.199427200015634,17.199427200015634,17.199427200015634,128014,001,2023-09-25_00h35.26.948,generalizability,2022.2.5,60.0073689051258,
Condition4.csv,kudom,nem,kudomnem,8,2_dim_sg.PNG,stems_all/2_dim_sg.PNG,"[0.2, 0.2]",,,,,,,,,0,0,0,0,0,2,2,7,,,,,,,,,,,,,,,17.41609650000464,17.41609650000464,17.41609650000464,17.41609650000464,kudomnem,m,2.205829300102778,19.666076299967244,19.666076299967244,19.666076299967244,20.68276049999986,20.68276049999986,20.68276049999986,128014,001,2023-09-25_00h35.26.948,generalizability,2022.2.5,60.0073689051258,
Condition4.csv,berko,sil,berkosil,2,2_2.PNG,stems_all/2_2.PNG,"[0.35, 0.35]",,,,,,,,,0,0,0,0,0,3,3,25,,,,,,,,,,,,,,,20.899416900007054,20.899416900007054,20.899416900007054,20.899416900007054,berkosil,l,1.1160756000317633,22.04939539998304,22.04939539998304,22.04939539998304,23.066078900010325,23.066078900010325,23.066078900010325,128014,001,2023-09-25_00h35.26.948,generalizability,2022.2.5,60.0073689051258,
Condition4.csv,berko,dan,berkodan,2,8_2.PNG,stems_all/8_2.PNG,"[0.35, 0.35]",,,,,,,,,0,0,0,0,0,4,4,19,,,,,,,,,,,,,,,23.28275669994764,23.28275669994764,23.28275669994764,23.28275669994764,berkodan,n,1.3073004999896511,24.632759299944155,24.632759299944155,24.632759299944155,25.63280489994213,25.63280489994213,25.63280489994213,128014,001,2023-09-25_00h35.26.948,generalizability,2022.2.5,60.0073689051258,
,,,,,,,,,,,,,,,,,,,,,,,,,,,,,,,,,,,,,,25.866133700008504,25.866133700008504,25.866133700008504,25.866133700008504,balnem,m,4.423172599985264,30.332828899961896,30.332828899961896,30.332828899961896,,,,,,,,,,
