﻿stem,label,filepath,image_size,demo_info.thisRepN,demo_info.thisTrialN,demo_info.thisN,demo_info.thisIndex,pretraining_plus_test.thisRepN,pretraining_plus_test.thisTrialN,pretraining_plus_test.thisN,pretraining_plus_test.thisIndex,pretraining_loop.thisRepN,pretraining_loop.thisTrialN,pretraining_loop.thisN,pretraining_loop.thisIndex,pretraining,condition,begin_text.started,key_resp_11.started,key_resp_11.keys,key_resp_11.rt,instructions_text.started,key_resp_4.started,key_resp_4.keys,key_resp_4.rt,experiment_start.started,experiment_start_resp.started,experiment_start_resp.keys,experiment_start_resp.rt,text_23.started,key_resp_24.started,key_resp_24.keys,key_resp_24.rt,image_5.started,text_19.started,textbox_9.started,key_resp_20.started,textbox_9.text,key_resp_20.keys,key_resp_20.rt,image_4.started,text_18.started,image_4.stopped,text_18.stopped,participant,session,date,expName,psychopyVersion,frameRate,
,,,,,,,,,,,,,,,,0,1,9.665185499936342,9.665185499936342,space,1.1289634000277147,,,,,,,,,,,,,,,,,,,,,,,,128959,001,2023-09-25_00h32.26.191,generalizability,2022.2.5,59.99556032266788,
,,,,,,,,,,,,,,,,,,,,,,10.830819799914025,10.830819799914025,space,0.3113811000948772,,,,,,,,,,,,,,,,,,,,128959,001,2023-09-25_00h32.26.191,generalizability,2022.2.5,59.99556032266788,
,,,,,,,,,,,,,,,,,,,,,,,,,,11.164113499922678,11.164113499922678,space,0.5122065000468865,,,,,,,,,,,,,,,,128959,001,2023-09-25_00h32.26.191,generalizability,2022.2.5,59.99556032266788,
bal,bal,stems_all/1.PNG,"[0.35, 0.35]",,,,,0,0,0,0,0,0,0,0,,,,,,,,,,,,,,,11.697513499995694,11.697513499995694,return,0.8039981999900192,12.76418219995685,12.76418219995685,12.76418219995685,12.76418219995685,bal,l,1.1606670999899507,13.964180699898861,13.964180699898861,14.98085519997403,14.98085519997403,128959,001,2023-09-25_00h32.26.191,generalizability,2022.2.5,59.99556032266788,
osto,osto,stems_all/9.PNG,"[0.35, 0.35]",,,,,0,0,0,0,0,1,1,8,,,,,,,,,,,,,,,,,,,14.98085519997403,14.98085519997403,14.98085519997403,14.98085519997403,osto,o,1.6895788999972865,16.714193199994043,16.714193199994043,17.73086029989645,17.73086029989645,128959,001,2023-09-25_00h32.26.191,generalizability,2022.2.5,59.99556032266788,
,,,,,,,,,,,,,,,,,,,,,,,,,,,,,,,,,,17.73086029989645,17.73086029989645,17.73086029989645,17.73086029989645,kora,a,3.4726081000408158,21.247608399949968,21.247608399949968,,,,,,,,,
