﻿which_condition.thisRepN,which_condition.thisTrialN,which_condition.thisN,which_condition.thisIndex,production_block.thisRepN,production_block.thisTrialN,production_block.thisN,production_block.thisIndex,prod_label,file,prod_image,prod_condition,begin_text.started,key_resp_11.started,key_resp_11.keys,key_resp_11.rt,consent_image.started,text_10.started,consent_resp.started,consent_resp.keys,consent_resp.rt,demographic_instr.started,text_9.started,key_resp_3.started,key_resp_3.keys,key_resp_3.rt,age_text.started,textbox.started,key_resp_5.started,text_3.started,textbox.text,key_resp_5.keys,key_resp_5.rt,age_text_2.started,textbox_2.started,key_resp_6.started,text_4.started,textbox_2.text,key_resp_6.keys,key_resp_6.rt,age_text_3.started,textbox_3.started,key_resp_7.started,text_5.started,textbox_3.text,key_resp_7.keys,key_resp_7.rt,age_text_5.started,textbox_5.started,key_resp_9.started,text_7.started,textbox_5.text,key_resp_9.keys,key_resp_9.rt,age_text_6.started,textbox_6.started,key_resp_10.started,text_8.started,textbox_6.text,key_resp_10.keys,key_resp_10.rt,age_text_4.started,textbox_4.started,key_resp_8.started,text_6.started,textbox_4.text,key_resp_8.keys,key_resp_8.rt,instructions_text.started,key_resp_4.started,key_resp_4.keys,key_resp_4.rt,experiment_start.started,experiment_start_resp.started,experiment_start_resp.keys,experiment_start_resp.rt,instr.started,key_resp_14.started,key_resp_14.keys,key_resp_14.rt,participant,session,date,expName,psychopyVersion,frameRate,
,,,,,,,,,,,,8.979887299996335,8.979887299996335,space,0.4374103000154719,,,,,,,,,,,,,,,,,,,,,,,,,,,,,,,,,,,,,,,,,,,,,,,,,,,,,,,,,,,,,,,,,175288,001,2023-08-25_15h51.51.976,Recognizability_SONA,2022.2.5,60.01781330384886,
,,,,,,,,,,,,,,,,9.445620599959511,9.445620599959511,9.445620599959511,space,0.5498006999841891,,,,,,,,,,,,,,,,,,,,,,,,,,,,,,,,,,,,,,,,,,,,,,,,,,,,,,,,,,,,175288,001,2023-08-25_15h51.51.976,Recognizability_SONA,2022.2.5,60.01781330384886,
,,,,,,,,,,,,,,,,,,,,,10.028965800011065,10.028965800011065,10.028965800011065,space,0.7636206999886781,,,,,,,,,,,,,,,,,,,,,,,,,,,,,,,,,,,,,,,,,,,,,,,,,,,,,,,175288,001,2023-08-25_15h51.51.976,Recognizability_SONA,2022.2.5,60.01781330384886,
,,,,,,,,,,,,,,,,,,,,,,,,,,10.812293099996168,10.812293099996168,10.812293099996168,10.812293099996168, ,tab,0.4013899000128731,,,,,,,,,,,,,,,,,,,,,,,,,,,,,,,,,,,,,,,,,,,,,,,,175288,001,2023-08-25_15h51.51.976,Recognizability_SONA,2022.2.5,60.01781330384886,
,,,,,,,,,,,,,,,,,,,,,,,,,,,,,,,,,11.245600999973249,11.245600999973249,11.245600999973249,11.245600999973249,,tab,0.13312929996754974,,,,,,,,,,,,,,,,,,,,,,,,,,,,,,,,,,,,,,,,,175288,001,2023-08-25_15h51.51.976,Recognizability_SONA,2022.2.5,60.01781330384886,
,,,,,,,,,,,,,,,,,,,,,,,,,,,,,,,,,,,,,,,,11.395641000010073,11.395641000010073,11.395641000010073,11.395641000010073,,tab,0.14811270002974197,,,,,,,,,,,,,,,,,,,,,,,,,,,,,,,,,,175288,001,2023-08-25_15h51.51.976,Recognizability_SONA,2022.2.5,60.01781330384886,
,,,,,,,,,,,,,,,,,,,,,,,,,,,,,,,,,,,,,,,,,,,,,,,11.562308599997777,11.562308599997777,11.562308599997777,11.562308599997777,,tab,0.1514884999487549,,,,,,,,,,,,,,,,,,,,,,,,,,,175288,001,2023-08-25_15h51.51.976,Recognizability_SONA,2022.2.5,60.01781330384886,
,,,,,,,,,,,,,,,,,,,,,,,,,,,,,,,,,,,,,,,,,,,,,,,,,,,,,,11.74560779996682,11.74560779996682,11.74560779996682,11.74560779996682,,tab,0.1232251999899745,,,,,,,,,,,,,,,,,,,,175288,001,2023-08-25_15h51.51.976,Recognizability_SONA,2022.2.5,60.01781330384886,
,,,,,,,,,,,,,,,,,,,,,,,,,,,,,,,,,,,,,,,,,,,,,,,,,,,,,,,,,,,,,11.895632600004319,11.895632600004319,11.895632600004319,11.895632600004319,,tab,0.14224029995966703,,,,,,,,,,,,,175288,001,2023-08-25_15h51.51.976,Recognizability_SONA,2022.2.5,60.01781330384886,
,,,,,,,,,,,,,,,,,,,,,,,,,,,,,,,,,,,,,,,,,,,,,,,,,,,,,,,,,,,,,,,,,,,,12.062314399983734,12.062314399983734,space,2.143057700013742,,,,,,,,,175288,001,2023-08-25_15h51.51.976,Recognizability_SONA,2022.2.5,60.01781330384886,
,,,,,,,,,,,,,,,,,,,,,,,,,,,,,,,,,,,,,,,,,,,,,,,,,,,,,,,,,,,,,,,,,,,,,,,,14.229031599999871,14.229031599999871,space,0.6304837000207044,,,,,175288,001,2023-08-25_15h51.51.976,Recognizability_SONA,2022.2.5,60.01781330384886,
,,,,,,,,,,,,,,,,,,,,,,,,,,,,,,,,,,,,,,,,,,,,,,,,,,,,,,,,,,,,,,,,,,,,,,,,,,,,14.879010599979665,14.879010599979665,space,10.878943599993363,175288,001,2023-08-25_15h51.51.976,Recognizability_SONA,2022.2.5,60.01781330384886,
