﻿stem,label1,suffix1,label2,suffix2,comp_image,comp_condition_stem,comp_condition_suffix,image1,comp_image_size,alt_image1,alt_image2,comp_image_location,alt_image1_location,alt_image2_location,alt_image1_size,alt_image2_size,demo_info.thisRepN,demo_info.thisTrialN,demo_info.thisN,demo_info.thisIndex,pretraining_plus_test.thisRepN,pretraining_plus_test.thisTrialN,pretraining_plus_test.thisN,pretraining_plus_test.thisIndex,which_condition.thisRepN,which_condition.thisTrialN,which_condition.thisN,which_condition.thisIndex,production_block.thisRepN,production_block.thisTrialN,production_block.thisN,production_block.thisIndex,forced_choice_block.thisRepN,forced_choice_block.thisTrialN,forced_choice_block.thisN,forced_choice_block.thisIndex,pretraining,condition,begin_text.started,key_resp_11.started,key_resp_11.keys,key_resp_11.rt,instructions_text.started,key_resp_4.started,key_resp_4.keys,key_resp_4.rt,experiment_start.started,experiment_start_resp.started,experiment_start_resp.keys,experiment_start_resp.rt,instr.started,key_resp_14.started,key_resp_14.keys,key_resp_14.rt,text_13.started,key_resp_17.started,key_resp_17.keys,key_resp_17.rt,comp_label1_location,comp_label2_location,first_image.started,text_16.started,image_comp.started,text_14.started,label_right.started,key_resp_16.started,text_15.started,text_16.stopped,image_9.started,image_10.started,image_9.stopped,image_10.stopped,first_image.stopped,key_resp_16.keys,key_resp_16.rt,text_25.started,text_25.stopped,participant,session,date,expName,psychopyVersion,frameRate,
,,,,,,,,,,,,,,,,,,,,,,,,,,,,,,,,,,,,,0,4,8.061214399989694,8.061214399989694,space,0.4139396999962628,,,,,,,,,,,,,,,,,,,,,,,,,,,,,,,,,,,,181348,001,2023-09-26_18h45.38.980,generalizability,2022.2.5,59.976956831332714,
,,,,,,,,,,,,,,,,,,,,,,,,,,,,,,,,,,,,,,,,,,,8.509984300006181,8.509984300006181,space,0.19721720006782562,,,,,,,,,,,,,,,,,,,,,,,,,,,,,,,,181348,001,2023-09-26_18h45.38.980,generalizability,2022.2.5,59.976956831332714,
,,,,,,,,,,,,,,,,,,,,,,,,,,,,,,,,,,,,,,,,,,,,,,,8.72663609997835,8.72663609997835,space,0.427681399974972,,,,,,,,,,,,,,,,,,,,,,,,,,,,181348,001,2023-09-26_18h45.38.980,generalizability,2022.2.5,59.976956831332714,
,,,,,,,,,,,,,,,,,,,,,,,,,,,,,,,,,,,,,,,,,,,,,,,,,,,9.176808299962431,9.176808299962431,space,0.44457940000575036,,,,,,,,,,,,,,,,,,,,,,,,181348,001,2023-09-26_18h45.38.980,generalizability,2022.2.5,59.976956831332714,
,,,,,,,,,,,,,,,,,,,,,,,,,,,,,,,,,,,,,,,,,,,,,,,,,,,,,,,9.643274100031704,9.643274100031704,space,0.6692930000135675,,,,,,,,,,,,,,,,,,,,181348,001,2023-09-26_18h45.38.980,generalizability,2022.2.5,59.976956831332714,
bassi,bassidan,dan,bassisil,sil,stems_all/16_2.PNG,novel,big,stems_all/16.PNG,"[0.35, 0.35]",stems_all/16_dim_sg.PNG,stems_all/16_dim_pl.PNG,"[-0.2, -0.2]","[0.2, 0.2]","[0.2, -0.2]","[0.2, 0.2]","[0.2, 0.2]",,,,,,,,,,,,,,,,,0,0,0,39,,,,,,,,,,,,,,,,,,,,,,,right,left,10.376670800033025,11.076663300045766,11.826628000009805,11.826628000009805,11.826628000009805,11.826628000009805,11.826628000009805,11.826628000009805,11.826628000009805,11.826628000009805,12.326639499980956,12.326639499980956,12.376678499975242,right,3.3140190000412986,15.160160499974154,15.910018100054003,181348,001,2023-09-26_18h45.38.980,generalizability,2022.2.5,59.976956831332714,
,,,,,,,,,,,,,,,,,,,,,,,,,,,,,,,,,,,,,,,,,,,,,,,,,,,,,,,,,,,right,left,15.910018100054003,16.643405899987556,17.393441800028086,17.393441800028086,17.393441800028086,17.393441800028086,17.393441800028086,17.393441800028086,17.393441800028086,17.393441800028086,17.89347250002902,17.89347250002902,17.91013740003109,right,2.6953125,20.11011510004755,,,,,,,,
