﻿demo_info.thisRepN,demo_info.thisTrialN,demo_info.thisN,demo_info.thisIndex,which_condition.thisRepN,which_condition.thisTrialN,which_condition.thisN,which_condition.thisIndex,select_condition,training_block.thisRepN,training_block.thisTrialN,training_block.thisN,training_block.thisIndex,stem,suffix,label,stem_filename,file,filepath,image_size,begin_text.started,key_resp_11.started,key_resp_11.keys,key_resp_11.rt,instructions_text.started,key_resp_4.started,key_resp_4.keys,key_resp_4.rt,experiment_start.started,experiment_start_resp.started,experiment_start_resp.keys,experiment_start_resp.rt,image.started,text_11.started,textbox_7.started,key_resp_18.started,text_17.started,participant,session,date,expName,psychopyVersion,frameRate,
,,,,,,,,,,,,,,,,,,,,24.968558500055224,24.968558500055224,space,0.5367804999696091,,,,,,,,,,,,,,188947,001,2023-09-21_14h20.51.478,Recognizability_SONA,2022.2.5,60.00175205053061,
,,,,,,,,,,,,,,,,,,,,,,,,25.551004500011913,25.551004500011913,space,0.5754626000998542,,,,,,,,,,188947,001,2023-09-21_14h20.51.478,Recognizability_SONA,2022.2.5,60.00175205053061,
,,,,,,,,,,,,,,,,,,,,,,,,,,,,26.15101989998948,26.15101989998948,space,0.5485787999350578,,,,,,188947,001,2023-09-21_14h20.51.478,Recognizability_SONA,2022.2.5,60.00175205053061,
,,,,,,,,,,,,,,,,,,,,,,,,,,,,,,,,26.951048900024034,26.951048900024034,26.951048900024034,26.951048900024034,26.951048900024034,,,,,,,
