﻿stem,label1,suffix1,label2,suffix2,comp_image,comp_condition_stem,comp_condition_suffix,image1,comp_image_size,alt_image1,alt_image2,comp_image_location,alt_image1_location,alt_image2_location,alt_image1_size,alt_image2_size,demo_info.thisRepN,demo_info.thisTrialN,demo_info.thisN,demo_info.thisIndex,pretraining_plus_test.thisRepN,pretraining_plus_test.thisTrialN,pretraining_plus_test.thisN,pretraining_plus_test.thisIndex,which_condition.thisRepN,which_condition.thisTrialN,which_condition.thisN,which_condition.thisIndex,production_block.thisRepN,production_block.thisTrialN,production_block.thisN,production_block.thisIndex,forced_choice_block.thisRepN,forced_choice_block.thisTrialN,forced_choice_block.thisN,forced_choice_block.thisIndex,pretraining,condition,begin_text.started,key_resp_11.started,key_resp_11.keys,key_resp_11.rt,instructions_text.started,key_resp_4.started,key_resp_4.keys,key_resp_4.rt,experiment_start.started,experiment_start_resp.started,experiment_start_resp.keys,experiment_start_resp.rt,instr.started,key_resp_14.started,key_resp_14.keys,key_resp_14.rt,text_13.started,key_resp_17.started,key_resp_17.keys,key_resp_17.rt,comp_label1_location,comp_label2_location,first_image.started,text_16.started,image_comp.started,text_14.started,label_right.started,key_resp_16.started,text_15.started,text_16.stopped,image_9.started,image_10.started,image_9.stopped,image_10.stopped,first_image.stopped,image_comp.stopped,text_14.stopped,label_right.stopped,key_resp_16.stopped,text_15.stopped,key_resp_16.keys,ISI.started,participant,session,date,expName,psychopyVersion,frameRate,
,,,,,,,,,,,,,,,,,,,,,,,,,,,,,,,,,,,,,0,6,8.446547999978065,8.446547999978065,space,0.34450950007885695,,,,,,,,,,,,,,,,,,,,,,,,,,,,,,,,,,,,,,,202711,001,2023-09-26_18h18.01.585,generalizability,2022.2.5,60.01197838428649,
,,,,,,,,,,,,,,,,,,,,,,,,,,,,,,,,,,,,,,,,,,,8.82880010001827,8.82880010001827,space,0.1592710999539122,,,,,,,,,,,,,,,,,,,,,,,,,,,,,,,,,,,202711,001,2023-09-26_18h18.01.585,generalizability,2022.2.5,60.01197838428649,
,,,,,,,,,,,,,,,,,,,,,,,,,,,,,,,,,,,,,,,,,,,,,,,9.01210930000525,9.01210930000525,space,0.16297289996873587,,,,,,,,,,,,,,,,,,,,,,,,,,,,,,,202711,001,2023-09-26_18h18.01.585,generalizability,2022.2.5,60.01197838428649,
,,,,,,,,,,,,,,,,,,,,,,,,,,,,,,,,,,,,,,,,,,,,,,,,,,,9.195420900010504,9.195420900010504,space,3.9896252000471577,,,,,,,,,,,,,,,,,,,,,,,,,,,202711,001,2023-09-26_18h18.01.585,generalizability,2022.2.5,60.01197838428649,
,,,,,,,,,,,,,,,,,,,,,,,,,,,,,,,,,,,,,,,,,,,,,,,,,,,,,,,13.212129299994558,13.212129299994558,space,1.086125100031495,,,,,,,,,,,,,,,,,,,,,,,202711,001,2023-09-26_18h18.01.585,generalizability,2022.2.5,60.01197838428649,
bal,baldan,dan,balnem,nem,stems_all/1_dim_pl.PNG,familiar,dim_pl,stems_all/1.PNG,"[0.2, 0.2]",stems_all/1_2.PNG,stems_all/1_dim_sg.PNG,"[0.2, -0.2]","[-0.2, -0.2]","[0.2, 0.2]","[0.35, 0.35]","[0.2, 0.2]",,,,,,,,,,,,,,,,,0,0,0,0,,,,,,,,,,,,,,,,,,,,,,,left,right,14.345528300036676,15.062220599967986,15.812165700015612,15.812165700015612,15.812165700015612,15.812165700015612,15.812165700015612,15.812165700015612,15.812165700015612,15.812165700015612,16.312208199989982,16.312208199989982,16.345531299943104,25.81232380005531,25.81232380005531,25.81232380005531,25.81232380005531,25.81232380005531,None,-0.0003328999737277627,202711,001,2023-09-26_18h18.01.585,generalizability,2022.2.5,60.01197838428649,
,,,,,,,,,,,,,,,,,,,,,,,,,,,,,,,,,,,,,,,,,,,,,,,,,,,,,,,,,,,right,left,26.629907399998046,,,,,,,,,,,,,,,,,,,,,,,,,,
