﻿select_condition,stem,suffix,label,stem_filename,file,filepath,image_size,demo_info.thisRepN,demo_info.thisTrialN,demo_info.thisN,demo_info.thisIndex,pretraining_plus_test.thisRepN,pretraining_plus_test.thisTrialN,pretraining_plus_test.thisN,pretraining_plus_test.thisIndex,which_condition.thisRepN,which_condition.thisTrialN,which_condition.thisN,which_condition.thisIndex,training_block.thisRepN,training_block.thisTrialN,training_block.thisN,training_block.thisIndex,pretraining,condition,begin_text.started,key_resp_11.started,key_resp_11.keys,key_resp_11.rt,consent_image.started,text_10.started,consent_resp.started,consent_resp.keys,consent_resp.rt,demographic_instr.started,text_9.started,key_resp_3.started,key_resp_3.keys,key_resp_3.rt,age_text.started,textbox.started,key_resp_5.started,text_3.started,textbox.text,key_resp_5.keys,key_resp_5.rt,age_text_2.started,textbox_2.started,key_resp_6.started,text_4.started,textbox_2.text,key_resp_6.keys,key_resp_6.rt,age_text_3.started,textbox_3.started,key_resp_7.started,text_5.started,textbox_3.text,key_resp_7.keys,key_resp_7.rt,age_text_5.started,textbox_5.started,key_resp_9.started,text_7.started,textbox_5.text,key_resp_9.keys,key_resp_9.rt,age_text_6.started,textbox_6.started,key_resp_10.started,text_8.started,textbox_6.text,key_resp_10.keys,key_resp_10.rt,age_text_4.started,textbox_4.started,key_resp_8.started,text_6.started,textbox_4.text,key_resp_8.keys,key_resp_8.rt,instructions_text.started,key_resp_4.started,key_resp_4.keys,key_resp_4.rt,experiment_start.started,experiment_start_resp.started,experiment_start_resp.keys,experiment_start_resp.rt,image.started,text_11.started,textbox_7.started,key_resp_18.started,textbox_7.text,key_resp_18.keys,key_resp_18.rt,image_8.started,text_17.started,textbox_8.started,image_8.stopped,text_17.stopped,textbox_8.stopped,ISI.started,participant,session,date,expName,psychopyVersion,frameRate,
,,,,,,,,,,,,,,,,,,,,,,,,0,6,8.816200300003402,8.816200300003402,space,0.4630387999350205,,,,,,,,,,,,,,,,,,,,,,,,,,,,,,,,,,,,,,,,,,,,,,,,,,,,,,,,,,,,,,,,,,,,,,,,,,,207474,001,2023-09-26_18h05.55.561,generalizability,2022.2.5,59.9892978976008,
,,,,,,,,0,0,0,0,,,,,,,,,,,,,,,,,,,9.298533500055782,9.298533500055782,9.298533500055782,space,0.5547154999803752,9.898517500027083,9.898517500027083,9.898517500027083,space,0.40883620001841336,10.331871200003661,10.331871200003661,10.331871200003661,10.331871200003661, ,return,0.462590100010857,10.815186899970286,10.815186899970286,10.815186899970286,10.815186899970286,"
",return,0.18333879997953773,11.015213400009088,11.015213400009088,11.015213400009088,11.015213400009088,"
",return,0.16335430007893592,11.198549199965782,11.198549199965782,11.198549199965782,11.198549199965782,"
",return,0.13203590002376586,11.348574200063013,11.348574200063013,11.348574200063013,11.348574200063013,"
",return,0.1570423999801278,11.531867500045337,11.531867500045337,11.531867500045337,11.531867500045337,"
",return,0.2688221000134945,,,,,,,,,,,,,,,,,,,,,,,207474,001,2023-09-26_18h05.55.561,generalizability,2022.2.5,59.9892978976008,
,,,,,,,,,,,,,,,,,,,,,,,,,,,,,,,,,,,,,,,,,,,,,,,,,,,,,,,,,,,,,,,,,,,,,,,,,,,,,,,,,,11.848574300063774,11.848574300063774,space,0.5982616000110283,,,,,,,,,,,,,,,,,,,207474,001,2023-09-26_18h05.55.561,generalizability,2022.2.5,59.9892978976008,
,,,,,,,,,,,,,,,,,,,,,,,,,,,,,,,,,,,,,,,,,,,,,,,,,,,,,,,,,,,,,,,,,,,,,,,,,,,,,,,,,,,,,,12.46525810007006,12.46525810007006,space,0.5767177999950945,,,,,,,,,,,,,,,207474,001,2023-09-26_18h05.55.561,generalizability,2022.2.5,59.9892978976008,
Condition6.csv,kora,sil,korasil,3,3_2.PNG,stems_all/3_2.PNG,"[0.35, 0.35]",,,,,,,,,0,0,0,0,0,0,0,17,,,,,,,,,,,,,,,,,,,,,,,,,,,,,,,,,,,,,,,,,,,,,,,,,,,,,,,,,,,,,,,,,,,13.298917000065558,13.798723099986091,13.798723099986091,13.798723099986091,korasil,l,1.2806880999123678,15.11565359996166,15.11565359996166,15.11565359996166,16.11528340005316,16.11528340005316,16.11528340005316,-0.0007118000648915768,207474,001,2023-09-26_18h05.55.561,generalizability,2022.2.5,59.9892978976008,
Condition6.csv,chool,nem,choolnem,7,7_dim_sg.PNG,stems_all/7_dim_sg.PNG,"[0.2, 0.2]",,,,,,,,,0,0,0,0,0,1,1,6,,,,,,,,,,,,,,,,,,,,,,,,,,,,,,,,,,,,,,,,,,,,,,,,,,,,,,,,,,,,,,,,,,,17.348617700044997,17.848861000034958,17.848861000034958,17.848861000034958,choolnem,m,2.1466577999526635,20.031962700071745,20.031962700071745,20.031962700071745,21.032013199990615,21.032013199990615,21.032013199990615,-0.0004599000094458461,207474,001,2023-09-26_18h05.55.561,generalizability,2022.2.5,59.9892978976008,
Condition6.csv,berko,shoon,berkoshoon,2,2_dim_sg.PNG,stems_all/2_dim_sg.PNG,"[0.2, 0.2]",,,,,,,,,0,0,0,0,0,2,2,19,,,,,,,,,,,,,,,,,,,,,,,,,,,,,,,,,,,,,,,,,,,,,,,,,,,,,,,,,,,,,,,,,,,22.26545199996326,22.76536069996655,22.76536069996655,22.76536069996655,berkoshoon,n,1.56216279999353,24.365355300018564,24.365355300018564,24.365355300018564,25.365400100010447,25.365400100010447,25.365400100010447,-0.00045119994319975376,207474,001,2023-09-26_18h05.55.561,generalizability,2022.2.5,59.9892978976008,
,,,,,,,,,,,,,,,,,,,,,,,,,,,,,,,,,,,,,,,,,,,,,,,,,,,,,,,,,,,,,,,,,,,,,,,,,,,,,,,,,,,,,,,,,,26.598898599972017,27.098800800042227,27.098800800042227,27.098800800042227,baninem,m,2.281868200050667,29.41541740007233,29.41541740007233,29.41541740007233,,,,,,,,,,,
