﻿stem,left_label,left_suffix,right_label,right_suffix,comp_image,comp_condition_stem,comp_condition_suffix,demo_info.thisRepN,demo_info.thisTrialN,demo_info.thisN,demo_info.thisIndex,which_condition.thisRepN,which_condition.thisTrialN,which_condition.thisN,which_condition.thisIndex,production_block.thisRepN,production_block.thisTrialN,production_block.thisN,production_block.thisIndex,comprehension_block.thisRepN,comprehension_block.thisTrialN,comprehension_block.thisN,comprehension_block.thisIndex,begin_text.started,key_resp_11.started,key_resp_11.keys,key_resp_11.rt,instructions_text.started,key_resp_4.started,key_resp_4.keys,key_resp_4.rt,experiment_start.started,experiment_start_resp.started,experiment_start_resp.keys,experiment_start_resp.rt,instr.started,key_resp_14.started,key_resp_14.keys,key_resp_14.rt,text_13.started,text_13.stopped,image_comp.started,text_14.started,label_right.started,key_resp_16.started,text_15.started,key_resp_16.keys,key_resp_16.rt,participant,session,date,expName,psychopyVersion,frameRate,
,,,,,,,,,,,,,,,,,,,,,,,,8.450805799977388,8.450805799977388,space,1.09264530002838,,,,,,,,,,,,,,,,,,,,,,208833,001,2023-08-26_16h36.08.167,Recognizability_SONA,2022.2.5,60.01021373930368,
,,,,,,,,,,,,,,,,,,,,,,,,,,,,9.583220499975141,9.583220499975141,space,0.3903046000050381,,,,,,,,,,,,,,,,,,208833,001,2023-08-26_16h36.08.167,Recognizability_SONA,2022.2.5,60.01021373930368,
,,,,,,,,,,,,,,,,,,,,,,,,,,,,,,,,9.999885600002017,9.999885600002017,space,0.35275179997552186,,,,,,,,,,,,,,208833,001,2023-08-26_16h36.08.167,Recognizability_SONA,2022.2.5,60.01021373930368,
,,,,,,,,,,,,,,,,,,,,,,,,,,,,,,,,,,,,10.383205199963413,10.383205199963413,space,0.3675210000365041,,,,,,,,,,208833,001,2023-08-26_16h36.08.167,Recognizability_SONA,2022.2.5,60.01021373930368,
kora,koradan,dan,koranem,nem,stems_all/3_dim_pl.PNG,familiar,dim_pl,,,,,,,,,,,,,0,0,0,2,,,,,,,,,,,,,,,,,10.783198299992364,11.799917500000447,12.016593299980741,12.016593299980741,12.016593299980741,12.016593299980741,12.016593299980741,left,2.0418640000279993,208833,001,2023-08-26_16h36.08.167,Recognizability_SONA,2022.2.5,60.01021373930368,
bal,balshoon,shoon,balnem,nem,stems_all/1_dim_sg.PNG,familiar,dim_sg,,,,,,,,,,,,,0,1,1,24,,,,,,,,,,,,,,,,,,,14.316595299984328,14.316595299984328,14.316595299984328,14.316595299984328,14.316595299984328,right,2.0433536000200547,208833,001,2023-08-26_16h36.08.167,Recognizability_SONA,2022.2.5,60.01021373930368,
kora,korasil,sil,koradan,dan,stems_all/3_2.PNG,familiar,big,,,,,,,,,,,,,0,2,2,38,,,,,,,,,,,,,,,,,,,16.616620299988426,16.616620299988426,16.616620299988426,16.616620299988426,16.616620299988426,left,2.8220258000073954,208833,001,2023-08-26_16h36.08.167,Recognizability_SONA,2022.2.5,60.01021373930368,
