﻿demo_info.thisRepN,demo_info.thisTrialN,demo_info.thisN,demo_info.thisIndex,which_condition.thisRepN,which_condition.thisTrialN,which_condition.thisN,which_condition.thisIndex,production_block.thisRepN,production_block.thisTrialN,production_block.thisN,production_block.thisIndex,comprehension_block.thisRepN,comprehension_block.thisTrialN,comprehension_block.thisN,comprehension_block.thisIndex,stem,left_label,left_suffix,right_label,right_suffix,comp_image,comp_condition_stem,comp_condition_suffix,begin_text.started,key_resp_11.started,key_resp_11.keys,key_resp_11.rt,instructions_text.started,key_resp_4.started,key_resp_4.keys,key_resp_4.rt,experiment_start.started,experiment_start_resp.started,experiment_start_resp.keys,experiment_start_resp.rt,instr.started,key_resp_14.started,key_resp_14.keys,key_resp_14.rt,text_13.started,text_13.stopped,image_comp.started,text_14.started,label_right.started,key_resp_16.started,text_15.started,participant,session,date,expName,psychopyVersion,frameRate,
,,,,,,,,,,,,,,,,,,,,,,,,8.951385999971535,8.951385999971535,space,2.520507900044322,,,,,,,,,,,,,,,,,,,,235004,001,2023-08-26_16h22.39.033,Recognizability_SONA,2022.2.5,60.00405629112097,
,,,,,,,,,,,,,,,,,,,,,,,,,,,,11.500551799952518,11.500551799952518,space,0.5620885000680573,,,,,,,,,,,,,,,,235004,001,2023-08-26_16h22.39.033,Recognizability_SONA,2022.2.5,60.00405629112097,
,,,,,,,,,,,,,,,,,,,,,,,,,,,,,,,,12.083923499973025,12.083923499973025,space,0.5958415000350215,,,,,,,,,,,,235004,001,2023-08-26_16h22.39.033,Recognizability_SONA,2022.2.5,60.00405629112097,
,,,,,,,,,,,,,,,,,,,,,,,,,,,,,,,,,,,,12.700601699994877,12.700601699994877,space,0.8093598000705242,,,,,,,,235004,001,2023-08-26_16h22.39.033,Recognizability_SONA,2022.2.5,60.00405629112097,
,,,,,,,,,,,,,,,,,,,,,,,,,,,,,,,,,,,,,,,,13.534000299987383,14.550630299956538,14.550630299956538,14.550630299956538,14.550630299956538,14.550630299956538,14.550630299956538,,,,,,,
