﻿select_condition,stem,suffix,label,stem_filename,file,filepath,demo_info.thisRepN,demo_info.thisTrialN,demo_info.thisN,demo_info.thisIndex,which_condition.thisRepN,which_condition.thisTrialN,which_condition.thisN,which_condition.thisIndex,training_block.thisRepN,training_block.thisTrialN,training_block.thisN,training_block.thisIndex,begin_text.started,key_resp_11.started,key_resp_11.keys,key_resp_11.rt,instructions_text.started,key_resp_4.started,key_resp_4.keys,key_resp_4.rt,experiment_start.started,experiment_start_resp.started,experiment_start_resp.keys,experiment_start_resp.rt,image.started,text_11.started,image.stopped,text_11.stopped,participant,session,date,expName,psychopyVersion,frameRate,
,,,,,,,,,,,,,,,,,,,10.467085000127554,10.467085000127554,space,1.5174198998138309,,,,,,,,,,,,,247648,001,2023-09-06_10h49.23.667,Recognizability_SONA,2022.2.5,60.00099601014786,
,,,,,,,,,,,,,,,,,,,,,,,12.032464300049469,12.032464300049469,space,0.459080700064078,,,,,,,,,247648,001,2023-09-06_10h49.23.667,Recognizability_SONA,2022.2.5,60.00099601014786,
,,,,,,,,,,,,,,,,,,,,,,,,,,,12.515802399953827,12.515802399953827,space,0.6263915998861194,,,,,247648,001,2023-09-06_10h49.23.667,Recognizability_SONA,2022.2.5,60.00099601014786,
Condition1.csv,bal,dan,baldan,1,1_2.PNG,stems_all/1_2.PNG,,,,,0,0,0,0,0,0,0,0,,,,,,,,,,,,,13.399156900122762,13.399156900122762,15.149104099953547,15.149104099953547,247648,001,2023-09-06_10h49.23.667,Recognizability_SONA,2022.2.5,60.00099601014786,
Condition1.csv,berko,dan,berkodan,2,2_2.PNG,stems_all/2_2.PNG,,,,,0,0,0,0,0,1,1,1,,,,,,,,,,,,,15.399190300144255,15.399190300144255,17.149133800063282,17.149133800063282,247648,001,2023-09-06_10h49.23.667,Recognizability_SONA,2022.2.5,60.00099601014786,
Condition1.csv,kora,dan,koradan,3,3_2.PNG,stems_all/3_2.PNG,,,,,0,0,0,0,0,2,2,2,,,,,,,,,,,,,17.39919190015644,17.39919190015644,19.149407900171354,19.149407900171354,247648,001,2023-09-06_10h49.23.667,Recognizability_SONA,2022.2.5,60.00099601014786,
Condition1.csv,nako,dan,nakodan,4,4_2.PNG,stems_all/4_2.PNG,,,,,0,0,0,0,0,3,3,3,,,,,,,,,,,,,19.399223300162703,19.399223300162703,21.149397500092164,21.149397500092164,247648,001,2023-09-06_10h49.23.667,Recognizability_SONA,2022.2.5,60.00099601014786,
Condition1.csv,pipa,dan,pipadan,5,5_2.PNG,stems_all/5_2.PNG,,,,,0,0,0,0,0,4,4,4,,,,,,,,,,,,,21.39928669994697,21.39928669994697,23.149364500073716,23.149364500073716,247648,001,2023-09-06_10h49.23.667,Recognizability_SONA,2022.2.5,60.00099601014786,
Condition1.csv,bani,dan,banidan,6,6_2.PNG,stems_all/6_2.PNG,,,,,0,0,0,0,0,5,5,5,,,,,,,,,,,,,23.399282600032166,23.399282600032166,25.149398300098255,25.149398300098255,247648,001,2023-09-06_10h49.23.667,Recognizability_SONA,2022.2.5,60.00099601014786,
Condition1.csv,chool,dan,chooldan,7,7_2.PNG,stems_all/7_2.PNG,,,,,0,0,0,0,0,6,6,6,,,,,,,,,,,,,25.39935200009495,25.39935200009495,27.149296900024638,27.149296900024638,247648,001,2023-09-06_10h49.23.667,Recognizability_SONA,2022.2.5,60.00099601014786,
Condition1.csv,kudom,dan,kudomdan,8,8_2.PNG,stems_all/8_2.PNG,,,,,0,0,0,0,0,7,7,7,,,,,,,,,,,,,27.39937730017118,27.39937730017118,29.166046200087294,29.166046200087294,247648,001,2023-09-06_10h49.23.667,Recognizability_SONA,2022.2.5,60.00099601014786,
Condition1.csv,osto,dan,ostodan,9,9_2.PNG,stems_all/9_2.PNG,,,,,0,0,0,0,0,8,8,8,,,,,,,,,,,,,29.399360000155866,29.399360000155866,31.166182399960235,31.166182399960235,247648,001,2023-09-06_10h49.23.667,Recognizability_SONA,2022.2.5,60.00099601014786,
Condition1.csv,vorke,dan,vorkedan,10,10_2.PNG,stems_all/10_2.PNG,,,,,0,0,0,0,0,9,9,9,,,,,,,,,,,,,31.39941340009682,31.39941340009682,33.14950060006231,33.14950060006231,247648,001,2023-09-06_10h49.23.667,Recognizability_SONA,2022.2.5,60.00099601014786,
Condition1.csv,bin,dan,bindan,11,11_2.PNG,stems_all/11_2.PNG,,,,,0,0,0,0,0,10,10,10,,,,,,,,,,,,,33.39941249997355,33.39941249997355,35.14938529999927,35.14938529999927,247648,001,2023-09-06_10h49.23.667,Recognizability_SONA,2022.2.5,60.00099601014786,
Condition1.csv,mero,dan,merodan,12,12_2.PNG,stems_all/12_2.PNG,,,,,0,0,0,0,0,11,11,11,,,,,,,,,,,,,35.39950760011561,35.39950760011561,37.14997350005433,37.14997350005433,247648,001,2023-09-06_10h49.23.667,Recognizability_SONA,2022.2.5,60.00099601014786,
Condition1.csv,bal,nem,balnem,1,1_dim_sg.PNG,stems_all/1_dim_sg.PNG,,,,,0,0,0,0,0,12,12,12,,,,,,,,,,,,,37.3995718001388,37.3995718001388,39.14955070009455,39.14955070009455,247648,001,2023-09-06_10h49.23.667,Recognizability_SONA,2022.2.5,60.00099601014786,
Condition1.csv,bal,nem,balnem,1,1_dim_sg.PNG,stems_all/1_dim_sg.PNG,,,,,0,0,0,0,0,13,13,13,,,,,,,,,,,,,39.399436600040644,39.399436600040644,41.14952870015986,41.14952870015986,247648,001,2023-09-06_10h49.23.667,Recognizability_SONA,2022.2.5,60.00099601014786,
Condition1.csv,bal,nem,balnem,1,1_dim_sg.PNG,stems_all/1_dim_sg.PNG,,,,,0,0,0,0,0,14,14,14,,,,,,,,,,,,,41.399701700080186,41.399701700080186,43.14950209995732,43.14950209995732,247648,001,2023-09-06_10h49.23.667,Recognizability_SONA,2022.2.5,60.00099601014786,
Condition1.csv,bal,nem,balnem,1,1_dim_sg.PNG,stems_all/1_dim_sg.PNG,,,,,0,0,0,0,0,15,15,15,,,,,,,,,,,,,43.39969430002384,43.39969430002384,45.14956509997137,45.14956509997137,247648,001,2023-09-06_10h49.23.667,Recognizability_SONA,2022.2.5,60.00099601014786,
Condition1.csv,berko,nem,berkonem,2,2_dim_sg.PNG,stems_all/2_dim_sg.PNG,,,,,0,0,0,0,0,16,16,16,,,,,,,,,,,,,45.39977820008062,45.39977820008062,47.14982100017369,47.14982100017369,247648,001,2023-09-06_10h49.23.667,Recognizability_SONA,2022.2.5,60.00099601014786,
Condition1.csv,berko,nem,berkonem,2,2_dim_sg.PNG,stems_all/2_dim_sg.PNG,,,,,0,0,0,0,0,17,17,17,,,,,,,,,,,,,47.399578399956226,47.399578399956226,49.14962449995801,49.14962449995801,247648,001,2023-09-06_10h49.23.667,Recognizability_SONA,2022.2.5,60.00099601014786,
Condition1.csv,berko,nem,berkonem,2,2_dim_sg.PNG,stems_all/2_dim_sg.PNG,,,,,0,0,0,0,0,18,18,18,,,,,,,,,,,,,49.399603200145066,49.399603200145066,51.149889500113204,51.149889500113204,247648,001,2023-09-06_10h49.23.667,Recognizability_SONA,2022.2.5,60.00099601014786,
Condition1.csv,berko,nem,berkonem,2,2_dim_sg.PNG,stems_all/2_dim_sg.PNG,,,,,0,0,0,0,0,19,19,19,,,,,,,,,,,,,51.39978520013392,51.39978520013392,53.16593819996342,53.16593819996342,247648,001,2023-09-06_10h49.23.667,Recognizability_SONA,2022.2.5,60.00099601014786,
Condition1.csv,kora,nem,koranem,3,3_dim_sg.PNG,stems_all/3_dim_sg.PNG,,,,,0,0,0,0,0,20,20,20,,,,,,,,,,,,,53.39987000008114,53.39987000008114,55.14982770010829,55.14982770010829,247648,001,2023-09-06_10h49.23.667,Recognizability_SONA,2022.2.5,60.00099601014786,
Condition1.csv,kora,nem,koranem,3,3_dim_sg.PNG,stems_all/3_dim_sg.PNG,,,,,0,0,0,0,0,21,21,21,,,,,,,,,,,,,55.399677800014615,55.399677800014615,57.14997340016998,57.14997340016998,247648,001,2023-09-06_10h49.23.667,Recognizability_SONA,2022.2.5,60.00099601014786,
,,,,,,,,,,,,,,,,,,,,,,,,,,,,,,,57.40049779997207,57.40049779997207,,,,,,,,,
