﻿demo_info.thisRepN,demo_info.thisTrialN,demo_info.thisN,demo_info.thisIndex,pretraining_plus_test.thisRepN,pretraining_plus_test.thisTrialN,pretraining_plus_test.thisN,pretraining_plus_test.thisIndex,which_condition.thisRepN,which_condition.thisTrialN,which_condition.thisN,which_condition.thisIndex,production_block.thisRepN,production_block.thisTrialN,production_block.thisN,production_block.thisIndex,pretraining,condition,begin_text.started,key_resp_11.started,key_resp_11.keys,key_resp_11.rt,instructions_text.started,key_resp_4.started,key_resp_4.keys,key_resp_4.rt,experiment_start.started,experiment_start_resp.started,experiment_start_resp.keys,experiment_start_resp.rt,instr.started,key_resp_14.started,key_resp_14.keys,key_resp_14.rt,text_13.started,key_resp_17.started,participant,session,date,expName,psychopyVersion,frameRate,
,,,,,,,,,,,,,,,,100,5,8.712309600086883,8.712309600086883,space,0.3829159000888467,,,,,,,,,,,,,,,250030,001,2023-10-04_19h03.25.732,generalizability,2022.2.5,60.01179831157819,
,,,,,,,,,,,,,,,,,,,,,,9.14454900007695,9.14454900007695,return,1.070895500248298,,,,,,,,,,,250030,001,2023-10-04_19h03.25.732,generalizability,2022.2.5,60.01179831157819,
,,,,,,,,,,,,,,,,,,,,,,,,,,10.244576100027189,10.244576100027189,return,0.31995239993557334,,,,,,,250030,001,2023-10-04_19h03.25.732,generalizability,2022.2.5,60.01179831157819,
,,,,,,,,,,,,,,,,,,,,,,,,,,,,,,10.594549200031906,10.594549200031906,return,0.5611102001275867,,,250030,001,2023-10-04_19h03.25.732,generalizability,2022.2.5,60.01179831157819,
,,,,,,,,,,,,,,,,,,,,,,,,,,,,,,,,,,11.177883599884808,11.177883599884808,,,,,,,
