﻿prod_label,file,prod_image,prod_condition,which_condition.thisRepN,which_condition.thisTrialN,which_condition.thisN,which_condition.thisIndex,production_block.thisRepN,production_block.thisTrialN,production_block.thisN,production_block.thisIndex,begin_text.started,key_resp_11.started,key_resp_11.keys,key_resp_11.rt,consent_image.started,text_10.started,consent_resp.started,consent_resp.keys,consent_resp.rt,demographic_instr.started,text_9.started,key_resp_3.started,key_resp_3.keys,key_resp_3.rt,age_text.started,textbox.started,key_resp_5.started,text_3.started,textbox.text,key_resp_5.keys,key_resp_5.rt,age_text_2.started,textbox_2.started,key_resp_6.started,text_4.started,textbox_2.text,key_resp_6.keys,key_resp_6.rt,age_text_3.started,textbox_3.started,key_resp_7.started,text_5.started,textbox_3.text,key_resp_7.keys,key_resp_7.rt,age_text_5.started,textbox_5.started,key_resp_9.started,text_7.started,textbox_5.text,key_resp_9.keys,key_resp_9.rt,age_text_6.started,textbox_6.started,key_resp_10.started,text_8.started,textbox_6.text,key_resp_10.keys,key_resp_10.rt,age_text_4.started,textbox_4.started,key_resp_8.started,text_6.started,textbox_4.text,key_resp_8.keys,key_resp_8.rt,instructions_text.started,key_resp_4.started,key_resp_4.keys,key_resp_4.rt,experiment_start.started,experiment_start_resp.started,experiment_start_resp.keys,experiment_start_resp.rt,instr.started,key_resp_14.started,key_resp_14.keys,key_resp_14.rt,production_text.started,production_image.started,prod_resp.started,text_12.started,key_resp_15.started,prod_resp.text,key_resp_15.keys,key_resp_15.rt,experiment_over.started,key_resp_13.started,key_resp_13.keys,key_resp_13.rt,participant,session,date,expName,psychopyVersion,frameRate,
,,,,,,,,,,,,8.438827700039838,8.438827700039838,space,0.6809882000088692,,,,,,,,,,,,,,,,,,,,,,,,,,,,,,,,,,,,,,,,,,,,,,,,,,,,,,,,,,,,,,,,,,,,,,,,,,,,,263839,001,2023-08-25_16h01.21.777,Recognizability_SONA,2022.2.5,60.838796655787846,
,,,,,,,,,,,,,,,,9.137898700020742,9.137898700020742,9.137898700020742,space,0.21595440001692623,,,,,,,,,,,,,,,,,,,,,,,,,,,,,,,,,,,,,,,,,,,,,,,,,,,,,,,,,,,,,,,,,,,,,,,,263839,001,2023-08-25_16h01.21.777,Recognizability_SONA,2022.2.5,60.838796655787846,
,,,,,,,,,,,,,,,,,,,,,9.387880900001619,9.387880900001619,9.387880900001619,space,0.19702249998226762,,,,,,,,,,,,,,,,,,,,,,,,,,,,,,,,,,,,,,,,,,,,,,,,,,,,,,,,,,,,,,,,,,,263839,001,2023-08-25_16h01.21.777,Recognizability_SONA,2022.2.5,60.838796655787846,
,,,,,,,,,,,,,,,,,,,,,,,,,,9.604554300021846,9.604554300021846,9.604554300021846,9.604554300021846, ,tab,0.3634414999978617,,,,,,,,,,,,,,,,,,,,,,,,,,,,,,,,,,,,,,,,,,,,,,,,,,,,,,,,,,,,263839,001,2023-08-25_16h01.21.777,Recognizability_SONA,2022.2.5,60.838796655787846,
,,,,,,,,,,,,,,,,,,,,,,,,,,,,,,,,,9.987925100023858,9.987925100023858,9.987925100023858,9.987925100023858,,tab,0.15611809998517856,,,,,,,,,,,,,,,,,,,,,,,,,,,,,,,,,,,,,,,,,,,,,,,,,,,,,263839,001,2023-08-25_16h01.21.777,Recognizability_SONA,2022.2.5,60.838796655787846,
,,,,,,,,,,,,,,,,,,,,,,,,,,,,,,,,,,,,,,,,10.171237000031397,10.171237000031397,10.171237000031397,10.171237000031397,,tab,0.11784309998620301,,,,,,,,,,,,,,,,,,,,,,,,,,,,,,,,,,,,,,,,,,,,,,263839,001,2023-08-25_16h01.21.777,Recognizability_SONA,2022.2.5,60.838796655787846,
,,,,,,,,,,,,,,,,,,,,,,,,,,,,,,,,,,,,,,,,,,,,,,,10.321251700050198,10.321251700050198,10.321251700050198,10.321251700050198,,tab,0.11987029999727383,,,,,,,,,,,,,,,,,,,,,,,,,,,,,,,,,,,,,,,263839,001,2023-08-25_16h01.21.777,Recognizability_SONA,2022.2.5,60.838796655787846,
,,,,,,,,,,,,,,,,,,,,,,,,,,,,,,,,,,,,,,,,,,,,,,,,,,,,,,10.471229100017808,10.471229100017808,10.471229100017808,10.471229100017808,,tab,0.11690040002577007,,,,,,,,,,,,,,,,,,,,,,,,,,,,,,,,263839,001,2023-08-25_16h01.21.777,Recognizability_SONA,2022.2.5,60.838796655787846,
,,,,,,,,,,,,,,,,,,,,,,,,,,,,,,,,,,,,,,,,,,,,,,,,,,,,,,,,,,,,,10.621271600015461,10.621271600015461,10.621271600015461,10.621271600015461,,tab,0.11289689998375252,,,,,,,,,,,,,,,,,,,,,,,,,263839,001,2023-08-25_16h01.21.777,Recognizability_SONA,2022.2.5,60.838796655787846,
,,,,,,,,,,,,,,,,,,,,,,,,,,,,,,,,,,,,,,,,,,,,,,,,,,,,,,,,,,,,,,,,,,,,10.754561500041746,10.754561500041746,space,0.4087043000035919,,,,,,,,,,,,,,,,,,,,,263839,001,2023-08-25_16h01.21.777,Recognizability_SONA,2022.2.5,60.838796655787846,
,,,,,,,,,,,,,,,,,,,,,,,,,,,,,,,,,,,,,,,,,,,,,,,,,,,,,,,,,,,,,,,,,,,,,,,,11.187914800015278,11.187914800015278,space,0.4804690000019036,,,,,,,,,,,,,,,,,263839,001,2023-08-25_16h01.21.777,Recognizability_SONA,2022.2.5,60.838796655787846,
,,,,,,,,,,,,,,,,,,,,,,,,,,,,,,,,,,,,,,,,,,,,,,,,,,,,,,,,,,,,,,,,,,,,,,,,,,,,11.687953700020444,11.687953700020444,space,2.6680673000519164,,,,,,,,,,,,,263839,001,2023-08-25_16h01.21.777,Recognizability_SONA,2022.2.5,60.838796655787846,
berko,2_dim_sg.PNG,stems_all/2_dim_sg.PNG,familiar,,,,,0,0,0,1,,,,,,,,,,,,,,,,,,,,,,,,,,,,,,,,,,,,,,,,,,,,,,,,,,,,,,,,,,,,,,,,,,,,,14.38793040002929,14.38793040002929,14.38793040002929,14.38793040002929,14.38793040002929, blik,space,4.258037299965508,,,,,263839,001,2023-08-25_16h01.21.777,Recognizability_SONA,2022.2.5,60.838796655787846,
kora,3_2.PNG,stems_all/3_2.PNG,familiar,,,,,0,1,1,14,,,,,,,,,,,,,,,,,,,,,,,,,,,,,,,,,,,,,,,,,,,,,,,,,,,,,,,,,,,,,,,,,,,,,18.671322700043675,18.671322700043675,18.671322700043675,18.671322700043675,18.671322700043675," idk
",space,4.060577200027183,,,,,263839,001,2023-08-25_16h01.21.777,Recognizability_SONA,2022.2.5,60.838796655787846,
shinti,14_dim_pl.PNG,stems_all/14_dim_pl.PNG,novel,,,,,0,2,2,10,,,,,,,,,,,,,,,,,,,,,,,,,,,,,,,,,,,,,,,,,,,,,,,,,,,,,,,,,,,,,,,,,,,,,22.771449500054587,22.771449500054587,22.771449500054587,22.771449500054587,22.771449500054587, test,space,1.0816393999848515,,,,,263839,001,2023-08-25_16h01.21.777,Recognizability_SONA,2022.2.5,60.838796655787846,
shinder,15_2.PNG,stems_all/15_2.PNG,novel,,,,,0,3,3,17,,,,,,,,,,,,,,,,,,,,,,,,,,,,,,,,,,,,,,,,,,,,,,,,,,,,,,,,,,,,,,,,,,,,,23.871434100030456,23.871434100030456,23.871434100030456,23.871434100030456,23.871434100030456, dumby,space,2.6743297999491915,,,,,263839,001,2023-08-25_16h01.21.777,Recognizability_SONA,2022.2.5,60.838796655787846,
bal,1_dim_sg.PNG,stems_all/1_dim_sg.PNG,familiar,,,,,0,4,4,0,,,,,,,,,,,,,,,,,,,,,,,,,,,,,,,,,,,,,,,,,,,,,,,,,,,,,,,,,,,,,,,,,,,,,26.57140930002788,26.57140930002788,26.57140930002788,26.57140930002788,26.57140930002788, dsaljk;f,space,3.898231900006067,,,,,263839,001,2023-08-25_16h01.21.777,Recognizability_SONA,2022.2.5,60.838796655787846,
bal,1_2.PNG,stems_all/1_2.PNG,familiar,,,,,0,5,5,12,,,,,,,,,,,,,,,,,,,,,,,,,,,,,,,,,,,,,,,,,,,,,,,,,,,,,,,,,,,,,,,,,,,,,30.48812050005654,30.48812050005654,30.48812050005654,30.48812050005654,30.48812050005654, dfas,space,1.0357637000270188,,,,,263839,001,2023-08-25_16h01.21.777,Recognizability_SONA,2022.2.5,60.838796655787846,
shinder,15_dim_pl.PNG,stems_all/15_dim_pl.PNG,novel,,,,,0,6,6,11,,,,,,,,,,,,,,,,,,,,,,,,,,,,,,,,,,,,,,,,,,,,,,,,,,,,,,,,,,,,,,,,,,,,,31.573006200022064,31.573006200022064,31.573006200022064,31.573006200022064,31.573006200022064, ,space,0.3409241999615915,,,,,263839,001,2023-08-25_16h01.21.777,Recognizability_SONA,2022.2.5,60.838796655787846,
pil,13_dim_pl.PNG,stems_all/13_dim_pl.PNG,novel,,,,,0,7,7,9,,,,,,,,,,,,,,,,,,,,,,,,,,,,,,,,,,,,,,,,,,,,,,,,,,,,,,,,,,,,,,,,,,,,,31.954867300053593,31.954867300053593,31.954867300053593,31.954867300053593,31.954867300053593,d asf,space,0.3891884000040591,,,,,263839,001,2023-08-25_16h01.21.777,Recognizability_SONA,2022.2.5,60.838796655787846,
kora,3_dim_pl.PNG,stems_all/3_dim_pl.PNG,familiar,,,,,0,8,8,8,,,,,,,,,,,,,,,,,,,,,,,,,,,,,,,,,,,,,,,,,,,,,,,,,,,,,,,,,,,,,,,,,,,,,32.38815120002255,32.38815120002255,32.38815120002255,32.38815120002255,32.38815120002255,sdf adfsa,space,0.21097789995837957,,,,,263839,001,2023-08-25_16h01.21.777,Recognizability_SONA,2022.2.5,60.838796655787846,
shinder,15_dim_sg.PNG,stems_all/15_dim_sg.PNG,novel,,,,,0,9,9,5,,,,,,,,,,,,,,,,,,,,,,,,,,,,,,,,,,,,,,,,,,,,,,,,,,,,,,,,,,,,,,,,,,,,,32.638187500007916,32.638187500007916,32.638187500007916,32.638187500007916,32.638187500007916, adsf,space,0.1320691999862902,,,,,263839,001,2023-08-25_16h01.21.777,Recognizability_SONA,2022.2.5,60.838796655787846,
pil,13_2.PNG,stems_all/13_2.PNG,novel,,,,,0,10,10,15,,,,,,,,,,,,,,,,,,,,,,,,,,,,,,,,,,,,,,,,,,,,,,,,,,,,,,,,,,,,,,,,,,,,,32.80488580005476,32.80488580005476,32.80488580005476,32.80488580005476,32.80488580005476, das,space,0.1262974999845028,,,,,263839,001,2023-08-25_16h01.21.777,Recognizability_SONA,2022.2.5,60.838796655787846,
pil,13_dim_sg.PNG,stems_all/13_dim_sg.PNG,novel,,,,,0,11,11,3,,,,,,,,,,,,,,,,,,,,,,,,,,,,,,,,,,,,,,,,,,,,,,,,,,,,,,,,,,,,,,,,,,,,,32.95482370001264,32.95482370001264,32.95482370001264,32.95482370001264,32.95482370001264,f adsfdsfads,space,0.4624842999619432,,,,,263839,001,2023-08-25_16h01.21.777,Recognizability_SONA,2022.2.5,60.838796655787846,
berko,2_2.PNG,stems_all/2_2.PNG,familiar,,,,,0,12,12,13,,,,,,,,,,,,,,,,,,,,,,,,,,,,,,,,,,,,,,,,,,,,,,,,,,,,,,,,,,,,,,,,,,,,,33.43838050001068,33.43838050001068,33.43838050001068,33.43838050001068,33.43838050001068,f dsfsdfsddsfadsadsn,space,1.4042697999975644,,,,,263839,001,2023-08-25_16h01.21.777,Recognizability_SONA,2022.2.5,60.838796655787846,
shinti,14_dim_sg.PNG,stems_all/14_dim_sg.PNG,novel,,,,,0,13,13,4,,,,,,,,,,,,,,,,,,,,,,,,,,,,,,,,,,,,,,,,,,,,,,,,,,,,,,,,,,,,,,,,,,,,,34.871513100049924,34.871513100049924,34.871513100049924,34.871513100049924,34.871513100049924, dfsads,space,0.6332884000148624,,,,,263839,001,2023-08-25_16h01.21.777,Recognizability_SONA,2022.2.5,60.838796655787846,
bal,1_dim_pl.PNG,stems_all/1_dim_pl.PNG,familiar,,,,,0,14,14,6,,,,,,,,,,,,,,,,,,,,,,,,,,,,,,,,,,,,,,,,,,,,,,,,,,,,,,,,,,,,,,,,,,,,,35.52152200002456,35.52152200002456,35.52152200002456,35.52152200002456,35.52152200002456, dsfa,space,0.2783452000003308,,,,,263839,001,2023-08-25_16h01.21.777,Recognizability_SONA,2022.2.5,60.838796655787846,
kora,3_dim_sg.PNG,stems_all/3_dim_sg.PNG,familiar,,,,,0,15,15,2,,,,,,,,,,,,,,,,,,,,,,,,,,,,,,,,,,,,,,,,,,,,,,,,,,,,,,,,,,,,,,,,,,,,,35.82151680003153,35.82151680003153,35.82151680003153,35.82151680003153,35.82151680003153, dsfa,space,0.22439430002123117,,,,,263839,001,2023-08-25_16h01.21.777,Recognizability_SONA,2022.2.5,60.838796655787846,
shinti,14_2.PNG,stems_all/14_2.PNG,novel,,,,,0,16,16,16,,,,,,,,,,,,,,,,,,,,,,,,,,,,,,,,,,,,,,,,,,,,,,,,,,,,,,,,,,,,,,,,,,,,,36.07214220002061,36.07214220002061,36.07214220002061,36.07214220002061,36.07214220002061, dfsa,space,0.2328414999647066,,,,,263839,001,2023-08-25_16h01.21.777,Recognizability_SONA,2022.2.5,60.838796655787846,
berko,2_dim_pl.PNG,stems_all/2_dim_pl.PNG,familiar,,,,,0,17,17,7,,,,,,,,,,,,,,,,,,,,,,,,,,,,,,,,,,,,,,,,,,,,,,,,,,,,,,,,,,,,,,,,,,,,,36.32151900004828,36.32151900004828,36.32151900004828,36.32151900004828,36.32151900004828, sdfa,space,0.22553130000596866,,,,,263839,001,2023-08-25_16h01.21.777,Recognizability_SONA,2022.2.5,60.838796655787846,
shinder,15_dim_sg.PNG,stems_all/15_dim_sg.PNG,novel,,,,,1,0,18,5,,,,,,,,,,,,,,,,,,,,,,,,,,,,,,,,,,,,,,,,,,,,,,,,,,,,,,,,,,,,,,,,,,,,,36.57162340002833,36.57162340002833,36.57162340002833,36.57162340002833,36.57162340002833, fdsaf,space,0.22747230000095442,,,,,263839,001,2023-08-25_16h01.21.777,Recognizability_SONA,2022.2.5,60.838796655787846,
kora,3_dim_sg.PNG,stems_all/3_dim_sg.PNG,familiar,,,,,1,1,19,2,,,,,,,,,,,,,,,,,,,,,,,,,,,,,,,,,,,,,,,,,,,,,,,,,,,,,,,,,,,,,,,,,,,,,36.821525800041854,36.821525800041854,36.821525800041854,36.821525800041854,36.821525800041854,s dsdfa,space,0.2726668000104837,,,,,263839,001,2023-08-25_16h01.21.777,Recognizability_SONA,2022.2.5,60.838796655787846,
kora,3_dim_pl.PNG,stems_all/3_dim_pl.PNG,familiar,,,,,1,2,20,8,,,,,,,,,,,,,,,,,,,,,,,,,,,,,,,,,,,,,,,,,,,,,,,,,,,,,,,,,,,,,,,,,,,,,37.12152280000737,37.12152280000737,37.12152280000737,37.12152280000737,37.12152280000737, fdsa,space,0.21169069997267798,,,,,263839,001,2023-08-25_16h01.21.777,Recognizability_SONA,2022.2.5,60.838796655787846,
shinti,14_2.PNG,stems_all/14_2.PNG,novel,,,,,1,3,21,16,,,,,,,,,,,,,,,,,,,,,,,,,,,,,,,,,,,,,,,,,,,,,,,,,,,,,,,,,,,,,,,,,,,,,37.35611530003371,37.35611530003371,37.35611530003371,37.35611530003371,37.35611530003371, fdsa,space,0.2171851999592036,,,,,263839,001,2023-08-25_16h01.21.777,Recognizability_SONA,2022.2.5,60.838796655787846,
shinti,14_dim_pl.PNG,stems_all/14_dim_pl.PNG,novel,,,,,1,4,22,10,,,,,,,,,,,,,,,,,,,,,,,,,,,,,,,,,,,,,,,,,,,,,,,,,,,,,,,,,,,,,,,,,,,,,37.60491400002502,37.60491400002502,37.60491400002502,37.60491400002502,37.60491400002502, afds,space,0.20752679998986423,,,,,263839,001,2023-08-25_16h01.21.777,Recognizability_SONA,2022.2.5,60.838796655787846,
bal,1_dim_pl.PNG,stems_all/1_dim_pl.PNG,familiar,,,,,1,5,23,6,,,,,,,,,,,,,,,,,,,,,,,,,,,,,,,,,,,,,,,,,,,,,,,,,,,,,,,,,,,,,,,,,,,,,37.83823090000078,37.83823090000078,37.83823090000078,37.83823090000078,37.83823090000078, adfsfds,space,0.2041355000110343,,,,,263839,001,2023-08-25_16h01.21.777,Recognizability_SONA,2022.2.5,60.838796655787846,
berko,2_dim_pl.PNG,stems_all/2_dim_pl.PNG,familiar,,,,,1,6,24,7,,,,,,,,,,,,,,,,,,,,,,,,,,,,,,,,,,,,,,,,,,,,,,,,,,,,,,,,,,,,,,,,,,,,,38.07157360005658,38.07157360005658,38.07157360005658,38.07157360005658,38.07157360005658,a sdfa,space,0.2328589999815449,,,,,263839,001,2023-08-25_16h01.21.777,Recognizability_SONA,2022.2.5,60.838796655787846,
shinder,15_dim_pl.PNG,stems_all/15_dim_pl.PNG,novel,,,,,1,7,25,11,,,,,,,,,,,,,,,,,,,,,,,,,,,,,,,,,,,,,,,,,,,,,,,,,,,,,,,,,,,,,,,,,,,,,38.321541400044225,38.321541400044225,38.321541400044225,38.321541400044225,38.321541400044225, sdf,space,0.26496450003469363,,,,,263839,001,2023-08-25_16h01.21.777,Recognizability_SONA,2022.2.5,60.838796655787846,
shinti,14_dim_sg.PNG,stems_all/14_dim_sg.PNG,novel,,,,,1,8,26,4,,,,,,,,,,,,,,,,,,,,,,,,,,,,,,,,,,,,,,,,,,,,,,,,,,,,,,,,,,,,,,,,,,,,,38.60487850004574,38.60487850004574,38.60487850004574,38.60487850004574,38.60487850004574, dfsaafds,space,0.2536756999907084,,,,,263839,001,2023-08-25_16h01.21.777,Recognizability_SONA,2022.2.5,60.838796655787846,
berko,2_dim_sg.PNG,stems_all/2_dim_sg.PNG,familiar,,,,,1,9,27,1,,,,,,,,,,,,,,,,,,,,,,,,,,,,,,,,,,,,,,,,,,,,,,,,,,,,,,,,,,,,,,,,,,,,,38.888236100028735,38.888236100028735,38.888236100028735,38.888236100028735,38.888236100028735, dfs,space,0.2563823999953456,,,,,263839,001,2023-08-25_16h01.21.777,Recognizability_SONA,2022.2.5,60.838796655787846,
shinder,15_2.PNG,stems_all/15_2.PNG,novel,,,,,1,10,28,17,,,,,,,,,,,,,,,,,,,,,,,,,,,,,,,,,,,,,,,,,,,,,,,,,,,,,,,,,,,,,,,,,,,,,39.172210700053256,39.172210700053256,39.172210700053256,39.172210700053256,39.172210700053256, fds ,space,0.24952660000417382,,,,,263839,001,2023-08-25_16h01.21.777,Recognizability_SONA,2022.2.5,60.838796655787846,
bal,1_dim_sg.PNG,stems_all/1_dim_sg.PNG,familiar,,,,,1,11,29,0,,,,,,,,,,,,,,,,,,,,,,,,,,,,,,,,,,,,,,,,,,,,,,,,,,,,,,,,,,,,,,,,,,,,,39.45493590005208,39.45493590005208,39.45493590005208,39.45493590005208,39.45493590005208,fdsdf,space,0.24381590000120923,,,,,263839,001,2023-08-25_16h01.21.777,Recognizability_SONA,2022.2.5,60.838796655787846,
kora,3_2.PNG,stems_all/3_2.PNG,familiar,,,,,1,12,30,14,,,,,,,,,,,,,,,,,,,,,,,,,,,,,,,,,,,,,,,,,,,,,,,,,,,,,,,,,,,,,,,,,,,,,39.721558000019286,39.721558000019286,39.721558000019286,39.721558000019286,39.721558000019286, sfdsa,space,0.2662529000081122,,,,,263839,001,2023-08-25_16h01.21.777,Recognizability_SONA,2022.2.5,60.838796655787846,
berko,2_2.PNG,stems_all/2_2.PNG,familiar,,,,,1,13,31,13,,,,,,,,,,,,,,,,,,,,,,,,,,,,,,,,,,,,,,,,,,,,,,,,,,,,,,,,,,,,,,,,,,,,,40.004897900042124,40.004897900042124,40.004897900042124,40.004897900042124,40.004897900042124, fdsa,space,0.2520047000143677,,,,,263839,001,2023-08-25_16h01.21.777,Recognizability_SONA,2022.2.5,60.838796655787846,
pil,13_dim_sg.PNG,stems_all/13_dim_sg.PNG,novel,,,,,1,14,32,3,,,,,,,,,,,,,,,,,,,,,,,,,,,,,,,,,,,,,,,,,,,,,,,,,,,,,,,,,,,,,,,,,,,,,40.2882382000098,40.2882382000098,40.2882382000098,40.2882382000098,40.2882382000098, fds,space,0.23269319999963045,,,,,263839,001,2023-08-25_16h01.21.777,Recognizability_SONA,2022.2.5,60.838796655787846,
pil,13_2.PNG,stems_all/13_2.PNG,novel,,,,,1,15,33,15,,,,,,,,,,,,,,,,,,,,,,,,,,,,,,,,,,,,,,,,,,,,,,,,,,,,,,,,,,,,,,,,,,,,,40.53825230000075,40.53825230000075,40.53825230000075,40.53825230000075,40.53825230000075, fsda,space,0.29674329998670146,,,,,263839,001,2023-08-25_16h01.21.777,Recognizability_SONA,2022.2.5,60.838796655787846,
pil,13_dim_pl.PNG,stems_all/13_dim_pl.PNG,novel,,,,,1,16,34,9,,,,,,,,,,,,,,,,,,,,,,,,,,,,,,,,,,,,,,,,,,,,,,,,,,,,,,,,,,,,,,,,,,,,,40.854946900042705,40.854946900042705,40.854946900042705,40.854946900042705,40.854946900042705,f dsafds,space,0.2821776000200771,,,,,263839,001,2023-08-25_16h01.21.777,Recognizability_SONA,2022.2.5,60.838796655787846,
bal,1_2.PNG,stems_all/1_2.PNG,familiar,,,,,1,17,35,12,,,,,,,,,,,,,,,,,,,,,,,,,,,,,,,,,,,,,,,,,,,,,,,,,,,,,,,,,,,,,,,,,,,,,41.154949000047054,41.154949000047054,41.154949000047054,41.154949000047054,41.154949000047054, fds,space,0.32018999999854714,,,,,263839,001,2023-08-25_16h01.21.777,Recognizability_SONA,2022.2.5,60.838796655787846,
pil,13_2.PNG,stems_all/13_2.PNG,novel,,,,,2,0,36,15,,,,,,,,,,,,,,,,,,,,,,,,,,,,,,,,,,,,,,,,,,,,,,,,,,,,,,,,,,,,,,,,,,,,,41.504950000031386,41.504950000031386,41.504950000031386,41.504950000031386,41.504950000031386, fsda,space,0.29931329999817535,,,,,263839,001,2023-08-25_16h01.21.777,Recognizability_SONA,2022.2.5,60.838796655787846,
kora,3_2.PNG,stems_all/3_2.PNG,familiar,,,,,2,1,37,14,,,,,,,,,,,,,,,,,,,,,,,,,,,,,,,,,,,,,,,,,,,,,,,,,,,,,,,,,,,,,,,,,,,,,41.821589200000744,41.821589200000744,41.821589200000744,41.821589200000744,41.821589200000744, fdsa,space,0.27266319998307154,,,,,263839,001,2023-08-25_16h01.21.777,Recognizability_SONA,2022.2.5,60.838796655787846,
bal,1_dim_sg.PNG,stems_all/1_dim_sg.PNG,familiar,,,,,2,2,38,0,,,,,,,,,,,,,,,,,,,,,,,,,,,,,,,,,,,,,,,,,,,,,,,,,,,,,,,,,,,,,,,,,,,,,42.12164810003014,42.12164810003014,42.12164810003014,42.12164810003014,42.12164810003014, sdfafds,space,0.3607740000006743,,,,,263839,001,2023-08-25_16h01.21.777,Recognizability_SONA,2022.2.5,60.838796655787846,
bal,1_2.PNG,stems_all/1_2.PNG,familiar,,,,,2,3,39,12,,,,,,,,,,,,,,,,,,,,,,,,,,,,,,,,,,,,,,,,,,,,,,,,,,,,,,,,,,,,,,,,,,,,,42.50493850000203,42.50493850000203,42.50493850000203,42.50493850000203,42.50493850000203, sdf,space,0.3034865999943577,,,,,263839,001,2023-08-25_16h01.21.777,Recognizability_SONA,2022.2.5,60.838796655787846,
pil,13_dim_sg.PNG,stems_all/13_dim_sg.PNG,novel,,,,,2,4,40,3,,,,,,,,,,,,,,,,,,,,,,,,,,,,,,,,,,,,,,,,,,,,,,,,,,,,,,,,,,,,,,,,,,,,,42.83831050002482,42.83831050002482,42.83831050002482,42.83831050002482,42.83831050002482, sdf,space,0.22919919999549165,,,,,263839,001,2023-08-25_16h01.21.777,Recognizability_SONA,2022.2.5,60.838796655787846,
bal,1_dim_pl.PNG,stems_all/1_dim_pl.PNG,familiar,,,,,2,5,41,6,,,,,,,,,,,,,,,,,,,,,,,,,,,,,,,,,,,,,,,,,,,,,,,,,,,,,,,,,,,,,,,,,,,,,43.08892770000966,43.08892770000966,43.08892770000966,43.08892770000966,43.08892770000966, sdf,space,0.21860279998509213,,,,,263839,001,2023-08-25_16h01.21.777,Recognizability_SONA,2022.2.5,60.838796655787846,
shinti,14_dim_pl.PNG,stems_all/14_dim_pl.PNG,novel,,,,,2,6,42,10,,,,,,,,,,,,,,,,,,,,,,,,,,,,,,,,,,,,,,,,,,,,,,,,,,,,,,,,,,,,,,,,,,,,,43.33828620001441,43.33828620001441,43.33828620001441,43.33828620001441,43.33828620001441, fds,space,0.2144374999916181,,,,,263839,001,2023-08-25_16h01.21.777,Recognizability_SONA,2022.2.5,60.838796655787846,
shinti,14_dim_sg.PNG,stems_all/14_dim_sg.PNG,novel,,,,,2,7,43,4,,,,,,,,,,,,,,,,,,,,,,,,,,,,,,,,,,,,,,,,,,,,,,,,,,,,,,,,,,,,,,,,,,,,,43.571659500012174,43.571659500012174,43.571659500012174,43.571659500012174,43.571659500012174,fd sfds,space,0.2320255000377074,,,,,263839,001,2023-08-25_16h01.21.777,Recognizability_SONA,2022.2.5,60.838796655787846,
shinder,15_dim_pl.PNG,stems_all/15_dim_pl.PNG,novel,,,,,2,8,44,11,,,,,,,,,,,,,,,,,,,,,,,,,,,,,,,,,,,,,,,,,,,,,,,,,,,,,,,,,,,,,,,,,,,,,43.82161860004999,43.82161860004999,43.82161860004999,43.82161860004999,43.82161860004999, fsd,space,0.23008540004957467,,,,,263839,001,2023-08-25_16h01.21.777,Recognizability_SONA,2022.2.5,60.838796655787846,
shinder,15_2.PNG,stems_all/15_2.PNG,novel,,,,,2,9,45,17,,,,,,,,,,,,,,,,,,,,,,,,,,,,,,,,,,,,,,,,,,,,,,,,,,,,,,,,,,,,,,,,,,,,,44.07164860004559,44.07164860004559,44.07164860004559,44.07164860004559,44.07164860004559, dsf,space,0.2121709999628365,,,,,263839,001,2023-08-25_16h01.21.777,Recognizability_SONA,2022.2.5,60.838796655787846,
shinti,14_2.PNG,stems_all/14_2.PNG,novel,,,,,2,10,46,16,,,,,,,,,,,,,,,,,,,,,,,,,,,,,,,,,,,,,,,,,,,,,,,,,,,,,,,,,,,,,,,,,,,,,44.3049848000519,44.3049848000519,44.3049848000519,44.3049848000519,44.3049848000519, dsf,space,0.2308498999918811,,,,,263839,001,2023-08-25_16h01.21.777,Recognizability_SONA,2022.2.5,60.838796655787846,
pil,13_dim_pl.PNG,stems_all/13_dim_pl.PNG,novel,,,,,2,11,47,9,,,,,,,,,,,,,,,,,,,,,,,,,,,,,,,,,,,,,,,,,,,,,,,,,,,,,,,,,,,,,,,,,,,,,44.555017700011376,44.555017700011376,44.555017700011376,44.555017700011376,44.555017700011376, dsf,space,0.19588810001732782,,,,,263839,001,2023-08-25_16h01.21.777,Recognizability_SONA,2022.2.5,60.838796655787846,
berko,2_2.PNG,stems_all/2_2.PNG,familiar,,,,,2,12,48,13,,,,,,,,,,,,,,,,,,,,,,,,,,,,,,,,,,,,,,,,,,,,,,,,,,,,,,,,,,,,,,,,,,,,,44.78836230002344,44.78836230002344,44.78836230002344,44.78836230002344,44.78836230002344, dsfdsf,space,0.20657669997308403,,,,,263839,001,2023-08-25_16h01.21.777,Recognizability_SONA,2022.2.5,60.838796655787846,
berko,2_dim_sg.PNG,stems_all/2_dim_sg.PNG,familiar,,,,,2,13,49,1,,,,,,,,,,,,,,,,,,,,,,,,,,,,,,,,,,,,,,,,,,,,,,,,,,,,,,,,,,,,,,,,,,,,,45.021657400007825,45.021657400007825,45.021657400007825,45.021657400007825,45.021657400007825, dsf,space,0.18233300000429153,,,,,263839,001,2023-08-25_16h01.21.777,Recognizability_SONA,2022.2.5,60.838796655787846,
kora,3_dim_pl.PNG,stems_all/3_dim_pl.PNG,familiar,,,,,2,14,50,8,,,,,,,,,,,,,,,,,,,,,,,,,,,,,,,,,,,,,,,,,,,,,,,,,,,,,,,,,,,,,,,,,,,,,45.221616100054234,45.221616100054234,45.221616100054234,45.221616100054234,45.221616100054234, fds,space,0.21439459995599464,,,,,263839,001,2023-08-25_16h01.21.777,Recognizability_SONA,2022.2.5,60.838796655787846,
shinder,15_dim_sg.PNG,stems_all/15_dim_sg.PNG,novel,,,,,2,15,51,5,,,,,,,,,,,,,,,,,,,,,,,,,,,,,,,,,,,,,,,,,,,,,,,,,,,,,,,,,,,,,,,,,,,,,45.455034400045406,45.455034400045406,45.455034400045406,45.455034400045406,45.455034400045406, dfs ,space,0.18505450000520796,,,,,263839,001,2023-08-25_16h01.21.777,Recognizability_SONA,2022.2.5,60.838796655787846,
kora,3_dim_sg.PNG,stems_all/3_dim_sg.PNG,familiar,,,,,2,16,52,2,,,,,,,,,,,,,,,,,,,,,,,,,,,,,,,,,,,,,,,,,,,,,,,,,,,,,,,,,,,,,,,,,,,,,45.67162370000733,45.67162370000733,45.67162370000733,45.67162370000733,45.67162370000733,dsf,space,0.1554791000089608,,,,,263839,001,2023-08-25_16h01.21.777,Recognizability_SONA,2022.2.5,60.838796655787846,
berko,2_dim_pl.PNG,stems_all/2_dim_pl.PNG,familiar,,,,,2,17,53,7,,,,,,,,,,,,,,,,,,,,,,,,,,,,,,,,,,,,,,,,,,,,,,,,,,,,,,,,,,,,,,,,,,,,,45.854967100021895,45.854967100021895,45.854967100021895,45.854967100021895,45.854967100021895, dsf,space,0.1752501000300981,,,,,263839,001,2023-08-25_16h01.21.777,Recognizability_SONA,2022.2.5,60.838796655787846,
shinder,15_2.PNG,stems_all/15_2.PNG,novel,,,,,3,0,54,17,,,,,,,,,,,,,,,,,,,,,,,,,,,,,,,,,,,,,,,,,,,,,,,,,,,,,,,,,,,,,,,,,,,,,46.054962900001556,46.054962900001556,46.054962900001556,46.054962900001556,46.054962900001556, dsfdf s,space,0.15123329998459667,,,,,263839,001,2023-08-25_16h01.21.777,Recognizability_SONA,2022.2.5,60.838796655787846,
bal,1_dim_pl.PNG,stems_all/1_dim_pl.PNG,familiar,,,,,3,1,55,6,,,,,,,,,,,,,,,,,,,,,,,,,,,,,,,,,,,,,,,,,,,,,,,,,,,,,,,,,,,,,,,,,,,,,46.23830720002297,46.23830720002297,46.23830720002297,46.23830720002297,46.23830720002297,dsf,space,0.17295709997415543,,,,,263839,001,2023-08-25_16h01.21.777,Recognizability_SONA,2022.2.5,60.838796655787846,
pil,13_2.PNG,stems_all/13_2.PNG,novel,,,,,3,2,56,15,,,,,,,,,,,,,,,,,,,,,,,,,,,,,,,,,,,,,,,,,,,,,,,,,,,,,,,,,,,,,,,,,,,,,46.43829750001896,46.43829750001896,46.43829750001896,46.43829750001896,46.43829750001896, dsf,space,0.1579741000314243,,,,,263839,001,2023-08-25_16h01.21.777,Recognizability_SONA,2022.2.5,60.838796655787846,
berko,2_dim_sg.PNG,stems_all/2_dim_sg.PNG,familiar,,,,,3,3,57,1,,,,,,,,,,,,,,,,,,,,,,,,,,,,,,,,,,,,,,,,,,,,,,,,,,,,,,,,,,,,,,,,,,,,,46.62168190005468,46.62168190005468,46.62168190005468,46.62168190005468,46.62168190005468, sdf,space,0.16168800002196804,,,,,263839,001,2023-08-25_16h01.21.777,Recognizability_SONA,2022.2.5,60.838796655787846,
kora,3_dim_pl.PNG,stems_all/3_dim_pl.PNG,familiar,,,,,3,4,58,8,,,,,,,,,,,,,,,,,,,,,,,,,,,,,,,,,,,,,,,,,,,,,,,,,,,,,,,,,,,,,,,,,,,,,46.805002000008244,46.805002000008244,46.805002000008244,46.805002000008244,46.805002000008244, sdf,space,0.17240030004177243,,,,,263839,001,2023-08-25_16h01.21.777,Recognizability_SONA,2022.2.5,60.838796655787846,
pil,13_dim_pl.PNG,stems_all/13_dim_pl.PNG,novel,,,,,3,5,59,9,,,,,,,,,,,,,,,,,,,,,,,,,,,,,,,,,,,,,,,,,,,,,,,,,,,,,,,,,,,,,,,,,,,,,47.004991300054826,47.004991300054826,47.004991300054826,47.004991300054826,47.004991300054826, fsd,space,0.16947639995487407,,,,,263839,001,2023-08-25_16h01.21.777,Recognizability_SONA,2022.2.5,60.838796655787846,
kora,3_2.PNG,stems_all/3_2.PNG,familiar,,,,,3,6,60,14,,,,,,,,,,,,,,,,,,,,,,,,,,,,,,,,,,,,,,,,,,,,,,,,,,,,,,,,,,,,,,,,,,,,,47.20527370000491,47.20527370000491,47.20527370000491,47.20527370000491,47.20527370000491, fds,space,0.21121650002896786,,,,,263839,001,2023-08-25_16h01.21.777,Recognizability_SONA,2022.2.5,60.838796655787846,
shinder,15_dim_sg.PNG,stems_all/15_dim_sg.PNG,novel,,,,,3,7,61,5,,,,,,,,,,,,,,,,,,,,,,,,,,,,,,,,,,,,,,,,,,,,,,,,,,,,,,,,,,,,,,,,,,,,,47.438320000015665,47.438320000015665,47.438320000015665,47.438320000015665,47.438320000015665, fds,space,0.144205599965062,,,,,263839,001,2023-08-25_16h01.21.777,Recognizability_SONA,2022.2.5,60.838796655787846,
bal,1_dim_sg.PNG,stems_all/1_dim_sg.PNG,familiar,,,,,3,8,62,0,,,,,,,,,,,,,,,,,,,,,,,,,,,,,,,,,,,,,,,,,,,,,,,,,,,,,,,,,,,,,,,,,,,,,47.60499370004982,47.60499370004982,47.60499370004982,47.60499370004982,47.60499370004982, ds,space,0.17457770003238693,,,,,263839,001,2023-08-25_16h01.21.777,Recognizability_SONA,2022.2.5,60.838796655787846,
shinti,14_dim_pl.PNG,stems_all/14_dim_pl.PNG,novel,,,,,3,9,63,10,,,,,,,,,,,,,,,,,,,,,,,,,,,,,,,,,,,,,,,,,,,,,,,,,,,,,,,,,,,,,,,,,,,,,47.804999500047415,47.804999500047415,47.804999500047415,47.804999500047415,47.804999500047415, fds,space,0.19562769995536655,,,,,263839,001,2023-08-25_16h01.21.777,Recognizability_SONA,2022.2.5,60.838796655787846,
shinti,14_dim_sg.PNG,stems_all/14_dim_sg.PNG,novel,,,,,3,10,64,4,,,,,,,,,,,,,,,,,,,,,,,,,,,,,,,,,,,,,,,,,,,,,,,,,,,,,,,,,,,,,,,,,,,,,48.02166330005275,48.02166330005275,48.02166330005275,48.02166330005275,48.02166330005275,df sdfs,space,0.19003659998998046,,,,,263839,001,2023-08-25_16h01.21.777,Recognizability_SONA,2022.2.5,60.838796655787846,
shinti,14_2.PNG,stems_all/14_2.PNG,novel,,,,,3,11,65,16,,,,,,,,,,,,,,,,,,,,,,,,,,,,,,,,,,,,,,,,,,,,,,,,,,,,,,,,,,,,,,,,,,,,,48.238326400052756,48.238326400052756,48.238326400052756,48.238326400052756,48.238326400052756, sdf,space,0.18639109999639913,,,,,263839,001,2023-08-25_16h01.21.777,Recognizability_SONA,2022.2.5,60.838796655787846,
kora,3_dim_sg.PNG,stems_all/3_dim_sg.PNG,familiar,,,,,3,12,66,2,,,,,,,,,,,,,,,,,,,,,,,,,,,,,,,,,,,,,,,,,,,,,,,,,,,,,,,,,,,,,,,,,,,,,48.455055200029165,48.455055200029165,48.455055200029165,48.455055200029165,48.455055200029165, fds ,space,0.18378630001097918,,,,,263839,001,2023-08-25_16h01.21.777,Recognizability_SONA,2022.2.5,60.838796655787846,
bal,1_2.PNG,stems_all/1_2.PNG,familiar,,,,,3,13,67,12,,,,,,,,,,,,,,,,,,,,,,,,,,,,,,,,,,,,,,,,,,,,,,,,,,,,,,,,,,,,,,,,,,,,,48.67171210004017,48.67171210004017,48.67171210004017,48.67171210004017,48.67171210004017,fds,space,0.16511120001086965,,,,,263839,001,2023-08-25_16h01.21.777,Recognizability_SONA,2022.2.5,60.838796655787846,
shinder,15_dim_pl.PNG,stems_all/15_dim_pl.PNG,novel,,,,,3,14,68,11,,,,,,,,,,,,,,,,,,,,,,,,,,,,,,,,,,,,,,,,,,,,,,,,,,,,,,,,,,,,,,,,,,,,,48.85500950005371,48.85500950005371,48.85500950005371,48.85500950005371,48.85500950005371, sda,space,0.2758691999479197,,,,,263839,001,2023-08-25_16h01.21.777,Recognizability_SONA,2022.2.5,60.838796655787846,
berko,2_2.PNG,stems_all/2_2.PNG,familiar,,,,,3,15,69,13,,,,,,,,,,,,,,,,,,,,,,,,,,,,,,,,,,,,,,,,,,,,,,,,,,,,,,,,,,,,,,,,,,,,,49.15500550001161,49.15500550001161,49.15500550001161,49.15500550001161,49.15500550001161, f,space,0.22794280003290623,,,,,263839,001,2023-08-25_16h01.21.777,Recognizability_SONA,2022.2.5,60.838796655787846,
pil,13_dim_sg.PNG,stems_all/13_dim_sg.PNG,novel,,,,,3,16,70,3,,,,,,,,,,,,,,,,,,,,,,,,,,,,,,,,,,,,,,,,,,,,,,,,,,,,,,,,,,,,,,,,,,,,,49.40502110001398,49.40502110001398,49.40502110001398,49.40502110001398,49.40502110001398,a sdffasdf,space,0.8901521999505349,,,,,263839,001,2023-08-25_16h01.21.777,Recognizability_SONA,2022.2.5,60.838796655787846,
berko,2_dim_pl.PNG,stems_all/2_dim_pl.PNG,familiar,,,,,3,17,71,7,,,,,,,,,,,,,,,,,,,,,,,,,,,,,,,,,,,,,,,,,,,,,,,,,,,,,,,,,,,,,,,,,,,,,50.32168840005761,50.32168840005761,50.32168840005761,50.32168840005761,50.32168840005761, sdaf,space,0.5805995999835432,,,,,263839,001,2023-08-25_16h01.21.777,Recognizability_SONA,2022.2.5,60.838796655787846,
,,,,,,,,,,,,,,,,,,,,,,,,,,,,,,,,,,,,,,,,,,,,,,,,,,,,,,,,,,,,,,,,,,,,,,,,,,,,,,,,,,,,,,,,50.92173710005591,50.92173710005591,space,1.2148385999607854,263839,001,2023-08-25_16h01.21.777,Recognizability_SONA,2022.2.5,60.838796655787846,
