﻿select_condition,stem,suffix,label,stem_filename,file,filepath,image_size,prod_label,prod_image1,prod_image2,prod_condition,alt_image1,alt_image2,prod_image2_size,alt_image2_size,prod_image2_location,alt_image1_location,alt_image2_location,label1,suffix1,label2,suffix2,comp_image,comp_condition_stem,comp_condition_suffix,image1,comp_image_size,demo_info.thisRepN,demo_info.thisTrialN,demo_info.thisN,demo_info.thisIndex,pretraining_plus_test.thisRepN,pretraining_plus_test.thisTrialN,pretraining_plus_test.thisN,pretraining_plus_test.thisIndex,which_condition.thisRepN,which_condition.thisTrialN,which_condition.thisN,which_condition.thisIndex,training_block.thisRepN,training_block.thisTrialN,training_block.thisN,training_block.thisIndex,production_block.thisRepN,production_block.thisTrialN,production_block.thisN,production_block.thisIndex,forced_choice_block.thisRepN,forced_choice_block.thisTrialN,forced_choice_block.thisN,forced_choice_block.thisIndex,pretraining,condition,begin_text.started,key_resp_11.started,key_resp_11.keys,key_resp_11.rt,consent_image.started,text_10.started,consent_resp.started,consent_resp.keys,consent_resp.rt,demographic_instr.started,text_9.started,key_resp_3.started,key_resp_3.keys,key_resp_3.rt,age_text.started,textbox.started,key_resp_5.started,text_3.started,textbox.text,key_resp_5.keys,key_resp_5.rt,age_text_2.started,textbox_2.started,key_resp_6.started,text_4.started,textbox_2.text,key_resp_6.keys,key_resp_6.rt,age_text_3.started,textbox_3.started,key_resp_7.started,text_5.started,textbox_3.text,key_resp_7.keys,key_resp_7.rt,age_text_5.started,textbox_5.started,key_resp_9.started,text_7.started,textbox_5.text,key_resp_9.keys,key_resp_9.rt,age_text_6.started,textbox_6.started,key_resp_10.started,text_8.started,textbox_6.text,key_resp_10.keys,key_resp_10.rt,age_text_4.started,textbox_4.started,key_resp_8.started,text_6.started,textbox_4.text,key_resp_8.keys,key_resp_8.rt,instructions_text.started,key_resp_4.started,key_resp_4.keys,key_resp_4.rt,experiment_start.started,experiment_start_resp.started,experiment_start_resp.keys,experiment_start_resp.rt,image.started,text_11.started,textbox_7.started,key_resp_18.started,textbox_7.text,key_resp_18.keys,key_resp_18.rt,instr.started,key_resp_14.started,key_resp_14.keys,key_resp_14.rt,image_prod1.started,production_image.started,image_2.started,alternate_image2.started,image_3.started,image_prod1.stopped,production_text.started,prod_resp.started,text_12.started,key_resp_15.started,image_2.stopped,alternate_image2.stopped,image_3.stopped,prod_resp.text,key_resp_15.keys,key_resp_15.rt,text_13.started,key_resp_17.started,key_resp_17.keys,key_resp_17.rt,comp_label1_location,comp_label2_location,first_image.started,image_comp.started,text_14.started,label_right.started,key_resp_16.started,text_15.started,text_16.started,first_image.stopped,key_resp_16.keys,key_resp_16.rt,image_comp.stopped,text_14.stopped,label_right.stopped,key_resp_16.stopped,text_15.stopped,text_16.stopped,experiment_over.started,key_resp_13.started,key_resp_13.keys,key_resp_13.rt,participant,session,date,expName,psychopyVersion,frameRate,
,,,,,,,,,,,,,,,,,,,,,,,,,,,,,,,,,,,,,,,,,,,,,,,,,,,,0,1,9.337841400061734,9.337841400061734,space,3.0614569999743253,,,,,,,,,,,,,,,,,,,,,,,,,,,,,,,,,,,,,,,,,,,,,,,,,,,,,,,,,,,,,,,,,,,,,,,,,,,,,,,,,,,,,,,,,,,,,,,,,,,,,,,,,,,,,,,,,,295725,001,2023-09-22_14h36.41.784,generalizability,2022.2.5,60.000744042831414,
,,,,,,,,,,,,,,,,,,,,,,,,,,,,0,0,0,0,,,,,,,,,,,,,,,,,,,,,,,,,,,12.420002500060946,12.420002500060946,12.420002500060946,space,6.781814499991015,19.236767600057647,19.236767600057647,19.236767600057647,space,3.888458399916999,23.153445100062527,23.153445100062527,23.153445100062527,23.153445100062527, 25,tab,4.142701499979012,27.32014139997773,27.32014139997773,27.32014139997773,27.32014139997773,Male,tab,3.7128399999346584,31.053565100068226,31.053565100068226,31.053565100068226,31.053565100068226,White,tab,1.971852199989371,33.053520500077866,33.053520500077866,33.053520500077866,33.053520500077866,English,tab,3.050979500054382,36.136923099984415,36.136923099984415,36.136923099984415,36.136923099984415,"Korean, learned in college",tab,6.577481499989517,42.7370430000592,42.7370430000592,42.7370430000592,42.7370430000592,Connecticut,tab,3.1350702999625355,,,,,,,,,,,,,,,,,,,,,,,,,,,,,,,,,,,,,,,,,,,,,,,,,,,,,,,,,,,,,,295725,001,2023-09-22_14h36.41.784,generalizability,2022.2.5,60.000744042831414,
,,,,,,,,,,,,,,,,,,,,,,,,,,,,,,,,,,,,,,,,,,,,,,,,,,,,,,,,,,,,,,,,,,,,,,,,,,,,,,,,,,,,,,,,,,,,,,,,,,,,,,,,,,,,,,45.92035090003628,45.92035090003628,space,6.044270499958657,,,,,,,,,,,,,,,,,,,,,,,,,,,,,,,,,,,,,,,,,,,,,,,,,,,,,,,,,,295725,001,2023-09-22_14h36.41.784,generalizability,2022.2.5,60.000744042831414,
,,,,,,,,,,,,,,,,,,,,,,,,,,,,,,,,,,,,,,,,,,,,,,,,,,,,,,,,,,,,,,,,,,,,,,,,,,,,,,,,,,,,,,,,,,,,,,,,,,,,,,,,,,,,,,,,,,51.987143000005744,51.987143000005744,space,9.245547900092788,,,,,,,,,,,,,,,,,,,,,,,,,,,,,,,,,,,,,,,,,,,,,,,,,,,,,,295725,001,2023-09-22_14h36.41.784,generalizability,2022.2.5,60.000744042831414,
Condition1.csv,kora,nem,koranem,3,3_dim_sg.PNG,stems_all/3_dim_sg.PNG,"[0.2, 0.2]",,,,,,,,,,,,,,,,,,,,,,,,,,,,,0,0,0,0,0,0,0,20,,,,,,,,,,,,,,,,,,,,,,,,,,,,,,,,,,,,,,,,,,,,,,,,,,,,,,,,,,,,,,,,,,,,,,,,,,,61.48722340003587,61.48722340003587,61.48722340003587,61.48722340003587,koranem,m,1.6198750999756157,,,,,,,,,,,,,,,,,,,,,,,,,,,,,,,,,,,,,,,,,,,,,,,295725,001,2023-09-22_14h36.41.784,generalizability,2022.2.5,60.000744042831414,
Condition1.csv,chool,dan,chooldan,7,7_2.PNG,stems_all/7_2.PNG,"[0.35, 0.35]",,,,,,,,,,,,,,,,,,,,,,,,,,,,,0,0,0,0,0,1,1,6,,,,,,,,,,,,,,,,,,,,,,,,,,,,,,,,,,,,,,,,,,,,,,,,,,,,,,,,,,,,,,,,,,,,,,,,,,,63.38725919998251,63.38725919998251,63.38725919998251,63.38725919998251,chooldan,n,1.7352887000888586,,,,,,,,,,,,,,,,,,,,,,,,,,,,,,,,,,,,,,,,,,,,,,,295725,001,2023-09-22_14h36.41.784,generalizability,2022.2.5,60.000744042831414,
Condition1.csv,berko,dan,berkodan,2,2_2.PNG,stems_all/2_2.PNG,"[0.35, 0.35]",,,,,,,,,,,,,,,,,,,,,,,,,,,,,0,0,0,0,0,2,2,1,,,,,,,,,,,,,,,,,,,,,,,,,,,,,,,,,,,,,,,,,,,,,,,,,,,,,,,,,,,,,,,,,,,,,,,,,,,65.40391930006444,65.40391930006444,65.40391930006444,65.40391930006444,berkodan,n,2.4042470999993384,,,,,,,,,,,,,,,,,,,,,,,,,,,,,,,,,,,,,,,,,,,,,,,295725,001,2023-09-22_14h36.41.784,generalizability,2022.2.5,60.000744042831414,
Condition1.csv,mero,dan,merodan,12,12_2.PNG,stems_all/12_2.PNG,"[0.35, 0.35]",,,,,,,,,,,,,,,,,,,,,,,,,,,,,0,0,0,0,0,3,3,11,,,,,,,,,,,,,,,,,,,,,,,,,,,,,,,,,,,,,,,,,,,,,,,,,,,,,,,,,,,,,,,,,,,,,,,,,,,68.08731610001996,68.08731610001996,68.08731610001996,68.08731610001996,merodan,n,1.3137255000183359,,,,,,,,,,,,,,,,,,,,,,,,,,,,,,,,,,,,,,,,,,,,,,,295725,001,2023-09-22_14h36.41.784,generalizability,2022.2.5,60.000744042831414,
Condition1.csv,kora,nem,koranem,3,3_dim_sg.PNG,stems_all/3_dim_sg.PNG,"[0.2, 0.2]",,,,,,,,,,,,,,,,,,,,,,,,,,,,,0,0,0,0,0,4,4,21,,,,,,,,,,,,,,,,,,,,,,,,,,,,,,,,,,,,,,,,,,,,,,,,,,,,,,,,,,,,,,,,,,,,,,,,,,,69.67069499997888,69.67069499997888,69.67069499997888,69.67069499997888,koranem,m,1.5137841999530792,,,,,,,,,,,,,,,,,,,,,,,,,,,,,,,,,,,,,,,,,,,,,,,295725,001,2023-09-22_14h36.41.784,generalizability,2022.2.5,60.000744042831414,
Condition1.csv,berko,sil,berkosil,2,2_2.PNG,stems_all/2_2.PNG,"[0.35, 0.35]",,,,,,,,,,,,,,,,,,,,,,,,,,,,,0,0,0,0,0,5,5,25,,,,,,,,,,,,,,,,,,,,,,,,,,,,,,,,,,,,,,,,,,,,,,,,,,,,,,,,,,,,,,,,,,,,,,,,,,,71.45402649999596,71.45402649999596,71.45402649999596,71.45402649999596,berkosil,l,1.470405700034462,,,,,,,,,,,,,,,,,,,,,,,,,,,,,,,,,,,,,,,,,,,,,,,295725,001,2023-09-22_14h36.41.784,generalizability,2022.2.5,60.000744042831414,
Condition1.csv,kora,nem,koranem,3,3_dim_sg.PNG,stems_all/3_dim_sg.PNG,"[0.2, 0.2]",,,,,,,,,,,,,,,,,,,,,,,,,,,,,0,0,0,0,0,6,6,22,,,,,,,,,,,,,,,,,,,,,,,,,,,,,,,,,,,,,,,,,,,,,,,,,,,,,,,,,,,,,,,,,,,,,,,,,,,73.20403979998082,73.20403979998082,73.20403979998082,73.20403979998082,koranem,m,1.3247608999954537,,,,,,,,,,,,,,,,,,,,,,,,,,,,,,,,,,,,,,,,,,,,,,,295725,001,2023-09-22_14h36.41.784,generalizability,2022.2.5,60.000744042831414,
Condition1.csv,bal,nem,balnem,1,1_dim_sg.PNG,stems_all/1_dim_sg.PNG,"[0.2, 0.2]",,,,,,,,,,,,,,,,,,,,,,,,,,,,,0,0,0,0,0,7,7,15,,,,,,,,,,,,,,,,,,,,,,,,,,,,,,,,,,,,,,,,,,,,,,,,,,,,,,,,,,,,,,,,,,,,,,,,,,,74.8040592999896,74.8040592999896,74.8040592999896,74.8040592999896,balnem,m,1.3321350999176502,,,,,,,,,,,,,,,,,,,,,,,,,,,,,,,,,,,,,,,,,,,,,,,295725,001,2023-09-22_14h36.41.784,generalizability,2022.2.5,60.000744042831414,
Condition1.csv,bal,nem,balnem,1,1_dim_sg.PNG,stems_all/1_dim_sg.PNG,"[0.2, 0.2]",,,,,,,,,,,,,,,,,,,,,,,,,,,,,0,0,0,0,0,8,8,14,,,,,,,,,,,,,,,,,,,,,,,,,,,,,,,,,,,,,,,,,,,,,,,,,,,,,,,,,,,,,,,,,,,,,,,,,,,76.40406830003485,76.40406830003485,76.40406830003485,76.40406830003485,balnem,m,1.2325087999925017,,,,,,,,,,,,,,,,,,,,,,,,,,,,,,,,,,,,,,,,,,,,,,,295725,001,2023-09-22_14h36.41.784,generalizability,2022.2.5,60.000744042831414,
Condition1.csv,berko,nem,berkonem,2,2_dim_sg.PNG,stems_all/2_dim_sg.PNG,"[0.2, 0.2]",,,,,,,,,,,,,,,,,,,,,,,,,,,,,0,0,0,0,0,9,9,17,,,,,,,,,,,,,,,,,,,,,,,,,,,,,,,,,,,,,,,,,,,,,,,,,,,,,,,,,,,,,,,,,,,,,,,,,,,77.90407859999686,77.90407859999686,77.90407859999686,77.90407859999686,berkonem,m,1.5559460000367835,,,,,,,,,,,,,,,,,,,,,,,,,,,,,,,,,,,,,,,,,,,,,,,295725,001,2023-09-22_14h36.41.784,generalizability,2022.2.5,60.000744042831414,
Condition1.csv,bal,sil,balsil,1,1_2.PNG,stems_all/1_2.PNG,"[0.35, 0.35]",,,,,,,,,,,,,,,,,,,,,,,,,,,,,0,0,0,0,0,10,10,24,,,,,,,,,,,,,,,,,,,,,,,,,,,,,,,,,,,,,,,,,,,,,,,,,,,,,,,,,,,,,,,,,,,,,,,,,,,79.7374549000524,79.7374549000524,79.7374549000524,79.7374549000524,balsil,l,2.065096399979666,,,,,,,,,,,,,,,,,,,,,,,,,,,,,,,,,,,,,,,,,,,,,,,295725,001,2023-09-22_14h36.41.784,generalizability,2022.2.5,60.000744042831414,
Condition1.csv,bani,dan,banidan,6,6_2.PNG,stems_all/6_2.PNG,"[0.35, 0.35]",,,,,,,,,,,,,,,,,,,,,,,,,,,,,0,0,0,0,0,11,11,5,,,,,,,,,,,,,,,,,,,,,,,,,,,,,,,,,,,,,,,,,,,,,,,,,,,,,,,,,,,,,,,,,,,,,,,,,,,82.07100880006328,82.07100880006328,82.07100880006328,82.07100880006328,banidan,n,1.5009641000069678,,,,,,,,,,,,,,,,,,,,,,,,,,,,,,,,,,,,,,,,,,,,,,,295725,001,2023-09-22_14h36.41.784,generalizability,2022.2.5,60.000744042831414,
Condition1.csv,bal,dan,baldan,1,1_2.PNG,stems_all/1_2.PNG,"[0.35, 0.35]",,,,,,,,,,,,,,,,,,,,,,,,,,,,,0,0,0,0,0,12,12,0,,,,,,,,,,,,,,,,,,,,,,,,,,,,,,,,,,,,,,,,,,,,,,,,,,,,,,,,,,,,,,,,,,,,,,,,,,,83.8374776999699,83.8374776999699,83.8374776999699,83.8374776999699,baldan,n,1.2618272999534383,,,,,,,,,,,,,,,,,,,,,,,,,,,,,,,,,,,,,,,,,,,,,,,295725,001,2023-09-22_14h36.41.784,generalizability,2022.2.5,60.000744042831414,
Condition1.csv,bal,shoon,balshoon,1,1_dim_sg.PNG,stems_all/1_dim_sg.PNG,"[0.2, 0.2]",,,,,,,,,,,,,,,,,,,,,,,,,,,,,0,0,0,0,0,13,13,27,,,,,,,,,,,,,,,,,,,,,,,,,,,,,,,,,,,,,,,,,,,,,,,,,,,,,,,,,,,,,,,,,,,,,,,,,,,85.38755920005497,85.38755920005497,85.38755920005497,85.38755920005497,balshoon,n,1.622209299937822,,,,,,,,,,,,,,,,,,,,,,,,,,,,,,,,,,,,,,,,,,,,,,,295725,001,2023-09-22_14h36.41.784,generalizability,2022.2.5,60.000744042831414,
Condition1.csv,kora,nem,koranem,3,3_dim_sg.PNG,stems_all/3_dim_sg.PNG,"[0.2, 0.2]",,,,,,,,,,,,,,,,,,,,,,,,,,,,,0,0,0,0,0,14,14,23,,,,,,,,,,,,,,,,,,,,,,,,,,,,,,,,,,,,,,,,,,,,,,,,,,,,,,,,,,,,,,,,,,,,,,,,,,,87.28752030001488,87.28752030001488,87.28752030001488,87.28752030001488,koranem,m,1.5506959999911487,,,,,,,,,,,,,,,,,,,,,,,,,,,,,,,,,,,,,,,,,,,,,,,295725,001,2023-09-22_14h36.41.784,generalizability,2022.2.5,60.000744042831414,
Condition1.csv,berko,nem,berkonem,2,2_dim_sg.PNG,stems_all/2_dim_sg.PNG,"[0.2, 0.2]",,,,,,,,,,,,,,,,,,,,,,,,,,,,,0,0,0,0,0,15,15,16,,,,,,,,,,,,,,,,,,,,,,,,,,,,,,,,,,,,,,,,,,,,,,,,,,,,,,,,,,,,,,,,,,,,,,,,,,,89.1042032999685,89.1042032999685,89.1042032999685,89.1042032999685,berkonem,m,1.5334198999917135,,,,,,,,,,,,,,,,,,,,,,,,,,,,,,,,,,,,,,,,,,,,,,,295725,001,2023-09-22_14h36.41.784,generalizability,2022.2.5,60.000744042831414,
Condition1.csv,bin,dan,bindan,11,11_2.PNG,stems_all/11_2.PNG,"[0.35, 0.35]",,,,,,,,,,,,,,,,,,,,,,,,,,,,,0,0,0,0,0,16,16,10,,,,,,,,,,,,,,,,,,,,,,,,,,,,,,,,,,,,,,,,,,,,,,,,,,,,,,,,,,,,,,,,,,,,,,,,,,,90.90425819996744,90.90425819996744,90.90425819996744,90.90425819996744,bindan,n,1.3177325000287965,,,,,,,,,,,,,,,,,,,,,,,,,,,,,,,,,,,,,,,,,,,,,,,295725,001,2023-09-22_14h36.41.784,generalizability,2022.2.5,60.000744042831414,
Condition1.csv,kora,sil,korasil,3,3_2.PNG,stems_all/3_2.PNG,"[0.35, 0.35]",,,,,,,,,,,,,,,,,,,,,,,,,,,,,0,0,0,0,0,17,17,26,,,,,,,,,,,,,,,,,,,,,,,,,,,,,,,,,,,,,,,,,,,,,,,,,,,,,,,,,,,,,,,,,,,,,,,,,,,92.48763380001765,92.48763380001765,92.48763380001765,92.48763380001765,korasil,l,1.3436818000627682,,,,,,,,,,,,,,,,,,,,,,,,,,,,,,,,,,,,,,,,,,,,,,,295725,001,2023-09-22_14h36.41.784,generalizability,2022.2.5,60.000744042831414,
Condition1.csv,berko,nem,berkonem,2,2_dim_sg.PNG,stems_all/2_dim_sg.PNG,"[0.2, 0.2]",,,,,,,,,,,,,,,,,,,,,,,,,,,,,0,0,0,0,0,18,18,18,,,,,,,,,,,,,,,,,,,,,,,,,,,,,,,,,,,,,,,,,,,,,,,,,,,,,,,,,,,,,,,,,,,,,,,,,,,94.10429839999415,94.10429839999415,94.10429839999415,94.10429839999415,berkonem,m,1.533451099996455,,,,,,,,,,,,,,,,,,,,,,,,,,,,,,,,,,,,,,,,,,,,,,,295725,001,2023-09-22_14h36.41.784,generalizability,2022.2.5,60.000744042831414,
Condition1.csv,berko,shoon,berkoshoon,2,2_dim_sg.PNG,stems_all/2_dim_sg.PNG,"[0.2, 0.2]",,,,,,,,,,,,,,,,,,,,,,,,,,,,,0,0,0,0,0,19,19,28,,,,,,,,,,,,,,,,,,,,,,,,,,,,,,,,,,,,,,,,,,,,,,,,,,,,,,,,,,,,,,,,,,,,,,,,,,,95.90429890004452,95.90429890004452,95.90429890004452,95.90429890004452,berkoshoon,n,1.4978231999557465,,,,,,,,,,,,,,,,,,,,,,,,,,,,,,,,,,,,,,,,,,,,,,,295725,001,2023-09-22_14h36.41.784,generalizability,2022.2.5,60.000744042831414,
Condition1.csv,bal,nem,balnem,1,1_dim_sg.PNG,stems_all/1_dim_sg.PNG,"[0.2, 0.2]",,,,,,,,,,,,,,,,,,,,,,,,,,,,,0,0,0,0,0,20,20,12,,,,,,,,,,,,,,,,,,,,,,,,,,,,,,,,,,,,,,,,,,,,,,,,,,,,,,,,,,,,,,,,,,,,,,,,,,,97.67103369999677,97.67103369999677,97.67103369999677,97.67103369999677,balnem,m,1.0123632999602705,,,,,,,,,,,,,,,,,,,,,,,,,,,,,,,,,,,,,,,,,,,,,,,295725,001,2023-09-22_14h36.41.784,generalizability,2022.2.5,60.000744042831414,
Condition1.csv,bal,nem,balnem,1,1_dim_sg.PNG,stems_all/1_dim_sg.PNG,"[0.2, 0.2]",,,,,,,,,,,,,,,,,,,,,,,,,,,,,0,0,0,0,0,21,21,13,,,,,,,,,,,,,,,,,,,,,,,,,,,,,,,,,,,,,,,,,,,,,,,,,,,,,,,,,,,,,,,,,,,,,,,,,,,98.95440250006504,98.95440250006504,98.95440250006504,98.95440250006504,balnem,m,1.1443431000225246,,,,,,,,,,,,,,,,,,,,,,,,,,,,,,,,,,,,,,,,,,,,,,,295725,001,2023-09-22_14h36.41.784,generalizability,2022.2.5,60.000744042831414,
Condition1.csv,kora,dan,koradan,3,3_2.PNG,stems_all/3_2.PNG,"[0.35, 0.35]",,,,,,,,,,,,,,,,,,,,,,,,,,,,,0,0,0,0,0,22,22,2,,,,,,,,,,,,,,,,,,,,,,,,,,,,,,,,,,,,,,,,,,,,,,,,,,,,,,,,,,,,,,,,,,,,,,,,,,,100.37103929999284,100.37103929999284,100.37103929999284,100.37103929999284,koradan,n,1.3820631999988109,,,,,,,,,,,,,,,,,,,,,,,,,,,,,,,,,,,,,,,,,,,,,,,295725,001,2023-09-22_14h36.41.784,generalizability,2022.2.5,60.000744042831414,
Condition1.csv,nako,dan,nakodan,4,4_2.PNG,stems_all/4_2.PNG,"[0.35, 0.35]",,,,,,,,,,,,,,,,,,,,,,,,,,,,,0,0,0,0,0,23,23,3,,,,,,,,,,,,,,,,,,,,,,,,,,,,,,,,,,,,,,,,,,,,,,,,,,,,,,,,,,,,,,,,,,,,,,,,,,,102.02107740007341,102.02107740007341,102.02107740007341,102.02107740007341,nakodan,n,1.394399799988605,,,,,,,,,,,,,,,,,,,,,,,,,,,,,,,,,,,,,,,,,,,,,,,295725,001,2023-09-22_14h36.41.784,generalizability,2022.2.5,60.000744042831414,
Condition1.csv,kora,shoon,korashoon,3,3_dim_sg.PNG,stems_all/3_dim_sg.PNG,"[0.2, 0.2]",,,,,,,,,,,,,,,,,,,,,,,,,,,,,0,0,0,0,0,24,24,29,,,,,,,,,,,,,,,,,,,,,,,,,,,,,,,,,,,,,,,,,,,,,,,,,,,,,,,,,,,,,,,,,,,,,,,,,,,103.68774149997625,103.68774149997625,103.68774149997625,103.68774149997625,korashoon,n,2.073245400097221,,,,,,,,,,,,,,,,,,,,,,,,,,,,,,,,,,,,,,,,,,,,,,,295725,001,2023-09-22_14h36.41.784,generalizability,2022.2.5,60.000744042831414,
Condition1.csv,kudom,dan,kudomdan,8,8_2.PNG,stems_all/8_2.PNG,"[0.35, 0.35]",,,,,,,,,,,,,,,,,,,,,,,,,,,,,0,0,0,0,0,25,25,7,,,,,,,,,,,,,,,,,,,,,,,,,,,,,,,,,,,,,,,,,,,,,,,,,,,,,,,,,,,,,,,,,,,,,,,,,,,106.03779089997988,106.03779089997988,106.03779089997988,106.03779089997988,kudomdan,n,1.7786491999868304,,,,,,,,,,,,,,,,,,,,,,,,,,,,,,,,,,,,,,,,,,,,,,,295725,001,2023-09-22_14h36.41.784,generalizability,2022.2.5,60.000744042831414,
Condition1.csv,berko,nem,berkonem,2,2_dim_sg.PNG,stems_all/2_dim_sg.PNG,"[0.2, 0.2]",,,,,,,,,,,,,,,,,,,,,,,,,,,,,0,0,0,0,0,26,26,19,,,,,,,,,,,,,,,,,,,,,,,,,,,,,,,,,,,,,,,,,,,,,,,,,,,,,,,,,,,,,,,,,,,,,,,,,,,108.08780710003339,108.08780710003339,108.08780710003339,108.08780710003339,berkonem,m,2.3958308999426663,,,,,,,,,,,,,,,,,,,,,,,,,,,,,,,,,,,,,,,,,,,,,,,295725,001,2023-09-22_14h36.41.784,generalizability,2022.2.5,60.000744042831414,
Condition1.csv,pipa,dan,pipadan,5,5_2.PNG,stems_all/5_2.PNG,"[0.35, 0.35]",,,,,,,,,,,,,,,,,,,,,,,,,,,,,0,0,0,0,0,27,27,4,,,,,,,,,,,,,,,,,,,,,,,,,,,,,,,,,,,,,,,,,,,,,,,,,,,,,,,,,,,,,,,,,,,,,,,,,,,110.75451560004149,110.75451560004149,110.75451560004149,110.75451560004149,pipadan,n,1.4534864999586716,,,,,,,,,,,,,,,,,,,,,,,,,,,,,,,,,,,,,,,,,,,,,,,295725,001,2023-09-22_14h36.41.784,generalizability,2022.2.5,60.000744042831414,
Condition1.csv,vorke,dan,vorkedan,10,10_2.PNG,stems_all/10_2.PNG,"[0.35, 0.35]",,,,,,,,,,,,,,,,,,,,,,,,,,,,,0,0,0,0,0,28,28,9,,,,,,,,,,,,,,,,,,,,,,,,,,,,,,,,,,,,,,,,,,,,,,,,,,,,,,,,,,,,,,,,,,,,,,,,,,,112.4879021999659,112.4879021999659,112.4879021999659,112.4879021999659,vorkedan,n,1.7969990000128746,,,,,,,,,,,,,,,,,,,,,,,,,,,,,,,,,,,,,,,,,,,,,,,295725,001,2023-09-22_14h36.41.784,generalizability,2022.2.5,60.000744042831414,
Condition1.csv,osto,dan,ostodan,9,9_2.PNG,stems_all/9_2.PNG,"[0.35, 0.35]",,,,,,,,,,,,,,,,,,,,,,,,,,,,,0,0,0,0,0,29,29,8,,,,,,,,,,,,,,,,,,,,,,,,,,,,,,,,,,,,,,,,,,,,,,,,,,,,,,,,,,,,,,,,,,,,,,,,,,,114.55451260006521,114.55451260006521,114.55451260006521,114.55451260006521,ostodan,n,1.2227354999631643,,,,,,,,,,,,,,,,,,,,,,,,,,,,,,,,,,,,,,,,,,,,,,,295725,001,2023-09-22_14h36.41.784,generalizability,2022.2.5,60.000744042831414,
,,,,,,,,,,,,,,,,,,,,,,,,,,,,,,,,,,,,,,,,,,,,,,,,,,,,,,,,,,,,,,,,,,,,,,,,,,,,,,,,,,,,,,,,,,,,,,,,,,,,,,,,,,,,,,,,,,,,,,,,,,,,,115.82120930007659,115.82120930007659,space,6.089404899976216,,,,,,,,,,,,,,,,,,,,,,,,,,,,,,,,,,,,,,,,,,,295725,001,2023-09-22_14h36.41.784,generalizability,2022.2.5,60.000744042831414,
,,,,,14_dim_sg.PNG,,,shinti,stems_all/14.PNG,stems_all/14_dim_sg.PNG,novel,stems_all/14_dim_pl.PNG,stems_all/14_2.PNG,"[0.2, 0.2]","[0.35, 0.35]","[0.2, 0.2]","[0.2, -0.2]","[-0.2, -0.2]",,,,,,,,,,,,,,,,,,,,,,,,,,0,0,0,4,,,,,,,,,,,,,,,,,,,,,,,,,,,,,,,,,,,,,,,,,,,,,,,,,,,,,,,,,,,,,,,,,,,,,,,,,,,,,,,,,,122.02132970001549,122.42137910006568,122.42137910006568,122.42137910006568,122.42137910006568,122.52130550006405,122.92136280005798,122.92136280005798,122.92136280005798,122.92136280005798,122.92136280005798,122.92136280005798,122.92136280005798,shintinem,return,4.399476199992932,,,,,,,,,,,,,,,,,,,,,,,,,,,295725,001,2023-09-22_14h36.41.784,generalizability,2022.2.5,60.000744042831414,
,,,,,15_dim_pl.PNG,,,shinder,stems_all/15.PNG,stems_all/15_dim_pl.PNG,novel,stems_all/15_dim_sg.PNG,stems_all/15_2.PNG,"[0.2, 0.2]","[0.35, 0.35]","[0.2, -0.2]","[0.2, 0.2]","[-0.2, -0.2]",,,,,,,,,,,,,,,,,,,,,,,,,,0,1,1,11,,,,,,,,,,,,,,,,,,,,,,,,,,,,,,,,,,,,,,,,,,,,,,,,,,,,,,,,,,,,,,,,,,,,,,,,,,,,,,,,,,127.40476040006615,127.82138109998778,127.82138109998778,127.82138109998778,127.82138109998778,127.90482429997064,128.32140909996815,128.32140909996815,128.32140909996815,128.32140909996815,128.32140909996815,128.32140909996815,128.32140909996815,shindernem,return,5.786956000025384,,,,,,,,,,,,,,,,,,,,,,,,,,,295725,001,2023-09-22_14h36.41.784,generalizability,2022.2.5,60.000744042831414,
,,,,,13_2.PNG,,,pil,stems_all/13.PNG,stems_all/13_2.PNG,novel,stems_all/13_dim_sg.PNG,stems_all/13_dim_pl.PNG,"[0.35, 0.35]","[0.2, 0.2]","[-0.2, -0.2]","[0.2, 0.2]","[0.2, -0.2]",,,,,,,,,,,,,,,,,,,,,,,,,,0,2,2,15,,,,,,,,,,,,,,,,,,,,,,,,,,,,,,,,,,,,,,,,,,,,,,,,,,,,,,,,,,,,,,,,,,,,,,,,,,,,,,,,,,134.20480150007643,134.62146609998308,134.62146609998308,134.62146609998308,134.62146609998308,134.70496360003017,135.121642800048,135.121642800048,135.121642800048,135.121642800048,135.121642800048,135.121642800048,135.121642800048,pildan,return,4.1288806000957265,,,,,,,,,,,,,,,,,,,,,,,,,,,295725,001,2023-09-22_14h36.41.784,generalizability,2022.2.5,60.000744042831414,
,,,,,2_2.PNG,,,berko,stems_all/2.PNG,stems_all/2_2.PNG,familiar,stems_all/2_dim_sg.PNG,stems_all/2_dim_pl.PNG,"[0.35, 0.35]","[0.2, 0.2]","[-0.2, -0.2]","[0.2, 0.2]","[0.2, -0.2]",,,,,,,,,,,,,,,,,,,,,,,,,,0,3,3,13,,,,,,,,,,,,,,,,,,,,,,,,,,,,,,,,,,,,,,,,,,,,,,,,,,,,,,,,,,,,,,,,,,,,,,,,,,,,,,,,,,139.30482820002362,139.7548374000471,139.7548374000471,139.7548374000471,139.7548374000471,139.80485680000857,140.2548456999939,140.2548456999939,140.2548456999939,140.2548456999939,140.2548456999939,140.2548456999939,140.2548456999939,berkodan,return,3.36320679995697,,,,,,,,,,,,,,,,,,,,,,,,,,,295725,001,2023-09-22_14h36.41.784,generalizability,2022.2.5,60.000744042831414,
,,,,,2_dim_pl.PNG,,,berko,stems_all/2.PNG,stems_all/2_dim_pl.PNG,familiar,stems_all/2_dim_sg.PNG,stems_all/2_2.PNG,"[0.2, 0.2]","[0.35, 0.35]","[0.2, -0.2]","[0.2, 0.2]","[-0.2, -0.2]",,,,,,,,,,,,,,,,,,,,,,,,,,0,4,4,7,,,,,,,,,,,,,,,,,,,,,,,,,,,,,,,,,,,,,,,,,,,,,,,,,,,,,,,,,,,,,,,,,,,,,,,,,,,,,,,,,,143.63821220002137,144.1218249000376,144.1218249000376,144.1218249000376,144.1218249000376,144.13826090004295,144.6215988000622,144.6215988000622,144.6215988000622,144.6215988000622,144.6215988000622,144.6215988000622,144.6215988000622,berkonem,return,2.1137168999994174,,,,,,,,,,,,,,,,,,,,,,,,,,,295725,001,2023-09-22_14h36.41.784,generalizability,2022.2.5,60.000744042831414,
,,,,,14_dim_pl.PNG,,,shinti,stems_all/14.PNG,stems_all/14_dim_pl.PNG,novel,stems_all/14_dim_sg.PNG,stems_all/14_2.PNG,"[0.2, 0.2]","[0.35, 0.35]","[0.2, -0.2]","[0.2, 0.2]","[-0.2, -0.2]",,,,,,,,,,,,,,,,,,,,,,,,,,0,5,5,10,,,,,,,,,,,,,,,,,,,,,,,,,,,,,,,,,,,,,,,,,,,,,,,,,,,,,,,,,,,,,,,,,,,,,,,,,,,,,,,,,,146.77162859996315,147.23831200005952,147.23831200005952,147.23831200005952,147.23831200005952,147.27160820004065,147.7382703999756,147.7382703999756,147.7382703999756,147.7382703999756,147.7382703999756,147.7382703999756,147.7382703999756,shintinem,return,2.4709858000278473,,,,,,,,,,,,,,,,,,,,,,,,,,,295725,001,2023-09-22_14h36.41.784,generalizability,2022.2.5,60.000744042831414,
,,,,,13_dim_sg.PNG,,,pil,stems_all/13.PNG,stems_all/13_dim_sg.PNG,novel,stems_all/13_dim_pl.PNG,stems_all/13_2.PNG,"[0.2, 0.2]","[0.35, 0.35]","[0.2, 0.2]","[0.2, -0.2]","[-0.2, -0.2]",,,,,,,,,,,,,,,,,,,,,,,,,,0,6,6,3,,,,,,,,,,,,,,,,,,,,,,,,,,,,,,,,,,,,,,,,,,,,,,,,,,,,,,,,,,,,,,,,,,,,,,,,,,,,,,,,,,150.25518300000113,150.72166769998148,150.72166769998148,150.72166769998148,150.72166769998148,150.75514749996364,151.2216873000143,151.2216873000143,151.2216873000143,151.2216873000143,151.2216873000143,151.2216873000143,151.2216873000143,pildan,return,4.429629100020975,,,,,,,,,,,,,,,,,,,,,,,,,,,295725,001,2023-09-22_14h36.41.784,generalizability,2022.2.5,60.000744042831414,
,,,,,15_2.PNG,,,shinder,stems_all/15.PNG,stems_all/15_2.PNG,novel,stems_all/15_dim_sg.PNG,stems_all/15_dim_pl.PNG,"[0.35, 0.35]","[0.2, 0.2]","[-0.2, -0.2]","[0.2, 0.2]","[0.2, -0.2]",,,,,,,,,,,,,,,,,,,,,,,,,,0,7,7,17,,,,,,,,,,,,,,,,,,,,,,,,,,,,,,,,,,,,,,,,,,,,,,,,,,,,,,,,,,,,,,,,,,,,,,,,,,,,,,,,,,155.68841030006297,156.15507209999487,156.15507209999487,156.15507209999487,156.15507209999487,156.18840250000358,156.65510780003387,156.65510780003387,156.65510780003387,156.65510780003387,156.65510780003387,156.65510780003387,156.65510780003387,"shinderdan
",return,2.934086599969305,,,,,,,,,,,,,,,,,,,,,,,,,,,295725,001,2023-09-22_14h36.41.784,generalizability,2022.2.5,60.000744042831414,
,,,,,1_dim_sg.PNG,,,bal,stems_all/1.PNG,stems_all/1_dim_sg.PNG,familiar,stems_all/1_dim_pl.PNG,stems_all/1_2.PNG,"[0.2, 0.2]","[0.35, 0.35]","[0.2, 0.2]","[0.2, -0.2]","[-0.2, -0.2]",,,,,,,,,,,,,,,,,,,,,,,,,,0,8,8,0,,,,,,,,,,,,,,,,,,,,,,,,,,,,,,,,,,,,,,,,,,,,,,,,,,,,,,,,,,,,,,,,,,,,,,,,,,,,,,,,,,159.67211420007516,160.10536829999182,160.10536829999182,160.10536829999182,160.10536829999182,160.1720771000255,160.60516550007742,160.60516550007742,160.60516550007742,160.60516550007742,160.60516550007742,160.60516550007742,160.60516550007742,balnem,return,2.889887099969201,,,,,,,,,,,,,,,,,,,,,,,,,,,295725,001,2023-09-22_14h36.41.784,generalizability,2022.2.5,60.000744042831414,
,,,,,2_dim_sg.PNG,,,berko,stems_all/2.PNG,stems_all/2_dim_sg.PNG,familiar,stems_all/2_dim_pl.PNG,stems_all/2_2.PNG,"[0.2, 0.2]","[0.35, 0.35]","[0.2, 0.2]","[0.2, -0.2]","[-0.2, -0.2]",,,,,,,,,,,,,,,,,,,,,,,,,,0,9,9,1,,,,,,,,,,,,,,,,,,,,,,,,,,,,,,,,,,,,,,,,,,,,,,,,,,,,,,,,,,,,,,,,,,,,,,,,,,,,,,,,,,163.53850620007142,164.0051903000567,164.0051903000567,164.0051903000567,164.0051903000567,164.03864609997254,164.5051888000453,164.5051888000453,164.5051888000453,164.5051888000453,164.5051888000453,164.5051888000453,164.5051888000453,berkonem,return,1.8715229999506846,,,,,,,,,,,,,,,,,,,,,,,,,,,295725,001,2023-09-22_14h36.41.784,generalizability,2022.2.5,60.000744042831414,
,,,,,14_2.PNG,,,shinti,stems_all/14.PNG,stems_all/14_2.PNG,novel,stems_all/14_dim_sg.PNG,stems_all/14_dim_pl.PNG,"[0.35, 0.35]","[0.2, 0.2]","[-0.2, -0.2]","[0.2, 0.2]","[0.2, -0.2]",,,,,,,,,,,,,,,,,,,,,,,,,,0,10,10,16,,,,,,,,,,,,,,,,,,,,,,,,,,,,,,,,,,,,,,,,,,,,,,,,,,,,,,,,,,,,,,,,,,,,,,,,,,,,,,,,,,166.42187099996954,166.88855220004916,166.88855220004916,166.88855220004916,166.88855220004916,166.9218970000511,167.38899830006994,167.38899830006994,167.38899830006994,167.38899830006994,167.38899830006994,167.38899830006994,167.38899830006994,shintidan,return,2.3974451000103727,,,,,,,,,,,,,,,,,,,,,,,,,,,295725,001,2023-09-22_14h36.41.784,generalizability,2022.2.5,60.000744042831414,
,,,,,13_dim_pl.PNG,,,pil,stems_all/13.PNG,stems_all/13_dim_pl.PNG,novel,stems_all/13_dim_sg.PNG,stems_all/13_2.PNG,"[0.2, 0.2]","[0.35, 0.35]","[0.2, -0.2]","[0.2, 0.2]","[-0.2, -0.2]",,,,,,,,,,,,,,,,,,,,,,,,,,0,11,11,9,,,,,,,,,,,,,,,,,,,,,,,,,,,,,,,,,,,,,,,,,,,,,,,,,,,,,,,,,,,,,,,,,,,,,,,,,,,,,,,,,,169.8052275000373,170.28859670006204,170.28859670006204,170.28859670006204,170.28859670006204,170.30528640002012,170.7885914000217,170.7885914000217,170.7885914000217,170.7885914000217,170.7885914000217,170.7885914000217,170.7885914000217,pilnem,return,2.009565000073053,,,,,,,,,,,,,,,,,,,,,,,,,,,295725,001,2023-09-22_14h36.41.784,generalizability,2022.2.5,60.000744042831414,
,,,,,3_dim_pl.PNG,,,kora,stems_all/3.PNG,stems_all/3_dim_pl.PNG,familiar,stems_all/3_dim_sg.PNG,stems_all/3_2.PNG,"[0.2, 0.2]","[0.35, 0.35]","[0.2, -0.2]","[0.2, 0.2]","[-0.2, -0.2]",,,,,,,,,,,,,,,,,,,,,,,,,,0,12,12,8,,,,,,,,,,,,,,,,,,,,,,,,,,,,,,,,,,,,,,,,,,,,,,,,,,,,,,,,,,,,,,,,,,,,,,,,,,,,,,,,,,172.87194169999566,173.30527280003298,173.30527280003298,173.30527280003298,173.30527280003298,173.37195780000184,173.80527760006953,173.80527760006953,173.80527760006953,173.80527760006953,173.80527760006953,173.80527760006953,173.80527760006953,koranem,return,1.8735399999422953,,,,,,,,,,,,,,,,,,,,,,,,,,,295725,001,2023-09-22_14h36.41.784,generalizability,2022.2.5,60.000744042831414,
,,,,,3_2.PNG,,,kora,stems_all/3.PNG,stems_all/3_2.PNG,familiar,stems_all/3_dim_sg.PNG,stems_all/3_dim_pl.PNG,"[0.35, 0.35]","[0.2, 0.2]","[-0.2, -0.2]","[0.2, 0.2]","[0.2, -0.2]",,,,,,,,,,,,,,,,,,,,,,,,,,0,13,13,14,,,,,,,,,,,,,,,,,,,,,,,,,,,,,,,,,,,,,,,,,,,,,,,,,,,,,,,,,,,,,,,,,,,,,,,,,,,,,,,,,,175.70534840004984,176.1887048999779,176.1887048999779,176.1887048999779,176.1887048999779,176.20530390006024,176.6886682000477,176.6886682000477,176.6886682000477,176.6886682000477,176.6886682000477,176.6886682000477,176.6886682000477,koradan,return,1.3476690000388771,,,,,,,,,,,,,,,,,,,,,,,,,,,295725,001,2023-09-22_14h36.41.784,generalizability,2022.2.5,60.000744042831414,
,,,,,1_2.PNG,,,bal,stems_all/1.PNG,stems_all/1_2.PNG,familiar,stems_all/1_dim_sg.PNG,stems_all/1_dim_pl.PNG,"[0.35, 0.35]","[0.2, 0.2]","[-0.2, -0.2]","[0.2, 0.2]","[0.2, -0.2]",,,,,,,,,,,,,,,,,,,,,,,,,,0,14,14,12,,,,,,,,,,,,,,,,,,,,,,,,,,,,,,,,,,,,,,,,,,,,,,,,,,,,,,,,,,,,,,,,,,,,,,,,,,,,,,,,,,178.0720610000426,178.53869990003295,178.53869990003295,178.53869990003295,178.53869990003295,178.57208209997043,179.0387000000337,179.0387000000337,179.0387000000337,179.0387000000337,179.0387000000337,179.0387000000337,179.0387000000337,"baldan
",return,1.4011695999652147,,,,,,,,,,,,,,,,,,,,,,,,,,,295725,001,2023-09-22_14h36.41.784,generalizability,2022.2.5,60.000744042831414,
,,,,,1_dim_pl.PNG,,,bal,stems_all/1.PNG,stems_all/1_dim_pl.PNG,familiar,stems_all/1_dim_sg.PNG,stems_all/1_2.PNG,"[0.2, 0.2]","[0.35, 0.35]","[0.2, -0.2]","[0.2, 0.2]","[-0.2, -0.2]",,,,,,,,,,,,,,,,,,,,,,,,,,0,15,15,6,,,,,,,,,,,,,,,,,,,,,,,,,,,,,,,,,,,,,,,,,,,,,,,,,,,,,,,,,,,,,,,,,,,,,,,,,,,,,,,,,,180.47205089998897,180.95543209998868,180.95543209998868,180.95543209998868,180.95543209998868,180.97206649999134,181.45542979997117,181.45542979997117,181.45542979997117,181.45542979997117,181.45542979997117,181.45542979997117,181.45542979997117,balnem,return,1.196936700027436,,,,,,,,,,,,,,,,,,,,,,,,,,,295725,001,2023-09-22_14h36.41.784,generalizability,2022.2.5,60.000744042831414,
,,,,,15_dim_sg.PNG,,,shinder,stems_all/15.PNG,stems_all/15_dim_sg.PNG,novel,stems_all/15_dim_pl.PNG,stems_all/15_2.PNG,"[0.2, 0.2]","[0.35, 0.35]","[0.2, 0.2]","[0.2, -0.2]","[-0.2, -0.2]",,,,,,,,,,,,,,,,,,,,,,,,,,0,16,16,5,,,,,,,,,,,,,,,,,,,,,,,,,,,,,,,,,,,,,,,,,,,,,,,,,,,,,,,,,,,,,,,,,,,,,,,,,,,,,,,,,,182.68874790007249,183.1554067999823,183.1554067999823,183.1554067999823,183.1554067999823,183.18879350007046,183.65539069997612,183.65539069997612,183.65539069997612,183.65539069997612,183.65539069997612,183.65539069997612,183.65539069997612,shindernem,return,2.28293839993421,,,,,,,,,,,,,,,,,,,,,,,,,,,295725,001,2023-09-22_14h36.41.784,generalizability,2022.2.5,60.000744042831414,
,,,,,3_dim_sg.PNG,,,kora,stems_all/3.PNG,stems_all/3_dim_sg.PNG,familiar,stems_all/3_dim_pl.PNG,stems_all/3_2.PNG,"[0.2, 0.2]","[0.35, 0.35]","[0.2, 0.2]","[0.2, -0.2]","[-0.2, -0.2]",,,,,,,,,,,,,,,,,,,,,,,,,,0,17,17,2,,,,,,,,,,,,,,,,,,,,,,,,,,,,,,,,,,,,,,,,,,,,,,,,,,,,,,,,,,,,,,,,,,,,,,,,,,,,,,,,,,185.9721005000174,186.43876719998661,186.43876719998661,186.43876719998661,186.43876719998661,186.47214069997426,186.93879330006894,186.93879330006894,186.93879330006894,186.93879330006894,186.93879330006894,186.93879330006894,186.93879330006894,koranem,return,1.977164899930358,,,,,,,,,,,,,,,,,,,,,,,,,,,295725,001,2023-09-22_14h36.41.784,generalizability,2022.2.5,60.000744042831414,
,,,,,,,,,,,,,,,,,,,,,,,,,,,,,,,,,,,,,,,,,,,,,,,,,,,,,,,,,,,,,,,,,,,,,,,,,,,,,,,,,,,,,,,,,,,,,,,,,,,,,,,,,,,,,,,,,,,,,,,,,,,,,,,,,,,,,,,,,,,,,,,,,188.93882689997554,188.93882689997554,space,9.535416499944404,,,,,,,,,,,,,,,,,,,,,,,295725,001,2023-09-22_14h36.41.784,generalizability,2022.2.5,60.000744042831414,
,runde,,,,,,,,,,,,,,,,,,rundeshoon,shoon,rundenem,nem,stems_all/18_dim_pl.PNG,novel,dim_pl,stems_all/18.PNG,"[0.2, 0.2]",,,,,,,,,,,,,,,,,,,,,0,0,0,11,,,,,,,,,,,,,,,,,,,,,,,,,,,,,,,,,,,,,,,,,,,,,,,,,,,,,,,,,,,,,,,,,,,,,,,,,,,,,,,,,,,,,,,,,,,,,,,,,,right,left,198.55562530003954,198.68895450001583,198.68895450001583,198.68895450001583,198.68895450001583,198.68895450001583,198.68895450001583,198.7556149000302,left,4.7433957000030205,,,,,,,,,,,295725,001,2023-09-22_14h36.41.784,generalizability,2022.2.5,60.000744042831414,
,runde,,,,,,,,,,,,,,,,,,rundenem,nem,rundeshoon,shoon,stems_all/18_dim_sg.PNG,novel,dim_sg,stems_all/18.PNG,"[0.2, 0.2]",,,,,,,,,,,,,,,,,,,,,0,1,1,29,,,,,,,,,,,,,,,,,,,,,,,,,,,,,,,,,,,,,,,,,,,,,,,,,,,,,,,,,,,,,,,,,,,,,,,,,,,,,,,,,,,,,,,,,,,,,,,,,,left,right,203.47239480004646,203.65563789999578,203.65563789999578,203.65563789999578,203.65563789999578,203.65563789999578,203.65563789999578,203.67237380007282,right,5.701021800050512,,,,,,,,,,,295725,001,2023-09-22_14h36.41.784,generalizability,2022.2.5,60.000744042831414,
,bal,,,,,,,,,,,,,,,,,,baldan,dan,balnem,nem,stems_all/1_dim_pl.PNG,familiar,dim_pl,stems_all/1.PNG,"[0.2, 0.2]",,,,,,,,,,,,,,,,,,,,,0,2,2,0,,,,,,,,,,,,,,,,,,,,,,,,,,,,,,,,,,,,,,,,,,,,,,,,,,,,,,,,,,,,,,,,,,,,,,,,,,,,,,,,,,,,,,,,,,,,,,,,,,right,left,209.38963350001723,209.5724149000598,209.5724149000598,209.5724149000598,209.5724149000598,209.5724149000598,209.5724149000598,209.58908060006797,right,1.5096524000400677,,,,,,,,,,,295725,001,2023-09-22_14h36.41.784,generalizability,2022.2.5,60.000744042831414,
,berko,,,,,,,,,,,,,,,,,,berkosil,sil,berkodan,dan,stems_all/2_dim_pl.PNG,familiar,dim_pl,stems_all/2.PNG,"[0.2, 0.2]",,,,,,,,,,,,,,,,,,,,,0,3,3,13,,,,,,,,,,,,,,,,,,,,,,,,,,,,,,,,,,,,,,,,,,,,,,,,,,,,,,,,,,,,,,,,,,,,,,,,,,,,,,,,,,,,,,,,,,,,,,,,,,right,left,211.122684400063,211.28914060001262,211.28914060001262,211.28914060001262,211.28914060001262,211.28914060001262,211.28914060001262,211.32245049998164,right,6.008328199968673,,,,,,,,,,,295725,001,2023-09-22_14h36.41.784,generalizability,2022.2.5,60.000744042831414,
,lucko,,,,,,,,,,,,,,,,,,luckonem,nem,luckodan,dan,stems_all/17_2.PNG,novel,big,stems_all/17.PNG,"[0.35, 0.35]",,,,,,,,,,,,,,,,,,,,,0,4,4,34,,,,,,,,,,,,,,,,,,,,,,,,,,,,,,,,,,,,,,,,,,,,,,,,,,,,,,,,,,,,,,,,,,,,,,,,,,,,,,,,,,,,,,,,,,,,,,,,,,right,left,217.35580909997225,217.5058480000589,217.5058480000589,217.5058480000589,217.5058480000589,217.5058480000589,217.5058480000589,217.5558523000218,left,1.7470767999766394,,,,,,,,,,,295725,001,2023-09-22_14h36.41.784,generalizability,2022.2.5,60.000744042831414,
,bal,,,,,,,,,,,,,,,,,,balshoon,shoon,balnem,nem,stems_all/1_dim_sg.PNG,familiar,dim_sg,stems_all/1.PNG,"[0.2, 0.2]",,,,,,,,,,,,,,,,,,,,,0,5,5,24,,,,,,,,,,,,,,,,,,,,,,,,,,,,,,,,,,,,,,,,,,,,,,,,,,,,,,,,,,,,,,,,,,,,,,,,,,,,,,,,,,,,,,,,,,,,,,,,,,left,right,219.27250910003204,219.45588110003155,219.45588110003155,219.45588110003155,219.45588110003155,219.45588110003155,219.45588110003155,219.472518100054,left,2.072561900014989,,,,,,,,,,,295725,001,2023-09-22_14h36.41.784,generalizability,2022.2.5,60.000744042831414,
,bassi,,,,,,,,,,,,,,,,,,bassidan,dan,bassinem,nem,stems_all/16_dim_sg.PNG,novel,dim_sg,stems_all/16.PNG,"[0.2, 0.2]",,,,,,,,,,,,,,,,,,,,,0,6,6,21,,,,,,,,,,,,,,,,,,,,,,,,,,,,,,,,,,,,,,,,,,,,,,,,,,,,,,,,,,,,,,,,,,,,,,,,,,,,,,,,,,,,,,,,,,,,,,,,,,left,right,221.57261160004418,221.7392895000521,221.7392895000521,221.7392895000521,221.7392895000521,221.7392895000521,221.7392895000521,221.7726082999725,right,1.4201710999477655,,,,,,,,,,,295725,001,2023-09-22_14h36.41.784,generalizability,2022.2.5,60.000744042831414,
,kora,,,,,,,,,,,,,,,,,,korasil,sil,koradan,dan,stems_all/3_2.PNG,familiar,big,stems_all/3.PNG,"[0.35, 0.35]",,,,,,,,,,,,,,,,,,,,,0,7,7,38,,,,,,,,,,,,,,,,,,,,,,,,,,,,,,,,,,,,,,,,,,,,,,,,,,,,,,,,,,,,,,,,,,,,,,,,,,,,,,,,,,,,,,,,,,,,,,,,,,left,right,223.18926020001527,223.37262629996985,223.37262629996985,223.37262629996985,223.37262629996985,223.37262629996985,223.37262629996985,223.38925989996642,right,1.5351540999254212,,,,,,,,,,,295725,001,2023-09-22_14h36.41.784,generalizability,2022.2.5,60.000744042831414,
,kora,,,,,,,,,,,,,,,,,,korashoon,shoon,koranem,nem,stems_all/3_dim_sg.PNG,familiar,dim_sg,stems_all/3.PNG,"[0.2, 0.2]",,,,,,,,,,,,,,,,,,,,,0,8,8,26,,,,,,,,,,,,,,,,,,,,,,,,,,,,,,,,,,,,,,,,,,,,,,,,,,,,,,,,,,,,,,,,,,,,,,,,,,,,,,,,,,,,,,,,,,,,,,,,,,right,left,224.939281100058,225.1227605000604,225.1227605000604,225.1227605000604,225.1227605000604,225.1227605000604,225.1227605000604,225.13928140001372,right,1.831142000039108,,,,,,,,,,,295725,001,2023-09-22_14h36.41.784,generalizability,2022.2.5,60.000744042831414,
,lucko,,,,,,,,,,,,,,,,,,luckosil,sil,luckodan,dan,stems_all/17_2.PNG,novel,big,stems_all/17.PNG,"[0.35, 0.35]",,,,,,,,,,,,,,,,,,,,,0,9,9,40,,,,,,,,,,,,,,,,,,,,,,,,,,,,,,,,,,,,,,,,,,,,,,,,,,,,,,,,,,,,,,,,,,,,,,,,,,,,,,,,,,,,,,,,,,,,,,,,,,right,left,226.97263930004556,227.15626540000085,227.15626540000085,227.15626540000085,227.15626540000085,227.15626540000085,227.15626540000085,227.17294000007678,left,2.2226880999514833,,,,,,,,,,,295725,001,2023-09-22_14h36.41.784,generalizability,2022.2.5,60.000744042831414,
,bassi,,,,,,,,,,,,,,,,,,bassidan,dan,bassinem,nem,stems_all/16_2.PNG,novel,big,stems_all/16.PNG,"[0.35, 0.35]",,,,,,,,,,,,,,,,,,,,,0,10,10,33,,,,,,,,,,,,,,,,,,,,,,,,,,,,,,,,,,,,,,,,,,,,,,,,,,,,,,,,,,,,,,,,,,,,,,,,,,,,,,,,,,,,,,,,,,,,,,,,,,left,right,229.42268540000077,229.58933630003594,229.58933630003594,229.58933630003594,229.58933630003594,229.58933630003594,229.58933630003594,229.62270439998247,right,1.9506366000277922,,,,,,,,,,,295725,001,2023-09-22_14h36.41.784,generalizability,2022.2.5,60.000744042831414,
,bassi,,,,,,,,,,,,,,,,,,bassinem,nem,bassishoon,shoon,stems_all/16_dim_sg.PNG,novel,dim_sg,stems_all/16.PNG,"[0.2, 0.2]",,,,,,,,,,,,,,,,,,,,,0,11,11,27,,,,,,,,,,,,,,,,,,,,,,,,,,,,,,,,,,,,,,,,,,,,,,,,,,,,,,,,,,,,,,,,,,,,,,,,,,,,,,,,,,,,,,,,,,,,,,,,,,left,right,231.57266760000493,231.7560493000783,231.7560493000783,231.7560493000783,231.7560493000783,231.7560493000783,231.7560493000783,231.77272230002563,left,1.126947300042957,,,,,,,,,,,295725,001,2023-09-22_14h36.41.784,generalizability,2022.2.5,60.000744042831414,
,berko,,,,,,,,,,,,,,,,,,berkodan,dan,berkosil,sil,stems_all/2_2.PNG,familiar,big,stems_all/2.PNG,"[0.35, 0.35]",,,,,,,,,,,,,,,,,,,,,0,12,12,37,,,,,,,,,,,,,,,,,,,,,,,,,,,,,,,,,,,,,,,,,,,,,,,,,,,,,,,,,,,,,,,,,,,,,,,,,,,,,,,,,,,,,,,,,,,,,,,,,,left,right,232.90653080004267,233.08945109997876,233.08945109997876,233.08945109997876,233.08945109997876,233.08945109997876,233.08945109997876,233.1060672000749,left,1.6765111000277102,,,,,,,,,,,295725,001,2023-09-22_14h36.41.784,generalizability,2022.2.5,60.000744042831414,
,kora,,,,,,,,,,,,,,,,,,koranem,nem,koradan,dan,stems_all/3_2.PNG,familiar,big,stems_all/3.PNG,"[0.35, 0.35]",,,,,,,,,,,,,,,,,,,,,0,13,13,32,,,,,,,,,,,,,,,,,,,,,,,,,,,,,,,,,,,,,,,,,,,,,,,,,,,,,,,,,,,,,,,,,,,,,,,,,,,,,,,,,,,,,,,,,,,,,,,,,,right,left,234.78937750007026,234.97274540003855,234.97274540003855,234.97274540003855,234.97274540003855,234.97274540003855,234.97274540003855,234.9894287000643,right,1.4952485000248998,,,,,,,,,,,295725,001,2023-09-22_14h36.41.784,generalizability,2022.2.5,60.000744042831414,
,kora,,,,,,,,,,,,,,,,,,koranem,nem,korashoon,shoon,stems_all/3_dim_pl.PNG,familiar,dim_pl,stems_all/3.PNG,"[0.2, 0.2]",,,,,,,,,,,,,,,,,,,,,0,14,14,8,,,,,,,,,,,,,,,,,,,,,,,,,,,,,,,,,,,,,,,,,,,,,,,,,,,,,,,,,,,,,,,,,,,,,,,,,,,,,,,,,,,,,,,,,,,,,,,,,,right,left,236.48938849999104,236.67275380005594,236.67275380005594,236.67275380005594,236.67275380005594,236.67275380005594,236.67275380005594,236.68944099999499,right,1.2992277999874204,,,,,,,,,,,295725,001,2023-09-22_14h36.41.784,generalizability,2022.2.5,60.000744042831414,
,bal,,,,,,,,,,,,,,,,,,balsil,sil,baldan,dan,stems_all/1_2.PNG,familiar,big,stems_all/1.PNG,"[0.35, 0.35]",,,,,,,,,,,,,,,,,,,,,0,15,15,36,,,,,,,,,,,,,,,,,,,,,,,,,,,,,,,,,,,,,,,,,,,,,,,,,,,,,,,,,,,,,,,,,,,,,,,,,,,,,,,,,,,,,,,,,,,,,,,,,,left,right,237.9894272000529,238.17277920001652,238.17277920001652,238.17277920001652,238.17277920001652,238.17277920001652,238.17277920001652,238.18945229996461,left,1.3483810999896377,,,,,,,,,,,295725,001,2023-09-22_14h36.41.784,generalizability,2022.2.5,60.000744042831414,
,berko,,,,,,,,,,,,,,,,,,berkoshoon,shoon,berkonem,nem,stems_all/2_dim_pl.PNG,familiar,dim_pl,stems_all/2.PNG,"[0.2, 0.2]",,,,,,,,,,,,,,,,,,,,,0,16,16,7,,,,,,,,,,,,,,,,,,,,,,,,,,,,,,,,,,,,,,,,,,,,,,,,,,,,,,,,,,,,,,,,,,,,,,,,,,,,,,,,,,,,,,,,,,,,,,,,,,right,left,239.55618259997573,239.72283670003526,239.72283670003526,239.72283670003526,239.72283670003526,239.72283670003526,239.72283670003526,239.75614509999286,right,1.1872104000067338,,,,,,,,,,,295725,001,2023-09-22_14h36.41.784,generalizability,2022.2.5,60.000744042831414,
,runde,,,,,,,,,,,,,,,,,,rundedan,dan,rundenem,nem,stems_all/18_dim_sg.PNG,novel,dim_sg,stems_all/18.PNG,"[0.2, 0.2]",,,,,,,,,,,,,,,,,,,,,0,17,17,23,,,,,,,,,,,,,,,,,,,,,,,,,,,,,,,,,,,,,,,,,,,,,,,,,,,,,,,,,,,,,,,,,,,,,,,,,,,,,,,,,,,,,,,,,,,,,,,,,,right,left,240.93962509999983,241.12291170004755,241.12291170004755,241.12291170004755,241.12291170004755,241.12291170004755,241.12291170004755,241.1396156999981,None,,251.1507150999969,251.1507150999969,251.1507150999969,251.1507150999969,251.1507150999969,251.1507150999969,,,,,295725,001,2023-09-22_14h36.41.784,generalizability,2022.2.5,60.000744042831414,
,lucko,,,,,,,,,,,,,,,,,,luckoshoon,shoon,luckonem,nem,stems_all/17_dim_sg.PNG,novel,dim_sg,stems_all/17.PNG,"[0.2, 0.2]",,,,,,,,,,,,,,,,,,,,,0,18,18,28,,,,,,,,,,,,,,,,,,,,,,,,,,,,,,,,,,,,,,,,,,,,,,,,,,,,,,,,,,,,,,,,,,,,,,,,,,,,,,,,,,,,,,,,,,,,,,,,,,right,left,251.1507150999969,251.32357760006562,251.32357760006562,251.32357760006562,251.32357760006562,251.32357760006562,251.32357760006562,251.3598798000021,left,6.044919200008735,,,,,,,,,,,295725,001,2023-09-22_14h36.41.784,generalizability,2022.2.5,60.000744042831414,
,kora,,,,,,,,,,,,,,,,,,koradan,dan,korasil,sil,stems_all/3_dim_pl.PNG,familiar,dim_pl,stems_all/3.PNG,"[0.2, 0.2]",,,,,,,,,,,,,,,,,,,,,0,19,19,14,,,,,,,,,,,,,,,,,,,,,,,,,,,,,,,,,,,,,,,,,,,,,,,,,,,,,,,,,,,,,,,,,,,,,,,,,,,,,,,,,,,,,,,,,,,,,,,,,,right,left,257.38988779997453,257.57303159998264,257.57303159998264,257.57303159998264,257.57303159998264,257.57303159998264,257.57303159998264,257.5896997000091,left,3.01867979997769,,,,,,,,,,,295725,001,2023-09-22_14h36.41.784,generalizability,2022.2.5,60.000744042831414,
,bassi,,,,,,,,,,,,,,,,,,bassisil,sil,bassidan,dan,stems_all/16_dim_pl.PNG,novel,dim_pl,stems_all/16.PNG,"[0.2, 0.2]",,,,,,,,,,,,,,,,,,,,,0,20,20,15,,,,,,,,,,,,,,,,,,,,,,,,,,,,,,,,,,,,,,,,,,,,,,,,,,,,,,,,,,,,,,,,,,,,,,,,,,,,,,,,,,,,,,,,,,,,,,,,,,right,left,260.6564189000055,260.8064187000273,260.8064187000273,260.8064187000273,260.8064187000273,260.8064187000273,260.8064187000273,260.85646959999576,right,4.166108299978077,,,,,,,,,,,295725,001,2023-09-22_14h36.41.784,generalizability,2022.2.5,60.000744042831414,
,berko,,,,,,,,,,,,,,,,,,berkonem,nem,berkodan,dan,stems_all/2_dim_pl.PNG,familiar,dim_pl,stems_all/2.PNG,"[0.2, 0.2]",,,,,,,,,,,,,,,,,,,,,0,21,21,1,,,,,,,,,,,,,,,,,,,,,,,,,,,,,,,,,,,,,,,,,,,,,,,,,,,,,,,,,,,,,,,,,,,,,,,,,,,,,,,,,,,,,,,,,,,,,,,,,,left,right,265.0065120999934,265.1731281999964,265.1731281999964,265.1731281999964,265.1731281999964,265.1731281999964,265.1731281999964,265.2064684999641,right,1.46095409989357,,,,,,,,,,,295725,001,2023-09-22_14h36.41.784,generalizability,2022.2.5,60.000744042831414,
,bassi,,,,,,,,,,,,,,,,,,bassinem,nem,bassidan,dan,stems_all/16_dim_pl.PNG,novel,dim_pl,stems_all/16.PNG,"[0.2, 0.2]",,,,,,,,,,,,,,,,,,,,,0,22,22,3,,,,,,,,,,,,,,,,,,,,,,,,,,,,,,,,,,,,,,,,,,,,,,,,,,,,,,,,,,,,,,,,,,,,,,,,,,,,,,,,,,,,,,,,,,,,,,,,,,left,right,266.6581349000335,266.83986150007695,266.83986150007695,266.83986150007695,266.83986150007695,266.83986150007695,266.83986150007695,266.8731752000749,left,1.0424971000757068,,,,,,,,,,,295725,001,2023-09-22_14h36.41.784,generalizability,2022.2.5,60.000744042831414,
,lucko,,,,,,,,,,,,,,,,,,luckodan,dan,luckosil,sil,stems_all/17_dim_pl.PNG,novel,dim_pl,stems_all/17.PNG,"[0.2, 0.2]",,,,,,,,,,,,,,,,,,,,,0,23,23,16,,,,,,,,,,,,,,,,,,,,,,,,,,,,,,,,,,,,,,,,,,,,,,,,,,,,,,,,,,,,,,,,,,,,,,,,,,,,,,,,,,,,,,,,,,,,,,,,,,left,right,267.92318280006293,268.08983070007525,268.08983070007525,268.08983070007525,268.08983070007525,268.08983070007525,268.08983070007525,268.12327240000013,right,1.9440240999683738,,,,,,,,,,,295725,001,2023-09-22_14h36.41.784,generalizability,2022.2.5,60.000744042831414,
,bassi,,,,,,,,,,,,,,,,,,bassishoon,shoon,bassinem,nem,stems_all/16_dim_pl.PNG,novel,dim_pl,stems_all/16.PNG,"[0.2, 0.2]",,,,,,,,,,,,,,,,,,,,,0,24,24,9,,,,,,,,,,,,,,,,,,,,,,,,,,,,,,,,,,,,,,,,,,,,,,,,,,,,,,,,,,,,,,,,,,,,,,,,,,,,,,,,,,,,,,,,,,,,,,,,,,left,right,270.0565385000082,270.2398561000591,270.2398561000591,270.2398561000591,270.2398561000591,270.2398561000591,270.2398561000591,270.25651099998504,right,1.648422500002198,,,,,,,,,,,295725,001,2023-09-22_14h36.41.784,generalizability,2022.2.5,60.000744042831414,
,runde,,,,,,,,,,,,,,,,,,rundedan,dan,rundenem,nem,stems_all/18_2.PNG,novel,big,stems_all/18.PNG,"[0.35, 0.35]",,,,,,,,,,,,,,,,,,,,,0,25,25,35,,,,,,,,,,,,,,,,,,,,,,,,,,,,,,,,,,,,,,,,,,,,,,,,,,,,,,,,,,,,,,,,,,,,,,,,,,,,,,,,,,,,,,,,,,,,,,,,,,right,left,271.9232137000654,272.08985860005487,272.08985860005487,272.08985860005487,272.08985860005487,272.08985860005487,272.08985860005487,272.12325289996807,right,1.5538075000513345,,,,,,,,,,,295725,001,2023-09-22_14h36.41.784,generalizability,2022.2.5,60.000744042831414,
,bal,,,,,,,,,,,,,,,,,,balnem,nem,baldan,dan,stems_all/1_2.PNG,familiar,big,stems_all/1.PNG,"[0.35, 0.35]",,,,,,,,,,,,,,,,,,,,,0,26,26,30,,,,,,,,,,,,,,,,,,,,,,,,,,,,,,,,,,,,,,,,,,,,,,,,,,,,,,,,,,,,,,,,,,,,,,,,,,,,,,,,,,,,,,,,,,,,,,,,,,right,left,273.6738657000242,273.8565709000686,273.8565709000686,273.8565709000686,273.8565709000686,273.8565709000686,273.8565709000686,273.873237999971,right,0.07115850003901869,,,,,,,,,,,295725,001,2023-09-22_14h36.41.784,generalizability,2022.2.5,60.000744042831414,
,bassi,,,,,,,,,,,,,,,,,,bassidan,dan,bassisil,sil,stems_all/16_2.PNG,novel,big,stems_all/16.PNG,"[0.35, 0.35]",,,,,,,,,,,,,,,,,,,,,0,27,27,39,,,,,,,,,,,,,,,,,,,,,,,,,,,,,,,,,,,,,,,,,,,,,,,,,,,,,,,,,,,,,,,,,,,,,,,,,,,,,,,,,,,,,,,,,,,,,,,,,,right,left,273.956557800062,274.1399212999968,274.1399212999968,274.1399212999968,274.1399212999968,274.1399212999968,274.1399212999968,274.1565789000597,right,0.13989650004077703,,,,,,,,,,,295725,001,2023-09-22_14h36.41.784,generalizability,2022.2.5,60.000744042831414,
,kora,,,,,,,,,,,,,,,,,,koradan,dan,koranem,nem,stems_all/3_dim_pl.PNG,familiar,dim_pl,stems_all/3.PNG,"[0.2, 0.2]",,,,,,,,,,,,,,,,,,,,,0,28,28,2,,,,,,,,,,,,,,,,,,,,,,,,,,,,,,,,,,,,,,,,,,,,,,,,,,,,,,,,,,,,,,,,,,,,,,,,,,,,,,,,,,,,,,,,,,,,,,,,,,right,left,274.30655019998085,274.48987230006605,274.48987230006605,274.48987230006605,274.48987230006605,274.48987230006605,274.48987230006605,274.50657099997625,right,0.21303629991598427,,,,,,,,,,,295725,001,2023-09-22_14h36.41.784,generalizability,2022.2.5,60.000744042831414,
,lucko,,,,,,,,,,,,,,,,,,luckonem,nem,luckodan,dan,stems_all/17_dim_sg.PNG,novel,dim_sg,stems_all/17.PNG,"[0.2, 0.2]",,,,,,,,,,,,,,,,,,,,,0,29,29,22,,,,,,,,,,,,,,,,,,,,,,,,,,,,,,,,,,,,,,,,,,,,,,,,,,,,,,,,,,,,,,,,,,,,,,,,,,,,,,,,,,,,,,,,,,,,,,,,,,left,right,274.723225499969,274.9065967000788,274.9065967000788,274.9065967000788,274.9065967000788,274.9065967000788,274.9065967000788,274.9232624999713,left,0.1183784999884665,,,,,,,,,,,295725,001,2023-09-22_14h36.41.784,generalizability,2022.2.5,60.000744042831414,
,berko,,,,,,,,,,,,,,,,,,berkodan,dan,berkonem,nem,stems_all/2_dim_sg.PNG,familiar,dim_sg,stems_all/2.PNG,"[0.2, 0.2]",,,,,,,,,,,,,,,,,,,,,0,30,30,19,,,,,,,,,,,,,,,,,,,,,,,,,,,,,,,,,,,,,,,,,,,,,,,,,,,,,,,,,,,,,,,,,,,,,,,,,,,,,,,,,,,,,,,,,,,,,,,,,,right,left,275.0566086000763,275.24000810005236,275.24000810005236,275.24000810005236,275.24000810005236,275.24000810005236,275.24000810005236,275.2566697000293,right,0.29411869996692985,,,,,,,,,,,295725,001,2023-09-22_14h36.41.784,generalizability,2022.2.5,60.000744042831414,
,kora,,,,,,,,,,,,,,,,,,koranem,nem,koradan,dan,stems_all/3_dim_sg.PNG,familiar,dim_sg,stems_all/3.PNG,"[0.2, 0.2]",,,,,,,,,,,,,,,,,,,,,0,31,31,20,,,,,,,,,,,,,,,,,,,,,,,,,,,,,,,,,,,,,,,,,,,,,,,,,,,,,,,,,,,,,,,,,,,,,,,,,,,,,,,,,,,,,,,,,,,,,,,,,,left,right,275.55655900004786,275.7399217999773,275.7399217999773,275.7399217999773,275.7399217999773,275.7399217999773,275.7399217999773,275.7566002999665,left,0.18926429993007332,,,,,,,,,,,295725,001,2023-09-22_14h36.41.784,generalizability,2022.2.5,60.000744042831414,
,runde,,,,,,,,,,,,,,,,,,rundedan,dan,rundesil,sil,stems_all/18_2.PNG,novel,big,stems_all/18.PNG,"[0.35, 0.35]",,,,,,,,,,,,,,,,,,,,,0,32,32,41,,,,,,,,,,,,,,,,,,,,,,,,,,,,,,,,,,,,,,,,,,,,,,,,,,,,,,,,,,,,,,,,,,,,,,,,,,,,,,,,,,,,,,,,,,,,,,,,,,right,left,275.95657599996775,276.1399172999663,276.1399172999663,276.1399172999663,276.1399172999663,276.1399172999663,276.1399172999663,276.1565960000735,right,0.20232300006318837,,,,,,,,,,,295725,001,2023-09-22_14h36.41.784,generalizability,2022.2.5,60.000744042831414,
,bal,,,,,,,,,,,,,,,,,,balnem,nem,balshoon,shoon,stems_all/1_dim_pl.PNG,familiar,dim_pl,stems_all/1.PNG,"[0.2, 0.2]",,,,,,,,,,,,,,,,,,,,,0,33,33,6,,,,,,,,,,,,,,,,,,,,,,,,,,,,,,,,,,,,,,,,,,,,,,,,,,,,,,,,,,,,,,,,,,,,,,,,,,,,,,,,,,,,,,,,,,,,,,,,,,right,left,276.37376420001965,276.55664149997756,276.55664149997756,276.55664149997756,276.55664149997756,276.55664149997756,276.55664149997756,276.57326520001516,left,0.24774190003518015,,,,,,,,,,,295725,001,2023-09-22_14h36.41.784,generalizability,2022.2.5,60.000744042831414,
,bal,,,,,,,,,,,,,,,,,,baldan,dan,balsil,sil,stems_all/1_dim_pl.PNG,familiar,dim_pl,stems_all/1.PNG,"[0.2, 0.2]",,,,,,,,,,,,,,,,,,,,,0,34,34,12,,,,,,,,,,,,,,,,,,,,,,,,,,,,,,,,,,,,,,,,,,,,,,,,,,,,,,,,,,,,,,,,,,,,,,,,,,,,,,,,,,,,,,,,,,,,,,,,,,left,right,276.8232566000661,277.00662540004123,277.00662540004123,277.00662540004123,277.00662540004123,277.00662540004123,277.00662540004123,277.0232918000547,right,0.2218593000434339,,,,,,,,,,,295725,001,2023-09-22_14h36.41.784,generalizability,2022.2.5,60.000744042831414,
,berko,,,,,,,,,,,,,,,,,,berkonem,nem,berkoshoon,shoon,stems_all/2_dim_sg.PNG,familiar,dim_sg,stems_all/2.PNG,"[0.2, 0.2]",,,,,,,,,,,,,,,,,,,,,0,35,35,25,,,,,,,,,,,,,,,,,,,,,,,,,,,,,,,,,,,,,,,,,,,,,,,,,,,,,,,,,,,,,,,,,,,,,,,,,,,,,,,,,,,,,,,,,,,,,,,,,,left,right,277.2565813000547,277.43994920002297,277.43994920002297,277.43994920002297,277.43994920002297,277.43994920002297,277.43994920002297,277.4566134000197,left,0.2415973999304697,,,,,,,,,,,295725,001,2023-09-22_14h36.41.784,generalizability,2022.2.5,60.000744042831414,
,bal,,,,,,,,,,,,,,,,,,balnem,nem,baldan,dan,stems_all/1_dim_sg.PNG,familiar,dim_sg,stems_all/1.PNG,"[0.2, 0.2]",,,,,,,,,,,,,,,,,,,,,0,36,36,18,,,,,,,,,,,,,,,,,,,,,,,,,,,,,,,,,,,,,,,,,,,,,,,,,,,,,,,,,,,,,,,,,,,,,,,,,,,,,,,,,,,,,,,,,,,,,,,,,,right,left,277.7065880000591,277.8899932000786,277.8899932000786,277.8899932000786,277.8899932000786,277.8899932000786,277.8899932000786,277.90688989998307,right,0.19668719999026507,,,,,,,,,,,295725,001,2023-09-22_14h36.41.784,generalizability,2022.2.5,60.000744042831414,
,runde,,,,,,,,,,,,,,,,,,rundesil,sil,rundedan,dan,stems_all/18_dim_pl.PNG,novel,dim_pl,stems_all/18.PNG,"[0.2, 0.2]",,,,,,,,,,,,,,,,,,,,,0,37,37,17,,,,,,,,,,,,,,,,,,,,,,,,,,,,,,,,,,,,,,,,,,,,,,,,,,,,,,,,,,,,,,,,,,,,,,,,,,,,,,,,,,,,,,,,,,,,,,,,,,right,left,278.1066353999777,278.29019820003305,278.29019820003305,278.29019820003305,278.29019820003305,278.29019820003305,278.29019820003305,278.30667099996936,left,0.20956730004400015,,,,,,,,,,,295725,001,2023-09-22_14h36.41.784,generalizability,2022.2.5,60.000744042831414,
,lucko,,,,,,,,,,,,,,,,,,luckonem,nem,luckoshoon,shoon,stems_all/17_dim_pl.PNG,novel,dim_pl,stems_all/17.PNG,"[0.2, 0.2]",,,,,,,,,,,,,,,,,,,,,0,38,38,10,,,,,,,,,,,,,,,,,,,,,,,,,,,,,,,,,,,,,,,,,,,,,,,,,,,,,,,,,,,,,,,,,,,,,,,,,,,,,,,,,,,,,,,,,,,,,,,,,,right,left,278.52327490004245,278.7066416000016,278.7066416000016,278.7066416000016,278.7066416000016,278.7066416000016,278.7066416000016,278.7235271000536,right,0.16920770006254315,,,,,,,,,,,295725,001,2023-09-22_14h36.41.784,generalizability,2022.2.5,60.000744042831414,
,berko,,,,,,,,,,,,,,,,,,berkodan,dan,berkonem,nem,stems_all/2_2.PNG,familiar,big,stems_all/2.PNG,"[0.35, 0.35]",,,,,,,,,,,,,,,,,,,,,0,39,39,31,,,,,,,,,,,,,,,,,,,,,,,,,,,,,,,,,,,,,,,,,,,,,,,,,,,,,,,,,,,,,,,,,,,,,,,,,,,,,,,,,,,,,,,,,,,,,,,,,,left,right,278.92330670007505,279.0899412999861,279.0899412999861,279.0899412999861,279.0899412999861,279.0899412999861,279.0899412999861,279.12334280007053,left,0.22806479991413653,,,,,,,,,,,295725,001,2023-09-22_14h36.41.784,generalizability,2022.2.5,60.000744042831414,
,lucko,,,,,,,,,,,,,,,,,,luckodan,dan,luckonem,nem,stems_all/17_dim_pl.PNG,novel,dim_pl,stems_all/17.PNG,"[0.2, 0.2]",,,,,,,,,,,,,,,,,,,,,0,40,40,4,,,,,,,,,,,,,,,,,,,,,,,,,,,,,,,,,,,,,,,,,,,,,,,,,,,,,,,,,,,,,,,,,,,,,,,,,,,,,,,,,,,,,,,,,,,,,,,,,,right,left,279.3566599000478,279.5399675000226,279.5399675000226,279.5399675000226,279.5399675000226,279.5399675000226,279.5399675000226,279.55665220005903,right,0.1310629000654444,,,,,,,,,,,295725,001,2023-09-22_14h36.41.784,generalizability,2022.2.5,60.000744042831414,
,runde,,,,,,,,,,,,,,,,,,rundenem,nem,rundedan,dan,stems_all/18_dim_pl.PNG,novel,dim_pl,stems_all/18.PNG,"[0.2, 0.2]",,,,,,,,,,,,,,,,,,,,,0,41,41,5,,,,,,,,,,,,,,,,,,,,,,,,,,,,,,,,,,,,,,,,,,,,,,,,,,,,,,,,,,,,,,,,,,,,,,,,,,,,,,,,,,,,,,,,,,,,,,,,,,left,right,279.6900022000773,279.8733129000757,279.8733129000757,279.8733129000757,279.8733129000757,279.8733129000757,279.8733129000757,279.8901727000484,left,0.1557928998954594,,,,,,,,,,,295725,001,2023-09-22_14h36.41.784,generalizability,2022.2.5,60.000744042831414,
,,,,,,,,,,,,,,,,,,,,,,,,,,,,,,,,,,,,,,,,,,,,,,,,,,,,,,,,,,,,,,,,,,,,,,,,,,,,,,,,,,,,,,,,,,,,,,,,,,,,,,,,,,,,,,,,,,,,,,,,,,,,,,,,,,,,,,,,,,,,,,,,,,,,,,,,,,,,,,,,,,,,,,,280.0566701000789,280.0566701000789,space,0.8836757999379188,295725,001,2023-09-22_14h36.41.784,generalizability,2022.2.5,60.000744042831414,
