﻿stem,label,filepath,image_size,demo_info.thisRepN,demo_info.thisTrialN,demo_info.thisN,demo_info.thisIndex,pretraining_plus_test.thisRepN,pretraining_plus_test.thisTrialN,pretraining_plus_test.thisN,pretraining_plus_test.thisIndex,pretraining_loop.thisRepN,pretraining_loop.thisTrialN,pretraining_loop.thisN,pretraining_loop.thisIndex,pretraining,condition,begin_text.started,key_resp_11.started,key_resp_11.keys,key_resp_11.rt,instructions_text.started,key_resp_4.started,key_resp_4.keys,key_resp_4.rt,experiment_start.started,experiment_start_resp.started,experiment_start_resp.keys,experiment_start_resp.rt,text_23.started,key_resp_24.started,key_resp_24.keys,key_resp_24.rt,image_5.started,text_19.started,textbox_9.started,key_resp_20.started,textbox_9.text,key_resp_20.keys,key_resp_20.rt,image_4.started,text_18.started,textbox_12.started,image_4.stopped,text_18.stopped,textbox_12.stopped,textbox_12.text,participant,session,date,expName,psychopyVersion,frameRate,
,,,,,,,,,,,,,,,,0,6,8.605398299987428,8.605398299987428,space,0.5155245000496507,,,,,,,,,,,,,,,,,,,,,,,,,,,355794,001,2023-09-25_00h33.28.030,generalizability,2022.2.5,60.0117622971662,
,,,,,,,,,,,,,,,,,,,,,,9.154368499992415,9.154368499992415,space,0.21057780005503446,,,,,,,,,,,,,,,,,,,,,,,355794,001,2023-09-25_00h33.28.030,generalizability,2022.2.5,60.0117622971662,
,,,,,,,,,,,,,,,,,,,,,,,,,,9.387704799999483,9.387704799999483,space,0.25230809999629855,,,,,,,,,,,,,,,,,,,355794,001,2023-09-25_00h33.28.030,generalizability,2022.2.5,60.0117622971662,
pipa,pipa,stems_all/5.PNG,"[0.35, 0.35]",,,,,0,0,0,0,0,0,0,4,,,,,,,,,,,,,,,9.670996000058949,9.670996000058949,return,1.1962948999134824,11.121060200035572,11.121060200035572,11.121060200035572,11.121060200035572,pipa,a,1.139589300029911,12.304410199983977,12.304410199983977,12.304410199983977,13.304397300002165,13.304397300002165,13.304397300002165,pipa,355794,001,2023-09-25_00h33.28.030,generalizability,2022.2.5,60.0117622971662,
kora,kora,stems_all/3.PNG,"[0.35, 0.35]",,,,,0,0,0,0,0,1,1,2,,,,,,,,,,,,,,,,,,,13.304397300002165,13.304397300002165,13.304397300002165,13.304397300002165,kora,a,0.9946807000087574,14.337712300010026,14.337712300010026,14.337712300010026,15.354427800048143,15.354427800048143,15.354427800048143,kora,355794,001,2023-09-25_00h33.28.030,generalizability,2022.2.5,60.0117622971662,
,,,,,,,,,,,,,,,,,,,,,,,,,,,,,,,,,,15.354427800048143,15.354427800048143,15.354427800048143,15.354427800048143,chool,l,2.0483466000296175,17.437754499958828,17.437754499958828,17.437754499958828,,,,,,,,,,,
