﻿select_condition,stem,suffix,label,stem_filename,file,filepath,which_condition.thisRepN,which_condition.thisTrialN,which_condition.thisN,which_condition.thisIndex,dantype_loop.thisRepN,dantype_loop.thisTrialN,dantype_loop.thisN,dantype_loop.thisIndex,begin_text.started,key_resp_11.started,key_resp_11.keys,key_resp_11.rt,consent_image.started,text_10.started,consent_resp.started,consent_resp.keys,consent_resp.rt,demographic_instr.started,text_9.started,key_resp_3.started,key_resp_3.keys,key_resp_3.rt,age_text.started,textbox.started,key_resp_5.started,text_3.started,textbox.text,key_resp_5.keys,key_resp_5.rt,age_text_2.started,textbox_2.started,key_resp_6.started,text_4.started,textbox_2.text,key_resp_6.keys,key_resp_6.rt,age_text_3.started,textbox_3.started,key_resp_7.started,text_5.started,textbox_3.text,key_resp_7.keys,key_resp_7.rt,age_text_5.started,textbox_5.started,key_resp_9.started,text_7.started,textbox_5.text,key_resp_9.keys,key_resp_9.rt,age_text_6.started,textbox_6.started,key_resp_10.started,text_8.started,textbox_6.text,key_resp_10.keys,key_resp_10.rt,age_text_4.started,textbox_4.started,key_resp_8.started,text_6.started,textbox_4.text,key_resp_8.keys,key_resp_8.rt,instructions_text.started,key_resp_4.started,key_resp_4.keys,key_resp_4.rt,experiment_start.started,experiment_start_resp.started,experiment_start_resp.keys,experiment_start_resp.rt,image.started,text_11.started,participant,session,date,expName,psychopyVersion,frameRate,
,,,,,,,,,,,,,,,8.191713400010485,8.191713400010485,space,0.7883573999861255,,,,,,,,,,,,,,,,,,,,,,,,,,,,,,,,,,,,,,,,,,,,,,,,,,,,,,,,,,,,,,,365718,001,2023-08-25_15h02.18.197,Recognizability_SONA,2022.2.5,60.63501841382001,
,,,,,,,,,,,,,,,,,,,9.007145200041123,9.007145200041123,9.007145200041123,space,1.1561889000004157,,,,,,,,,,,,,,,,,,,,,,,,,,,,,,,,,,,,,,,,,,,,,,,,,,,,,,,,,,365718,001,2023-08-25_15h02.18.197,Recognizability_SONA,2022.2.5,60.63501841382001,
,,,,,,,,,,,,,,,,,,,,,,,,10.207134600030258,10.207134600030258,10.207134600030258,space,1.119458000001032,,,,,,,,,,,,,,,,,,,,,,,,,,,,,,,,,,,,,,,,,,,,,,,,,,,,,365718,001,2023-08-25_15h02.18.197,Recognizability_SONA,2022.2.5,60.63501841382001,
,,,,,,,,,,,,,,,,,,,,,,,,,,,,,11.357158500002697,11.357158500002697,11.357158500002697,11.357158500002697, ,tab,0.7556183999986388,,,,,,,,,,,,,,,,,,,,,,,,,,,,,,,,,,,,,,,,,,,,,,365718,001,2023-08-25_15h02.18.197,Recognizability_SONA,2022.2.5,60.63501841382001,
,,,,,,,,,,,,,,,,,,,,,,,,,,,,,,,,,,,,12.140471999999136,12.140471999999136,12.140471999999136,12.140471999999136,,tab,0.16235160001087934,,,,,,,,,,,,,,,,,,,,,,,,,,,,,,,,,,,,,,,365718,001,2023-08-25_15h02.18.197,Recognizability_SONA,2022.2.5,60.63501841382001,
,,,,,,,,,,,,,,,,,,,,,,,,,,,,,,,,,,,,,,,,,,,12.323820199992042,12.323820199992042,12.323820199992042,12.323820199992042,,tab,0.1410297999973409,,,,,,,,,,,,,,,,,,,,,,,,,,,,,,,,365718,001,2023-08-25_15h02.18.197,Recognizability_SONA,2022.2.5,60.63501841382001,
,,,,,,,,,,,,,,,,,,,,,,,,,,,,,,,,,,,,,,,,,,,,,,,,,,12.490476300008595,12.490476300008595,12.490476300008595,12.490476300008595,,tab,0.12040909996721894,,,,,,,,,,,,,,,,,,,,,,,,,365718,001,2023-08-25_15h02.18.197,Recognizability_SONA,2022.2.5,60.63501841382001,
,,,,,,,,,,,,,,,,,,,,,,,,,,,,,,,,,,,,,,,,,,,,,,,,,,,,,,,,,12.640451600018423,12.640451600018423,12.640451600018423,12.640451600018423,,tab,0.12043160002212971,,,,,,,,,,,,,,,,,,365718,001,2023-08-25_15h02.18.197,Recognizability_SONA,2022.2.5,60.63501841382001,
,,,,,,,,,,,,,,,,,,,,,,,,,,,,,,,,,,,,,,,,,,,,,,,,,,,,,,,,,,,,,,,,12.790488800033927,12.790488800033927,12.790488800033927,12.790488800033927,,tab,0.11744719999842346,,,,,,,,,,,365718,001,2023-08-25_15h02.18.197,Recognizability_SONA,2022.2.5,60.63501841382001,
,,,,,,,,,,,,,,,,,,,,,,,,,,,,,,,,,,,,,,,,,,,,,,,,,,,,,,,,,,,,,,,,,,,,,,,12.940486400038935,12.940486400038935,space,0.41654090001247823,,,,,,,365718,001,2023-08-25_15h02.18.197,Recognizability_SONA,2022.2.5,60.63501841382001,
,,,,,,,,,,,,,,,,,,,,,,,,,,,,,,,,,,,,,,,,,,,,,,,,,,,,,,,,,,,,,,,,,,,,,,,,,,,13.3738554000156,13.3738554000156,space,0.5613359999842942,,,365718,001,2023-08-25_15h02.18.197,Recognizability_SONA,2022.2.5,60.63501841382001,
Condition4.csv,bal,dan,baldan,1,3_2.PNG,stems_all/3_2.PNG,0,0,0,0,0,0,0,14,,,,,,,,,,,,,,,,,,,,,,,,,,,,,,,,,,,,,,,,,,,,,,,,,,,,,,,,,,,,,,,,,15.041403300012462,15.041403300012462,365718,001,2023-08-25_15h02.18.197,Recognizability_SONA,2022.2.5,60.63501841382001,
Condition4.csv,osto,nem,ostonem,9,3_dim_sg.PNG,stems_all/3_dim_sg.PNG,0,0,0,0,0,1,1,8,,,,,,,,,,,,,,,,,,,,,,,,,,,,,,,,,,,,,,,,,,,,,,,,,,,,,,,,,,,,,,,,,16.49053950002417,16.49053950002417,365718,001,2023-08-25_15h02.18.197,Recognizability_SONA,2022.2.5,60.63501841382001,
,,,,,,,,,,,,,,,,,,,,,,,,,,,,,,,,,,,,,,,,,,,,,,,,,,,,,,,,,,,,,,,,,,,,,,,,,,,,,,,18.090569099993445,18.090569099993445,,,,,,,
