﻿stem,label1,suffix1,label2,suffix2,comp_image,comp_condition_stem,comp_condition_suffix,image1,comp_image_size,alt_image1,alt_image2,comp_image_location,alt_image1_location,alt_image2_location,alt_image1_size,alt_image2_size,demo_info.thisRepN,demo_info.thisTrialN,demo_info.thisN,demo_info.thisIndex,pretraining_plus_test.thisRepN,pretraining_plus_test.thisTrialN,pretraining_plus_test.thisN,pretraining_plus_test.thisIndex,which_condition.thisRepN,which_condition.thisTrialN,which_condition.thisN,which_condition.thisIndex,production_block.thisRepN,production_block.thisTrialN,production_block.thisN,production_block.thisIndex,forced_choice_block.thisRepN,forced_choice_block.thisTrialN,forced_choice_block.thisN,forced_choice_block.thisIndex,pretraining,condition,begin_text.started,key_resp_11.started,key_resp_11.keys,key_resp_11.rt,instructions_text.started,key_resp_4.started,key_resp_4.keys,key_resp_4.rt,experiment_start.started,experiment_start_resp.started,experiment_start_resp.keys,experiment_start_resp.rt,instr.started,key_resp_14.started,key_resp_14.keys,key_resp_14.rt,text_13.started,key_resp_17.started,key_resp_17.keys,key_resp_17.rt,first_image_2.started,text_26.started,text_26.stopped,comp_label1_location,comp_label2_location,image_comp.started,image_9.started,image_10.started,first_image.started,text_14.started,label_right.started,key_resp_16.started,text_15.started,image_9.stopped,image_10.stopped,first_image.stopped,key_resp_16.keys,key_resp_16.rt,text_25.started,text_25.stopped,participant,session,date,expName,psychopyVersion,frameRate,
,,,,,,,,,,,,,,,,,,,,,,,,,,,,,,,,,,,,,0,4,9.062593600014225,9.062593600014225,space,0.7619664999656379,,,,,,,,,,,,,,,,,,,,,,,,,,,,,,,,,,,,,382838,001,2023-10-04_19h16.53.328,generalizability,2022.2.5,60.00337211739614,
,,,,,,,,,,,,,,,,,,,,,,,,,,,,,,,,,,,,,,,,,,,9.861447799950838,9.861447799950838,return,0.6042311999481171,,,,,,,,,,,,,,,,,,,,,,,,,,,,,,,,,382838,001,2023-10-04_19h16.53.328,generalizability,2022.2.5,60.00337211739614,
,,,,,,,,,,,,,,,,,,,,,,,,,,,,,,,,,,,,,,,,,,,,,,,10.494766399962828,10.494766399962828,return,0.2869728000368923,,,,,,,,,,,,,,,,,,,,,,,,,,,,,382838,001,2023-10-04_19h16.53.328,generalizability,2022.2.5,60.00337211739614,
,,,,,,,,,,,,,,,,,,,,,,,,,,,,,,,,,,,,,,,,,,,,,,,,,,,10.81143969995901,10.81143969995901,return,0.24539949977770448,,,,,,,,,,,,,,,,,,,,,,,,,382838,001,2023-10-04_19h16.53.328,generalizability,2022.2.5,60.00337211739614,
,,,,,,,,,,,,,,,,,,,,,,,,,,,,,,,,,,,,,,,,,,,,,,,,,,,,,,,11.078178900061175,11.078178900061175,return,0.6077785999514163,,,,,,,,,,,,,,,,,,,,,382838,001,2023-10-04_19h16.53.328,generalizability,2022.2.5,60.00337211739614,
bassi,bassidan,dan,bassisil,sil,stems_all/16_2.PNG,novel,big,stems_all/16.PNG,"[0.35, 0.35]",stems_all/16_dim_sg.PNG,stems_all/16_dim_pl.PNG,"[-0.2, -0.2]","[0.2, 0.2]","[0.2, -0.2]","[0.2, 0.2]","[0.2, 0.2]",,,,,,,,,,,,,,,,,0,0,0,39,,,,,,,,,,,,,,,,,,,,,,,11.744795799953863,13.19480499997735,14.694818000076339,right,left,14.79483489994891,14.79483489994891,14.79483489994891,14.79483489994891,15.444833599962294,15.444833599962294,15.444833599962294,15.444833599962294,15.544831699924543,15.544831699924543,15.544831699924543,right,5.532188399927691,20.994931899942458,21.761611100053415,382838,001,2023-10-04_19h16.53.328,generalizability,2022.2.5,60.00337211739614,
,,,,,,,,,,,,,,,,,,,,,,,,,,,,,,,,,,,,,,,,,,,,,,,,,,,,,,,,,,,21.761611100053415,23.228593500098214,24.728294299915433,right,left,24.794969599926844,24.794969599926844,24.794969599926844,24.794969599926844,25.478278199909255,25.478278199909255,25.478278199909255,25.478278199909255,25.54496610001661,25.54496610001661,25.54496610001661,left,3.8706648997031152,29.37836019997485,,,,,,,,
