﻿prod_label,file,prod_image1,prod_image2,prod_condition,alt_image1,alt_image2,demo_info.thisRepN,demo_info.thisTrialN,demo_info.thisN,demo_info.thisIndex,which_condition.thisRepN,which_condition.thisTrialN,which_condition.thisN,which_condition.thisIndex,production_block.thisRepN,production_block.thisTrialN,production_block.thisN,production_block.thisIndex,begin_text.started,key_resp_11.started,key_resp_11.keys,key_resp_11.rt,instructions_text.started,key_resp_4.started,key_resp_4.keys,key_resp_4.rt,experiment_start.started,experiment_start_resp.started,experiment_start_resp.keys,experiment_start_resp.rt,instr.started,key_resp_14.started,key_resp_14.keys,key_resp_14.rt,image_prod1.started,production_text.started,image_prod1.stopped,production_image.started,prod_resp.started,text_12.started,key_resp_15.started,image_2.started,alternate_image2.started,image_3.started,image_2.stopped,alternate_image2.stopped,image_3.stopped,prod_resp.text,key_resp_15.keys,key_resp_15.rt,participant,session,date,expName,psychopyVersion,frameRate,
,,,,,,,,,,,,,,,,,,,9.285930400015786,9.285930400015786,space,3.5686704000108875,,,,,,,,,,,,,,,,,,,,,,,,,,,,,391371,001,2023-08-26_17h41.13.183,Recognizability_SONA,2022.2.5,59.995668307702246,
,,,,,,,,,,,,,,,,,,,,,,,12.901738899992779,12.901738899992779,space,0.5079631999833509,,,,,,,,,,,,,,,,,,,,,,,,,391371,001,2023-08-26_17h41.13.183,Recognizability_SONA,2022.2.5,59.995668307702246,
,,,,,,,,,,,,,,,,,,,,,,,,,,,13.435067099984735,13.435067099984735,space,0.41777650004951283,,,,,,,,,,,,,,,,,,,,,391371,001,2023-08-26_17h41.13.183,Recognizability_SONA,2022.2.5,59.995668307702246,
,,,,,,,,,,,,,,,,,,,,,,,,,,,,,,,13.885069300013129,13.885069300013129,space,0.48483550001401454,,,,,,,,,,,,,,,,,391371,001,2023-08-26_17h41.13.183,Recognizability_SONA,2022.2.5,59.995668307702246,
shinder,15_2.PNG,stems_all/15.PNG,stems_all/15_2.PNG,novel,stems_all/15_dim_sg.PNG,stems_all/15_dim_pl.PNG,,,,,,,,,0,0,0,17,,,,,,,,,,,,,,,,,14.418453000020236,14.485101500002202,14.518429699994158,14.58513469999889,14.58513469999889,14.58513469999889,14.58513469999889,14.58513469999889,14.58513469999889,14.58513469999889,14.78508519998286,14.78508519998286,14.78508519998286,shinderdan,space,5.585101500037126,391371,001,2023-08-26_17h41.13.183,Recognizability_SONA,2022.2.5,59.995668307702246,
berko,2_dim_sg.PNG,stems_all/2.PNG,stems_all/2_dim_sg.PNG,familiar,stems_all/2_dim_pl.PNG,stems_all/2_2.PNG,,,,,,,,,0,1,1,1,,,,,,,,,,,,,,,,,20.21847570000682,20.28516440000385,20.31849889998557,20.38513840001542,20.38513840001542,20.38513840001542,20.38513840001542,20.38513840001542,20.38513840001542,20.38513840001542,20.58516040001996,20.58516040001996,20.58516040001996,"berkodan
",space,3.2889040000154637,391371,001,2023-08-26_17h41.13.183,Recognizability_SONA,2022.2.5,59.995668307702246,
pil,13_2.PNG,stems_all/13.PNG,stems_all/13_2.PNG,novel,stems_all/13_dim_sg.PNG,stems_all/13_dim_pl.PNG,,,,,,,,,0,2,2,15,,,,,,,,,,,,,,,,,23.735215299995616,23.78521559998626,23.83529419999104,23.88526459998684,23.88526459998684,23.88526459998684,23.88526459998684,23.88526459998684,23.88526459998684,23.88526459998684,24.085277000034694,24.085277000034694,24.085277000034694,"pilnem
",space,4.631907000031788,391371,001,2023-08-26_17h41.13.183,Recognizability_SONA,2022.2.5,59.995668307702246,
shinti,14_dim_pl.PNG,stems_all/14.PNG,stems_all/14_dim_pl.PNG,novel,stems_all/14_dim_sg.PNG,stems_all/14_2.PNG,,,,,,,,,0,3,3,10,,,,,,,,,,,,,,,,,28.53521980001824,28.618591799982823,28.63525390002178,28.718566600000486,28.718566600000486,28.718566600000486,28.718566600000486,28.718566600000486,28.718566600000486,28.718566600000486,28.91857410001103,28.91857410001103,28.91857410001103,shintidan,space,4.2395853999769315,391371,001,2023-08-26_17h41.13.183,Recognizability_SONA,2022.2.5,59.995668307702246,
shinder,15_dim_sg.PNG,stems_all/15.PNG,stems_all/15_dim_sg.PNG,novel,stems_all/15_dim_pl.PNG,stems_all/15_2.PNG,,,,,,,,,0,4,4,5,,,,,,,,,,,,,,,,,33.00194180000108,33.068635100033134,33.10202180000488,33.168598300020676,33.168598300020676,33.168598300020676,33.168598300020676,33.168598300020676,33.168598300020676,33.168598300020676,33.368679100007284,33.368679100007284,33.368679100007284,shindersil ,space,3.9174571000039577,391371,001,2023-08-26_17h41.13.183,Recognizability_SONA,2022.2.5,59.995668307702246,
bal,1_2.PNG,stems_all/1.PNG,stems_all/1_2.PNG,familiar,stems_all/1_dim_sg.PNG,stems_all/1_dim_pl.PNG,,,,,,,,,0,5,5,12,,,,,,,,,,,,,,,,,37.135329100012314,37.2020117000211,37.23534660000587,37.30201889999444,37.30201889999444,37.30201889999444,37.30201889999444,37.30201889999444,37.30201889999444,37.30201889999444,37.50198330002604,37.50198330002604,37.50198330002604,balshoon,space,3.3388441000133753,391371,001,2023-08-26_17h41.13.183,Recognizability_SONA,2022.2.5,59.995668307702246,
kora,3_dim_pl.PNG,stems_all/3.PNG,stems_all/3_dim_pl.PNG,familiar,stems_all/3_dim_sg.PNG,stems_all/3_2.PNG,,,,,,,,,0,6,6,8,,,,,,,,,,,,,,,,,40.68538919999264,40.752055899996776,40.78539400000591,40.85201859998051,40.85201859998051,40.85201859998051,40.85201859998051,40.85201859998051,40.85201859998051,40.85201859998051,41.05202280002413,41.05202280002413,41.05202280002413,kora,space,1.729317999968771,391371,001,2023-08-26_17h41.13.183,Recognizability_SONA,2022.2.5,59.995668307702246,
shinder,15_dim_pl.PNG,stems_all/15.PNG,stems_all/15_dim_pl.PNG,novel,stems_all/15_dim_sg.PNG,stems_all/15_2.PNG,,,,,,,,,0,7,7,11,,,,,,,,,,,,,,,,,42.61874390003504,42.68540539999958,42.718751100008376,42.78541519999271,42.78541519999271,42.78541519999271,42.78541519999271,42.78541519999271,42.78541519999271,42.78541519999271,42.9854231000063,42.9854231000063,42.9854231000063,f,space,0.8691584999905899,391371,001,2023-08-26_17h41.13.183,Recognizability_SONA,2022.2.5,59.995668307702246,
pil,13_dim_sg.PNG,stems_all/13.PNG,stems_all/13_dim_sg.PNG,novel,stems_all/13_dim_pl.PNG,stems_all/13_2.PNG,,,,,,,,,0,8,8,3,,,,,,,,,,,,,,,,,43.70206009998219,43.768760000006296,43.8020859999815,43.86874010000611,43.86874010000611,43.86874010000611,43.86874010000611,43.86874010000611,43.86874010000611,43.86874010000611,44.06876270001521,44.06876270001521,44.06876270001521,,space,0.6830489999847487,391371,001,2023-08-26_17h41.13.183,Recognizability_SONA,2022.2.5,59.995668307702246,
pil,13_dim_pl.PNG,stems_all/13.PNG,stems_all/13_dim_pl.PNG,novel,stems_all/13_dim_sg.PNG,stems_all/13_2.PNG,,,,,,,,,0,9,9,9,,,,,,,,,,,,,,,,,44.568728299986105,44.6521417000331,44.66878479998559,44.75207829999272,44.75207829999272,44.75207829999272,44.75207829999272,44.75207829999272,44.75207829999272,44.75207829999272,44.95210940000834,44.95210940000834,44.95210940000834,,space,0.7139130000141449,391371,001,2023-08-26_17h41.13.183,Recognizability_SONA,2022.2.5,59.995668307702246,
shinti,14_2.PNG,stems_all/14.PNG,stems_all/14_2.PNG,novel,stems_all/14_dim_sg.PNG,stems_all/14_dim_pl.PNG,,,,,,,,,0,10,10,16,,,,,,,,,,,,,,,,,45.48541010002373,45.568799200002104,45.5854629999958,45.668764400004875,45.668764400004875,45.668764400004875,45.668764400004875,45.668764400004875,45.668764400004875,45.668764400004875,45.868784499994945,45.868784499994945,45.868784499994945,,space,0.7264429000206292,391371,001,2023-08-26_17h41.13.183,Recognizability_SONA,2022.2.5,59.995668307702246,
shinti,14_dim_sg.PNG,stems_all/14.PNG,stems_all/14_dim_sg.PNG,novel,stems_all/14_dim_pl.PNG,stems_all/14_2.PNG,,,,,,,,,0,11,11,4,,,,,,,,,,,,,,,,,46.41875150002306,46.502083000028506,46.51879270002246,46.60211809998145,46.60211809998145,46.60211809998145,46.60211809998145,46.60211809998145,46.60211809998145,46.60211809998145,46.80213939998066,46.80213939998066,46.80213939998066,,space,0.7752837000298314,391371,001,2023-08-26_17h41.13.183,Recognizability_SONA,2022.2.5,59.995668307702246,
bal,1_dim_sg.PNG,stems_all/1.PNG,stems_all/1_dim_sg.PNG,familiar,stems_all/1_dim_pl.PNG,stems_all/1_2.PNG,,,,,,,,,0,12,12,0,,,,,,,,,,,,,,,,,47.418762399989646,47.485472000029404,47.518771600036416,47.585462099988945,47.585462099988945,47.585462099988945,47.585462099988945,47.585462099988945,47.585462099988945,47.585462099988945,47.78546990000177,47.78546990000177,47.78546990000177,,space,0.7721831000526436,391371,001,2023-08-26_17h41.13.183,Recognizability_SONA,2022.2.5,59.995668307702246,
,,,,,,,,,,,,,,,,,,,,,,,,,,,,,,,,,,,48.402152099995874,48.468819300003815,48.50214410002809,48.56880589999491,48.56880589999491,48.56880589999491,48.56880589999491,48.56880589999491,48.56880589999491,48.56880589999491,48.76881809998304,48.76881809998304,48.76881809998304,,,,,,,,,,
