﻿select_condition,stem,suffix,label,stem_filename,file,filepath,which_condition.thisRepN,which_condition.thisTrialN,which_condition.thisN,which_condition.thisIndex,dantype_loop.thisRepN,dantype_loop.thisTrialN,dantype_loop.thisN,dantype_loop.thisIndex,begin_text.started,key_resp_11.started,key_resp_11.keys,key_resp_11.rt,consent_image.started,text_10.started,consent_resp.started,consent_resp.keys,consent_resp.rt,demographic_instr.started,text_9.started,key_resp_3.started,key_resp_3.keys,key_resp_3.rt,age_text.started,textbox.started,key_resp_5.started,text_3.started,textbox.text,key_resp_5.keys,key_resp_5.rt,age_text_2.started,textbox_2.started,key_resp_6.started,text_4.started,textbox_2.text,key_resp_6.keys,key_resp_6.rt,age_text_3.started,textbox_3.started,key_resp_7.started,text_5.started,textbox_3.text,key_resp_7.keys,key_resp_7.rt,age_text_5.started,textbox_5.started,key_resp_9.started,text_7.started,textbox_5.text,key_resp_9.keys,key_resp_9.rt,age_text_6.started,textbox_6.started,key_resp_10.started,text_8.started,textbox_6.text,key_resp_10.keys,key_resp_10.rt,age_text_4.started,textbox_4.started,key_resp_8.started,text_6.started,textbox_4.text,key_resp_8.keys,key_resp_8.rt,instructions_text.started,key_resp_4.started,key_resp_4.keys,key_resp_4.rt,experiment_start.started,experiment_start_resp.started,experiment_start_resp.keys,experiment_start_resp.rt,image.started,text_11.started,participant,session,date,expName,psychopyVersion,frameRate,
,,,,,,,,,,,,,,,12.587926300009713,12.587926300009713,space,0.676885399967432,,,,,,,,,,,,,,,,,,,,,,,,,,,,,,,,,,,,,,,,,,,,,,,,,,,,,,,,,,,,,,,397306,001,2023-08-25_15h04.43.254,Recognizability_SONA,2022.2.5,60.0001680087346,
,,,,,,,,,,,,,,,,,,,13.286815600004047,13.286815600004047,13.286815600004047,space,1.8412966000032611,,,,,,,,,,,,,,,,,,,,,,,,,,,,,,,,,,,,,,,,,,,,,,,,,,,,,,,,,,397306,001,2023-08-25_15h04.43.254,Recognizability_SONA,2022.2.5,60.0001680087346,
,,,,,,,,,,,,,,,,,,,,,,,,15.17019390000496,15.17019390000496,15.17019390000496,space,0.5490544000058435,,,,,,,,,,,,,,,,,,,,,,,,,,,,,,,,,,,,,,,,,,,,,,,,,,,,,397306,001,2023-08-25_15h04.43.254,Recognizability_SONA,2022.2.5,60.0001680087346,
,,,,,,,,,,,,,,,,,,,,,,,,,,,,,15.736835799994878,15.736835799994878,15.736835799994878,15.736835799994878, ,tab,0.6215720000327565,,,,,,,,,,,,,,,,,,,,,,,,,,,,,,,,,,,,,,,,,,,,,,397306,001,2023-08-25_15h04.43.254,Recognizability_SONA,2022.2.5,60.0001680087346,
,,,,,,,,,,,,,,,,,,,,,,,,,,,,,,,,,,,,16.386874600022566,16.386874600022566,16.386874600022566,16.386874600022566,,tab,0.15957389998948202,,,,,,,,,,,,,,,,,,,,,,,,,,,,,,,,,,,,,,,397306,001,2023-08-25_15h04.43.254,Recognizability_SONA,2022.2.5,60.0001680087346,
,,,,,,,,,,,,,,,,,,,,,,,,,,,,,,,,,,,,,,,,,,,16.570174099993892,16.570174099993892,16.570174099993892,16.570174099993892,,tab,0.14130680001107976,,,,,,,,,,,,,,,,,,,,,,,,,,,,,,,,397306,001,2023-08-25_15h04.43.254,Recognizability_SONA,2022.2.5,60.0001680087346,
,,,,,,,,,,,,,,,,,,,,,,,,,,,,,,,,,,,,,,,,,,,,,,,,,,16.7368817999959,16.7368817999959,16.7368817999959,16.7368817999959,,tab,0.12964060000376776,,,,,,,,,,,,,,,,,,,,,,,,,397306,001,2023-08-25_15h04.43.254,Recognizability_SONA,2022.2.5,60.0001680087346,
,,,,,,,,,,,,,,,,,,,,,,,,,,,,,,,,,,,,,,,,,,,,,,,,,,,,,,,,,16.886876000033226,16.886876000033226,16.886876000033226,16.886876000033226,,tab,0.15467030002037063,,,,,,,,,,,,,,,,,,397306,001,2023-08-25_15h04.43.254,Recognizability_SONA,2022.2.5,60.0001680087346,
,,,,,,,,,,,,,,,,,,,,,,,,,,,,,,,,,,,,,,,,,,,,,,,,,,,,,,,,,,,,,,,,17.0702160000219,17.0702160000219,17.0702160000219,17.0702160000219,,tab,0.2534158000489697,,,,,,,,,,,397306,001,2023-08-25_15h04.43.254,Recognizability_SONA,2022.2.5,60.0001680087346,
,,,,,,,,,,,,,,,,,,,,,,,,,,,,,,,,,,,,,,,,,,,,,,,,,,,,,,,,,,,,,,,,,,,,,,,17.353521800017916,17.353521800017916,space,0.8782775999861769,,,,,,,397306,001,2023-08-25_15h04.43.254,Recognizability_SONA,2022.2.5,60.0001680087346,
,,,,,,,,,,,,,,,,,,,,,,,,,,,,,,,,,,,,,,,,,,,,,,,,,,,,,,,,,,,,,,,,,,,,,,,,,,,18.25356640003156,18.25356640003156,space,0.48138059995835647,,,397306,001,2023-08-25_15h04.43.254,Recognizability_SONA,2022.2.5,60.0001680087346,
Condition5.csv,berko,dan,berkodan,2,1_2.PNG,stems_all/1_2.PNG,0,0,0,0,0,0,0,13,,,,,,,,,,,,,,,,,,,,,,,,,,,,,,,,,,,,,,,,,,,,,,,,,,,,,,,,,,,,,,,,,18.770187499991152,18.770187499991152,397306,001,2023-08-25_15h04.43.254,Recognizability_SONA,2022.2.5,60.0001680087346,
,,,,,,,,,,,,,,,,,,,,,,,,,,,,,,,,,,,,,,,,,,,,,,,,,,,,,,,,,,,,,,,,,,,,,,,,,,,,,,,20.77023610001197,20.77023610001197,,,,,,,
