﻿prod_label,file,prod_image1,prod_image2,prod_condition,alt_image1,alt_image2,prod_image2_size,alt_image2_size,prod_image2_location,alt_image1_location,alt_image2_location,demo_info.thisRepN,demo_info.thisTrialN,demo_info.thisN,demo_info.thisIndex,pretraining_plus_test.thisRepN,pretraining_plus_test.thisTrialN,pretraining_plus_test.thisN,pretraining_plus_test.thisIndex,which_condition.thisRepN,which_condition.thisTrialN,which_condition.thisN,which_condition.thisIndex,production_block.thisRepN,production_block.thisTrialN,production_block.thisN,production_block.thisIndex,pretraining,condition,begin_text.started,key_resp_11.started,key_resp_11.keys,key_resp_11.rt,instructions_text.started,key_resp_4.started,key_resp_4.keys,key_resp_4.rt,experiment_start.started,experiment_start_resp.started,experiment_start_resp.keys,experiment_start_resp.rt,instr.started,key_resp_14.started,key_resp_14.keys,key_resp_14.rt,image_prod1_2.started,production_text_2.started,production_text_2.stopped,image_prod1_2.stopped,production_image.started,image_2.started,alternate_image2.started,image_3.started,prod_resp.started,text_12.started,key_resp_15.started,image_2.stopped,alternate_image2.stopped,image_3.stopped,prod_resp.text,key_resp_15.keys,key_resp_15.rt,text_25.started,text_25.stopped,participant,session,date,expName,psychopyVersion,frameRate,
,,,,,,,,,,,,,,,,,,,,,,,,,,,,0,2,7.933341600000858,7.933341600000858,space,0.32494549988768995,,,,,,,,,,,,,,,,,,,,,,,,,,,,,,,,401588,001,2023-10-04_19h03.58.211,generalizability,2022.2.5,60.905828009046886,
,,,,,,,,,,,,,,,,,,,,,,,,,,,,,,,,,,8.299008199945092,8.299008199945092,return,0.2122687001246959,,,,,,,,,,,,,,,,,,,,,,,,,,,,401588,001,2023-10-04_19h03.58.211,generalizability,2022.2.5,60.905828009046886,
,,,,,,,,,,,,,,,,,,,,,,,,,,,,,,,,,,,,,,8.532670099986717,8.532670099986717,return,0.19268560013733804,,,,,,,,,,,,,,,,,,,,,,,,401588,001,2023-10-04_19h03.58.211,generalizability,2022.2.5,60.905828009046886,
,,,,,,,,,,,,,,,,,,,,,,,,,,,,,,,,,,,,,,,,,,8.748965899925679,8.748965899925679,return,0.19541319995187223,,,,,,,,,,,,,,,,,,,,401588,001,2023-10-04_19h03.58.211,generalizability,2022.2.5,60.905828009046886,
bal,1_dim_pl.PNG,stems_all/1.PNG,stems_all/1_dim_pl.PNG,familiar,stems_all/1_dim_sg.PNG,stems_all/1_2.PNG,"[0.2, 0.2]","[0.35, 0.35]","[0.2, -0.18]","[0.2, 0.22]","[-0.2, -0.18]",,,,,,,,,,,,,0,0,0,6,,,,,,,,,,,,,,,,,,,8.965666799806058,10.44902479997836,11.949063499923795,11.982366299955174,11.982366299955174,11.982366299955174,11.982366299955174,11.982366299955174,12.699016399914399,12.699016399914399,12.699016399914399,12.73234250000678,12.73234250000678,12.73234250000678,balnem,return,2.4447319998871535,15.165809499798343,15.932438999880105,401588,001,2023-10-04_19h03.58.211,generalizability,2022.2.5,60.905828009046886,
pil,13_dim_sg.PNG,stems_all/13.PNG,stems_all/13_dim_sg.PNG,novel,stems_all/13_dim_pl.PNG,stems_all/13_2.PNG,"[0.2, 0.2]","[0.35, 0.35]","[0.2, 0.22]","[0.2, -0.18]","[-0.2, -0.18]",,,,,,,,,,,,,0,1,1,3,,,,,,,,,,,,,,,,,,,15.932438999880105,17.399521599989384,18.89916309993714,,18.999109299853444,18.999109299853444,18.999109299853444,18.999109299853444,19.649132899940014,19.649132899940014,19.649132899940014,19.74916010000743,19.74916010000743,19.74916010000743,pildan,return,2.6457620000001043,22.31587679986842,23.065822399919853,401588,001,2023-10-04_19h03.58.211,generalizability,2022.2.5,60.905828009046886,
,,,,,,,,,,,,,,,,,,,,,,,,,,,,,,,,,,,,,,,,,,,,,,23.065822399919853,24.54920439980924,26.049197499873117,26.065862099872902,26.065862099872902,26.065862099872902,26.065862099872902,26.065862099872902,26.79922219994478,26.79922219994478,26.79922219994478,26.81588639994152,26.81588639994152,26.81588639994152,,,,,,,,,,,,
