﻿select_condition,stem,suffix,label,stem_filename,file,filepath,demo_info.thisRepN,demo_info.thisTrialN,demo_info.thisN,demo_info.thisIndex,which_condition.thisRepN,which_condition.thisTrialN,which_condition.thisN,which_condition.thisIndex,training_block.thisRepN,training_block.thisTrialN,training_block.thisN,training_block.thisIndex,begin_text.started,key_resp_11.started,key_resp_11.keys,key_resp_11.rt,instructions_text.started,key_resp_4.started,key_resp_4.keys,key_resp_4.rt,experiment_start.started,experiment_start_resp.started,experiment_start_resp.keys,experiment_start_resp.rt,image.started,text_11.started,image.stopped,text_11.stopped,participant,session,date,expName,psychopyVersion,frameRate,
,,,,,,,,,,,,,,,,,,,11.295415499946102,11.295415499946102,space,17.05440549994819,,,,,,,,,,,,,407206,001,2023-09-06_10h36.31.303,Recognizability_SONA,2022.2.5,60.1466134369986,
,,,,,,,,,,,,,,,,,,,,,,,28.394631099887192,28.394631099887192,space,32.088401899905875,,,,,,,,,407206,001,2023-09-06_10h36.31.303,Recognizability_SONA,2022.2.5,60.1466134369986,
,,,,,,,,,,,,,,,,,,,,,,,,,,,60.511782799847424,60.511782799847424,space,0.5543327000923455,,,,,407206,001,2023-09-06_10h36.31.303,Recognizability_SONA,2022.2.5,60.1466134369986,
Condition1.csv,bal,nem,balnem,1,1_dim_sg.PNG,stems_all/1_dim_sg.PNG,,,,,0,0,0,0,0,0,0,12,,,,,,,,,,,,,61.34505630005151,61.34505630005151,63.11179189989343,63.11179189989343,407206,001,2023-09-06_10h36.31.303,Recognizability_SONA,2022.2.5,60.1466134369986,
Condition1.csv,berko,nem,berkonem,2,2_dim_sg.PNG,stems_all/2_dim_sg.PNG,,,,,0,0,0,0,0,1,1,18,,,,,,,,,,,,,63.345067699905485,63.345067699905485,65.11169900000095,65.11169900000095,407206,001,2023-09-06_10h36.31.303,Recognizability_SONA,2022.2.5,60.1466134369986,
Condition1.csv,pipa,dan,pipadan,5,5_2.PNG,stems_all/5_2.PNG,,,,,0,0,0,0,0,2,2,4,,,,,,,,,,,,,65.34542310005054,65.34542310005054,67.09516360005364,67.09516360005364,407206,001,2023-09-06_10h36.31.303,Recognizability_SONA,2022.2.5,60.1466134369986,
Condition1.csv,bal,nem,balnem,1,1_dim_sg.PNG,stems_all/1_dim_sg.PNG,,,,,0,0,0,0,0,3,3,14,,,,,,,,,,,,,67.34517069999129,67.34517069999129,69.12861329992302,69.12861329992302,407206,001,2023-09-06_10h36.31.303,Recognizability_SONA,2022.2.5,60.1466134369986,
,,,,,,,,,,,,,,,,,,,,,,,,,,,,,,,69.32873660000041,69.32873660000041,,,,,,,,,
