﻿stem,label1,suffix1,label2,suffix2,comp_image,comp_condition_stem,comp_condition_suffix,image1,comp_image_size,demo_info.thisRepN,demo_info.thisTrialN,demo_info.thisN,demo_info.thisIndex,which_condition.thisRepN,which_condition.thisTrialN,which_condition.thisN,which_condition.thisIndex,production_block.thisRepN,production_block.thisTrialN,production_block.thisN,production_block.thisIndex,forced_choice_block.thisRepN,forced_choice_block.thisTrialN,forced_choice_block.thisN,forced_choice_block.thisIndex,begin_text.started,key_resp_11.started,key_resp_11.keys,key_resp_11.rt,instructions_text.started,key_resp_4.started,key_resp_4.keys,key_resp_4.rt,experiment_start.started,experiment_start_resp.started,experiment_start_resp.keys,experiment_start_resp.rt,instr.started,key_resp_14.started,key_resp_14.keys,key_resp_14.rt,text_13.started,key_resp_17.started,key_resp_17.keys,key_resp_17.rt,comp_label1_location,comp_label2_location,first_image.started,image_comp.started,text_14.started,label_right.started,key_resp_16.started,text_15.started,text_16.started,first_image.stopped,key_resp_16.keys,key_resp_16.rt,experiment_over.started,key_resp_13.started,key_resp_13.keys,key_resp_13.rt,participant,session,date,expName,psychopyVersion,frameRate,
,,,,,,,,,,,,,,,,,,,,,,,,,,11.15826310007833,11.15826310007833,space,0.41349329985678196,,,,,,,,,,,,,,,,,,,,,,,,,,,,,,,,,458041,001,2023-09-08_16h06.55.207,Recognizability_SONA,2022.2.5,60.0131668912648,
,,,,,,,,,,,,,,,,,,,,,,,,,,,,,,11.607238000025973,11.607238000025973,space,0.3736002000514418,,,,,,,,,,,,,,,,,,,,,,,,,,,,,458041,001,2023-09-08_16h06.55.207,Recognizability_SONA,2022.2.5,60.0131668912648,
,,,,,,,,,,,,,,,,,,,,,,,,,,,,,,,,,,12.007212300086394,12.007212300086394,space,1.082882999908179,,,,,,,,,,,,,,,,,,,,,,,,,458041,001,2023-09-08_16h06.55.207,Recognizability_SONA,2022.2.5,60.0131668912648,
,,,,,,,,,,,,,,,,,,,,,,,,,,,,,,,,,,,,,,13.107235500123352,13.107235500123352,space,2.622472200077027,,,,,,,,,,,,,,,,,,,,,458041,001,2023-09-08_16h06.55.207,Recognizability_SONA,2022.2.5,60.0131668912648,
,,,,,,,,,,,,,,,,,,,,,,,,,,,,,,,,,,,,,,,,,,15.757335600210354,15.757335600210354,space,1.2366043000947684,,,,,,,,,,,,,,,,,458041,001,2023-09-08_16h06.55.207,Recognizability_SONA,2022.2.5,60.0131668912648,
bal,baldan,dan,balnem,nem,stems_all/1_dim_pl.PNG,familiar,dim_pl,stems_all/1.PNG,"[0.2, 0.2]",,,,,,,,,,,,,0,0,0,0,,,,,,,,,,,,,,,,,,,,,left,right,17.040835099993274,17.207506000064313,17.207506000064313,17.207506000064313,17.207506000064313,17.207506000064313,17.207506000064313,17.240850400179625,left,3.411260199965909,,,,,458041,001,2023-09-08_16h06.55.207,Recognizability_SONA,2022.2.5,60.0131668912648,
berko,berkonem,nem,berkodan,dan,stems_all/2_dim_pl.PNG,familiar,dim_pl,stems_all/2.PNG,"[0.2, 0.2]",,,,,,,,,,,,,0,1,1,1,,,,,,,,,,,,,,,,,,,,,right,left,20.657261400017887,20.82396820001304,20.82396820001304,20.82396820001304,20.82396820001304,20.82396820001304,20.82396820001304,20.85724820010364,left,1.049127999925986,,,,,458041,001,2023-09-08_16h06.55.207,Recognizability_SONA,2022.2.5,60.0131668912648,
kora,koradan,dan,koranem,nem,stems_all/3_dim_pl.PNG,familiar,dim_pl,stems_all/3.PNG,"[0.2, 0.2]",,,,,,,,,,,,,0,2,2,2,,,,,,,,,,,,,,,,,,,,,right,left,21.907207500189543,22.0738951000385,22.0738951000385,22.0738951000385,22.0738951000385,22.0738951000385,22.0738951000385,22.107227600179613,left,0.7564185000956059,,,,,458041,001,2023-09-08_16h06.55.207,Recognizability_SONA,2022.2.5,60.0131668912648,
bassi,bassinem,nem,bassidan,dan,stems_all/16_dim_pl.PNG,novel,dim_pl,stems_all/16.PNG,"[0.2, 0.2]",,,,,,,,,,,,,0,3,3,3,,,,,,,,,,,,,,,,,,,,,right,left,22.873684300109744,23.05717520019971,23.05717520019971,23.05717520019971,23.05717520019971,23.05717520019971,23.05717520019971,23.07388300006278,left,0.64132219995372,,,,,458041,001,2023-09-08_16h06.55.207,Recognizability_SONA,2022.2.5,60.0131668912648,
lucko,luckodan,dan,luckonem,nem,stems_all/17_dim_pl.PNG,novel,dim_pl,stems_all/17.PNG,"[0.2, 0.2]",,,,,,,,,,,,,0,4,4,4,,,,,,,,,,,,,,,,,,,,,left,right,23.72391220019199,23.907217500032857,23.907217500032857,23.907217500032857,23.907217500032857,23.907217500032857,23.907217500032857,23.92395140021108,left,0.5794729001354426,,,,,458041,001,2023-09-08_16h06.55.207,Recognizability_SONA,2022.2.5,60.0131668912648,
runde,rundenem,nem,rundedan,dan,stems_all/18_dim_pl.PNG,novel,dim_pl,stems_all/18.PNG,"[0.2, 0.2]",,,,,,,,,,,,,0,5,5,5,,,,,,,,,,,,,,,,,,,,,left,right,24.507240900071338,24.690521100070328,24.690521100070328,24.690521100070328,24.690521100070328,24.690521100070328,24.690521100070328,24.70718380017206,left,0.4893300000112504,,,,,458041,001,2023-09-08_16h06.55.207,Recognizability_SONA,2022.2.5,60.0131668912648,
bal,balnem,nem,balshoon,shoon,stems_all/1_dim_pl.PNG,familiar,dim_pl,stems_all/1.PNG,"[0.2, 0.2]",,,,,,,,,,,,,0,6,6,6,,,,,,,,,,,,,,,,,,,,,right,left,25.20712780021131,25.39051240007393,25.39051240007393,25.39051240007393,25.39051240007393,25.39051240007393,25.39051240007393,25.407202300149947,left,0.5165054001845419,,,,,458041,001,2023-09-08_16h06.55.207,Recognizability_SONA,2022.2.5,60.0131668912648,
berko,berkoshoon,shoon,berkonem,nem,stems_all/2_dim_pl.PNG,familiar,dim_pl,stems_all/2.PNG,"[0.2, 0.2]",,,,,,,,,,,,,0,7,7,7,,,,,,,,,,,,,,,,,,,,,right,left,25.9405517000705,26.107157400110736,26.107157400110736,26.107157400110736,26.107157400110736,26.107157400110736,26.107157400110736,26.14053490012884,left,0.553029099944979,,,,,458041,001,2023-09-08_16h06.55.207,Recognizability_SONA,2022.2.5,60.0131668912648,
kora,koranem,nem,korashoon,shoon,stems_all/3_dim_pl.PNG,familiar,dim_pl,stems_all/3.PNG,"[0.2, 0.2]",,,,,,,,,,,,,0,8,8,8,,,,,,,,,,,,,,,,,,,,,right,left,26.70725870016031,26.873862400185317,26.873862400185317,26.873862400185317,26.873862400185317,26.873862400185317,26.873862400185317,26.907274700002745,left,0.5334924999624491,,,,,458041,001,2023-09-08_16h06.55.207,Recognizability_SONA,2022.2.5,60.0131668912648,
bassi,bassishoon,shoon,bassinem,nem,stems_all/16_dim_pl.PNG,novel,dim_pl,stems_all/16.PNG,"[0.2, 0.2]",,,,,,,,,,,,,0,9,9,9,,,,,,,,,,,,,,,,,,,,,left,right,27.4241133001633,27.607291200198233,27.607291200198233,27.607291200198233,27.607291200198233,27.607291200198233,27.607291200198233,27.623917000135407,left,0.5472172999288887,,,,,458041,001,2023-09-08_16h06.55.207,Recognizability_SONA,2022.2.5,60.0131668912648,
lucko,luckonem,nem,luckoshoon,shoon,stems_all/17_dim_pl.PNG,novel,dim_pl,stems_all/17.PNG,"[0.2, 0.2]",,,,,,,,,,,,,0,10,10,10,,,,,,,,,,,,,,,,,,,,,left,right,28.173884500050917,28.35719500016421,28.35719500016421,28.35719500016421,28.35719500016421,28.35719500016421,28.35719500016421,28.3739248001948,left,0.5315138001460582,,,,,458041,001,2023-09-08_16h06.55.207,Recognizability_SONA,2022.2.5,60.0131668912648,
runde,rundeshoon,shoon,rundenem,nem,stems_all/18_dim_pl.PNG,novel,dim_pl,stems_all/18.PNG,"[0.2, 0.2]",,,,,,,,,,,,,0,11,11,11,,,,,,,,,,,,,,,,,,,,,right,left,28.907178400084376,29.09060430014506,29.09060430014506,29.09060430014506,29.09060430014506,29.09060430014506,29.09060430014506,29.107259600190446,left,0.5632605999708176,,,,,458041,001,2023-09-08_16h06.55.207,Recognizability_SONA,2022.2.5,60.0131668912648,
bal,baldan,dan,balsil,sil,stems_all/1_dim_pl.PNG,familiar,dim_pl,stems_all/1.PNG,"[0.2, 0.2]",,,,,,,,,,,,,0,12,12,12,,,,,,,,,,,,,,,,,,,,,left,right,29.690638500032946,29.87395240017213,29.87395240017213,29.87395240017213,29.87395240017213,29.87395240017213,29.87395240017213,29.890664200065657,left,0.5640825999435037,,,,,458041,001,2023-09-08_16h06.55.207,Recognizability_SONA,2022.2.5,60.0131668912648,
berko,berkosil,sil,berkodan,dan,stems_all/2_dim_pl.PNG,familiar,dim_pl,stems_all/2.PNG,"[0.2, 0.2]",,,,,,,,,,,,,0,13,13,13,,,,,,,,,,,,,,,,,,,,,left,right,30.473989700200036,30.64058700017631,30.64058700017631,30.64058700017631,30.64058700017631,30.64058700017631,30.64058700017631,30.673934400081635,left,0.4966001999564469,,,,,458041,001,2023-09-08_16h06.55.207,Recognizability_SONA,2022.2.5,60.0131668912648,
kora,koradan,dan,korasil,sil,stems_all/3_dim_pl.PNG,familiar,dim_pl,stems_all/3.PNG,"[0.2, 0.2]",,,,,,,,,,,,,0,14,14,14,,,,,,,,,,,,,,,,,,,,,right,left,31.17401930014603,31.340588600141928,31.340588600141928,31.340588600141928,31.340588600141928,31.340588600141928,31.340588600141928,31.373950200155377,left,0.5367725999094546,,,,,458041,001,2023-09-08_16h06.55.207,Recognizability_SONA,2022.2.5,60.0131668912648,
bassi,bassisil,sil,bassidan,dan,stems_all/16_dim_pl.PNG,novel,dim_pl,stems_all/16.PNG,"[0.2, 0.2]",,,,,,,,,,,,,0,15,15,15,,,,,,,,,,,,,,,,,,,,,left,right,31.90723150013946,32.09069130010903,32.09069130010903,32.09069130010903,32.09069130010903,32.09069130010903,32.09069130010903,32.1073008000385,left,0.5098363999277353,,,,,458041,001,2023-09-08_16h06.55.207,Recognizability_SONA,2022.2.5,60.0131668912648,
lucko,luckodan,dan,luckosil,sil,stems_all/17_dim_pl.PNG,novel,dim_pl,stems_all/17.PNG,"[0.2, 0.2]",,,,,,,,,,,,,0,16,16,16,,,,,,,,,,,,,,,,,,,,,right,left,32.62400170019828,32.8074122001417,32.8074122001417,32.8074122001417,32.8074122001417,32.8074122001417,32.8074122001417,32.82401270000264,left,0.4872858999297023,,,,,458041,001,2023-09-08_16h06.55.207,Recognizability_SONA,2022.2.5,60.0131668912648,
runde,rundesil,sil,rundedan,dan,stems_all/18_dim_pl.PNG,novel,dim_pl,stems_all/18.PNG,"[0.2, 0.2]",,,,,,,,,,,,,0,17,17,17,,,,,,,,,,,,,,,,,,,,,right,left,33.3240211000666,33.507283200044185,33.507283200044185,33.507283200044185,33.507283200044185,33.507283200044185,33.507283200044185,33.52404910000041,left,0.42554629989899695,,,,,458041,001,2023-09-08_16h06.55.207,Recognizability_SONA,2022.2.5,60.0131668912648,
bal,balnem,nem,baldan,dan,stems_all/1_dim_sg.PNG,familiar,dim_sg,stems_all/1.PNG,"[0.2, 0.2]",,,,,,,,,,,,,0,18,18,18,,,,,,,,,,,,,,,,,,,,,left,right,33.957330900011584,34.14068130007945,34.14068130007945,34.14068130007945,34.14068130007945,34.14068130007945,34.14068130007945,34.15737310005352,left,0.5953484000638127,,,,,458041,001,2023-09-08_16h06.55.207,Recognizability_SONA,2022.2.5,60.0131668912648,
berko,berkodan,dan,berkonem,nem,stems_all/2_dim_sg.PNG,familiar,dim_sg,stems_all/2.PNG,"[0.2, 0.2]",,,,,,,,,,,,,0,19,19,19,,,,,,,,,,,,,,,,,,,,,right,left,34.75734930019826,34.94068900006823,34.94068900006823,34.94068900006823,34.94068900006823,34.94068900006823,34.94068900006823,34.95727750007063,left,0.637483699945733,,,,,458041,001,2023-09-08_16h06.55.207,Recognizability_SONA,2022.2.5,60.0131668912648,
kora,koranem,nem,koradan,dan,stems_all/3_dim_sg.PNG,familiar,dim_sg,stems_all/3.PNG,"[0.2, 0.2]",,,,,,,,,,,,,0,20,20,20,,,,,,,,,,,,,,,,,,,,,left,right,35.60727490019053,35.79065030021593,35.79065030021593,35.79065030021593,35.79065030021593,35.79065030021593,35.79065030021593,35.80734200007282,left,0.5406849998980761,,,,,458041,001,2023-09-08_16h06.55.207,Recognizability_SONA,2022.2.5,60.0131668912648,
bassi,bassidan,dan,bassinem,nem,stems_all/16_dim_sg.PNG,novel,dim_sg,stems_all/16.PNG,"[0.2, 0.2]",,,,,,,,,,,,,0,21,21,21,,,,,,,,,,,,,,,,,,,,,left,right,36.357342400122434,36.54070540005341,36.54070540005341,36.54070540005341,36.54070540005341,36.54070540005341,36.54070540005341,36.5572906001471,left,0.6528196998406202,,,,,458041,001,2023-09-08_16h06.55.207,Recognizability_SONA,2022.2.5,60.0131668912648,
lucko,luckonem,nem,luckodan,dan,stems_all/17_dim_sg.PNG,novel,dim_sg,stems_all/17.PNG,"[0.2, 0.2]",,,,,,,,,,,,,0,22,22,22,,,,,,,,,,,,,,,,,,,,,right,left,37.22397320019081,37.407400000141934,37.407400000141934,37.407400000141934,37.407400000141934,37.407400000141934,37.407400000141934,37.42401479999535,left,0.6853336000349373,,,,,458041,001,2023-09-08_16h06.55.207,Recognizability_SONA,2022.2.5,60.0131668912648,
runde,rundedan,dan,rundenem,nem,stems_all/18_dim_sg.PNG,novel,dim_sg,stems_all/18.PNG,"[0.2, 0.2]",,,,,,,,,,,,,0,23,23,23,,,,,,,,,,,,,,,,,,,,,right,left,38.124069100013,38.30740990000777,38.30740990000777,38.30740990000777,38.30740990000777,38.30740990000777,38.30740990000777,38.32413750002161,left,0.5655433000065386,,,,,458041,001,2023-09-08_16h06.55.207,Recognizability_SONA,2022.2.5,60.0131668912648,
bal,balshoon,shoon,balnem,nem,stems_all/1_dim_sg.PNG,familiar,dim_sg,stems_all/1.PNG,"[0.2, 0.2]",,,,,,,,,,,,,0,24,24,24,,,,,,,,,,,,,,,,,,,,,right,left,38.890746999997646,39.074021600186825,39.074021600186825,39.074021600186825,39.074021600186825,39.074021600186825,39.074021600186825,39.09076960012317,left,0.6351325998548418,,,,,458041,001,2023-09-08_16h06.55.207,Recognizability_SONA,2022.2.5,60.0131668912648,
berko,berkonem,nem,berkoshoon,shoon,stems_all/2_dim_sg.PNG,familiar,dim_sg,stems_all/2.PNG,"[0.2, 0.2]",,,,,,,,,,,,,0,25,25,25,,,,,,,,,,,,,,,,,,,,,right,left,39.74071969999932,39.924068100051954,39.924068100051954,39.924068100051954,39.924068100051954,39.924068100051954,39.924068100051954,39.94077800004743,left,0.6732416998129338,,,,,458041,001,2023-09-08_16h06.55.207,Recognizability_SONA,2022.2.5,60.0131668912648,
kora,korashoon,shoon,koranem,nem,stems_all/3_dim_sg.PNG,familiar,dim_sg,stems_all/3.PNG,"[0.2, 0.2]",,,,,,,,,,,,,0,26,26,26,,,,,,,,,,,,,,,,,,,,,left,right,40.62404560018331,40.80744180013426,40.80744180013426,40.80744180013426,40.80744180013426,40.80744180013426,40.80744180013426,40.82412310014479,left,0.5970888000447303,,,,,458041,001,2023-09-08_16h06.55.207,Recognizability_SONA,2022.2.5,60.0131668912648,
bassi,bassinem,nem,bassishoon,shoon,stems_all/16_dim_sg.PNG,novel,dim_sg,stems_all/16.PNG,"[0.2, 0.2]",,,,,,,,,,,,,0,27,27,27,,,,,,,,,,,,,,,,,,,,,right,left,41.424068100051954,41.60757730016485,41.60757730016485,41.60757730016485,41.60757730016485,41.60757730016485,41.60757730016485,41.62418550020084,left,0.6321376000996679,,,,,458041,001,2023-09-08_16h06.55.207,Recognizability_SONA,2022.2.5,60.0131668912648,
lucko,luckoshoon,shoon,luckonem,nem,stems_all/17_dim_sg.PNG,novel,dim_sg,stems_all/17.PNG,"[0.2, 0.2]",,,,,,,,,,,,,0,28,28,28,,,,,,,,,,,,,,,,,,,,,right,left,42.25761810014956,42.44094600016251,42.44094600016251,42.44094600016251,42.44094600016251,42.44094600016251,42.44094600016251,42.45756880007684,left,0.6529636001214385,,,,,458041,001,2023-09-08_16h06.55.207,Recognizability_SONA,2022.2.5,60.0131668912648,
runde,rundenem,nem,rundeshoon,shoon,stems_all/18_dim_sg.PNG,novel,dim_sg,stems_all/18.PNG,"[0.2, 0.2]",,,,,,,,,,,,,0,29,29,29,,,,,,,,,,,,,,,,,,,,,left,right,43.12423360021785,43.30757910013199,43.30757910013199,43.30757910013199,43.30757910013199,43.30757910013199,43.30757910013199,43.324283100198954,left,0.7385468001011759,,,,,458041,001,2023-09-08_16h06.55.207,Recognizability_SONA,2022.2.5,60.0131668912648,
bal,balnem,nem,baldan,dan,stems_all/1_2.PNG,familiar,big,stems_all/1.PNG,"[0.35, 0.35]",,,,,,,,,,,,,0,30,30,30,,,,,,,,,,,,,,,,,,,,,left,right,44.07317790016532,44.25766380014829,44.25766380014829,44.25766380014829,44.25766380014829,44.25766380014829,44.25766380014829,44.274317800067365,left,1.3157997999805957,,,,,458041,001,2023-09-08_16h06.55.207,Recognizability_SONA,2022.2.5,60.0131668912648,
berko,berkodan,dan,berkonem,nem,stems_all/2_2.PNG,familiar,big,stems_all/2.PNG,"[0.35, 0.35]",,,,,,,,,,,,,0,31,31,31,,,,,,,,,,,,,,,,,,,,,left,right,45.60784910013899,45.791015500202775,45.791015500202775,45.791015500202775,45.791015500202775,45.791015500202775,45.791015500202775,45.80767680006102,left,0.7927635000087321,,,,,458041,001,2023-09-08_16h06.55.207,Recognizability_SONA,2022.2.5,60.0131668912648,
kora,koranem,nem,koradan,dan,stems_all/3_2.PNG,familiar,big,stems_all/3.PNG,"[0.35, 0.35]",,,,,,,,,,,,,0,32,32,32,,,,,,,,,,,,,,,,,,,,,right,left,46.62433680007234,46.80771810002625,46.80771810002625,46.80771810002625,46.80771810002625,46.80771810002625,46.80771810002625,46.82445910014212,left,0.5801683000754565,,,,,458041,001,2023-09-08_16h06.55.207,Recognizability_SONA,2022.2.5,60.0131668912648,
bassi,bassidan,dan,bassinem,nem,stems_all/16_2.PNG,novel,big,stems_all/16.PNG,"[0.35, 0.35]",,,,,,,,,,,,,0,33,33,33,,,,,,,,,,,,,,,,,,,,,left,right,47.4243728001602,47.591053400188684,47.591053400188684,47.591053400188684,47.591053400188684,47.591053400188684,47.591053400188684,47.62438000016846,left,0.5660081999376416,,,,,458041,001,2023-09-08_16h06.55.207,Recognizability_SONA,2022.2.5,60.0131668912648,
lucko,luckonem,nem,luckodan,dan,stems_all/17_2.PNG,novel,big,stems_all/17.PNG,"[0.35, 0.35]",,,,,,,,,,,,,0,34,34,34,,,,,,,,,,,,,,,,,,,,,right,left,48.17436440009624,48.357720700092614,48.357720700092614,48.357720700092614,48.357720700092614,48.357720700092614,48.357720700092614,48.37435180018656,left,0.4674774999730289,,,,,458041,001,2023-09-08_16h06.55.207,Recognizability_SONA,2022.2.5,60.0131668912648,
runde,rundedan,dan,rundenem,nem,stems_all/18_2.PNG,novel,big,stems_all/18.PNG,"[0.35, 0.35]",,,,,,,,,,,,,0,35,35,35,,,,,,,,,,,,,,,,,,,,,left,right,48.85774650005624,49.041073200060055,49.041073200060055,49.041073200060055,49.041073200060055,49.041073200060055,49.041073200060055,49.05773210013285,left,0.42128210002556443,,,,,458041,001,2023-09-08_16h06.55.207,Recognizability_SONA,2022.2.5,60.0131668912648,
bal,balsil,sil,baldan,dan,stems_all/1_2.PNG,familiar,big,stems_all/1.PNG,"[0.35, 0.35]",,,,,,,,,,,,,0,36,36,36,,,,,,,,,,,,,,,,,,,,,left,right,49.49009450012818,49.674381900113076,49.674381900113076,49.674381900113076,49.674381900113076,49.674381900113076,49.674381900113076,49.69110420020297,left,0.42211510008201003,,,,,458041,001,2023-09-08_16h06.55.207,Recognizability_SONA,2022.2.5,60.0131668912648,
berko,berkodan,dan,berkosil,sil,stems_all/2_2.PNG,familiar,big,stems_all/2.PNG,"[0.35, 0.35]",,,,,,,,,,,,,0,37,37,37,,,,,,,,,,,,,,,,,,,,,right,left,50.141085900133476,50.3076924001798,50.3076924001798,50.3076924001798,50.3076924001798,50.3076924001798,50.3076924001798,50.34102870011702,left,0.358940799953416,,,,,458041,001,2023-09-08_16h06.55.207,Recognizability_SONA,2022.2.5,60.0131668912648,
kora,korasil,sil,koradan,dan,stems_all/3_2.PNG,familiar,big,stems_all/3.PNG,"[0.35, 0.35]",,,,,,,,,,,,,0,38,38,38,,,,,,,,,,,,,,,,,,,,,left,right,50.70776640018448,50.874386300100014,50.874386300100014,50.874386300100014,50.874386300100014,50.874386300100014,50.874386300100014,50.90771200018935,right,0.22635179990902543,,,,,458041,001,2023-09-08_16h06.55.207,Recognizability_SONA,2022.2.5,60.0131668912648,
bassi,bassidan,dan,bassisil,sil,stems_all/16_2.PNG,novel,big,stems_all/16.PNG,"[0.35, 0.35]",,,,,,,,,,,,,0,39,39,39,,,,,,,,,,,,,,,,,,,,,left,right,51.124444800196216,51.30777529999614,51.30777529999614,51.30777529999614,51.30777529999614,51.30777529999614,51.30777529999614,51.324450300075114,left,0.29006980010308325,,,,,458041,001,2023-09-08_16h06.55.207,Recognizability_SONA,2022.2.5,60.0131668912648,
lucko,luckosil,sil,luckodan,dan,stems_all/17_2.PNG,novel,big,stems_all/17.PNG,"[0.35, 0.35]",,,,,,,,,,,,,0,40,40,40,,,,,,,,,,,,,,,,,,,,,right,left,51.62439710018225,51.80771650001407,51.80771650001407,51.80771650001407,51.80771650001407,51.80771650001407,51.80771650001407,51.8244374000933,right,0.297244600020349,,,,,458041,001,2023-09-08_16h06.55.207,Recognizability_SONA,2022.2.5,60.0131668912648,
runde,rundedan,dan,rundesil,sil,stems_all/18_2.PNG,novel,big,stems_all/18.PNG,"[0.35, 0.35]",,,,,,,,,,,,,0,41,41,41,,,,,,,,,,,,,,,,,,,,,left,right,52.12440020008944,52.307767500169575,52.307767500169575,52.307767500169575,52.307767500169575,52.307767500169575,52.307767500169575,52.32448400021531,left,0.4133522000629455,,,,,458041,001,2023-09-08_16h06.55.207,Recognizability_SONA,2022.2.5,60.0131668912648,
,,,,,,,,,,,,,,,,,,,,,,,,,,,,,,,,,,,,,,,,,,,,,,,,,,,,,,,,,,52.74109230004251,52.74109230004251,space,1.5733367998618633,458041,001,2023-09-08_16h06.55.207,Recognizability_SONA,2022.2.5,60.0131668912648,
