﻿demo_info.thisRepN,demo_info.thisTrialN,demo_info.thisN,demo_info.thisIndex,which_condition.thisRepN,which_condition.thisTrialN,which_condition.thisN,which_condition.thisIndex,production_block.thisRepN,production_block.thisTrialN,production_block.thisN,production_block.thisIndex,prod_label,file,prod_image1,prod_image2,prod_condition,alt_image1,alt_image2,prod_image2_size,alt_image2_size,prod_image2_location,alt_image1_location,alt_image2_location,begin_text.started,key_resp_11.started,key_resp_11.keys,key_resp_11.rt,instructions_text.started,key_resp_4.started,key_resp_4.keys,key_resp_4.rt,experiment_start.started,experiment_start_resp.started,experiment_start_resp.keys,experiment_start_resp.rt,instr.started,key_resp_14.started,key_resp_14.keys,key_resp_14.rt,participant,session,date,expName,psychopyVersion,frameRate,
,,,,,,,,,,,,,,,,,,,,,,,,9.030432499945164,9.030432499945164,space,0.5562972999177873,,,,,,,,,,,,,491256,001,2023-09-08_15h56.55.004,Recognizability_SONA,2022.2.5,60.7160854797897,
,,,,,,,,,,,,,,,,,,,,,,,,,,,,9.629533800063655,9.629533800063655,space,0.5993290999904275,,,,,,,,,491256,001,2023-09-08_15h56.55.004,Recognizability_SONA,2022.2.5,60.7160854797897,
,,,,,,,,,,,,,,,,,,,,,,,,,,,,,,,,10.246189599856734,10.246189599856734,space,0.4257860002107918,,,,,491256,001,2023-09-08_15h56.55.004,Recognizability_SONA,2022.2.5,60.7160854797897,
,,,,,,,,,,,,,,,,,,,,,,,,,,,,,,,,,,,,10.69619519985281,10.69619519985281,space,0.6283919999841601,491256,001,2023-09-08_15h56.55.004,Recognizability_SONA,2022.2.5,60.7160854797897,
