﻿stem,label,filepath,image_size,select_condition,suffix,stem_filename,file,demo_info.thisRepN,demo_info.thisTrialN,demo_info.thisN,demo_info.thisIndex,pretraining_plus_test.thisRepN,pretraining_plus_test.thisTrialN,pretraining_plus_test.thisN,pretraining_plus_test.thisIndex,pretraining_loop.thisRepN,pretraining_loop.thisTrialN,pretraining_loop.thisN,pretraining_loop.thisIndex,test_loop.thisRepN,test_loop.thisTrialN,test_loop.thisN,test_loop.thisIndex,which_condition.thisRepN,which_condition.thisTrialN,which_condition.thisN,which_condition.thisIndex,training_block.thisRepN,training_block.thisTrialN,training_block.thisN,training_block.thisIndex,pretraining,condition,begin_text.started,key_resp_11.started,key_resp_11.keys,key_resp_11.rt,consent_image.started,text_10.started,consent_resp.started,consent_resp.keys,consent_resp.rt,demographic_instr.started,text_9.started,key_resp_3.started,key_resp_3.keys,key_resp_3.rt,age_text.started,textbox.started,key_resp_5.started,text_3.started,textbox.text,key_resp_5.keys,key_resp_5.rt,age_text_5.started,textbox_5.started,key_resp_9.started,text_7.started,textbox_5.text,key_resp_9.keys,key_resp_9.rt,age_text_6.started,textbox_6.started,key_resp_10.started,text_8.started,textbox_6.text,key_resp_10.keys,key_resp_10.rt,instructions_text.started,key_resp_4.started,text_31.started,key_resp_4.keys,key_resp_4.rt,experiment_start.started,experiment_start_resp.started,text_32.started,experiment_start_resp.keys,experiment_start_resp.rt,text_23.started,key_resp_24.started,text_30.started,key_resp_24.keys,key_resp_24.rt,image_5.started,textbox_9.started,key_resp_20.started,text_16.started,text_19.started,textbox_9.text,key_resp_20.keys,key_resp_20.rt,image_4.started,text_18.started,textbox_12.started,text_27.started,image_4.stopped,text_18.stopped,textbox_12.stopped,text_27.stopped,text_21.started,key_resp_22.started,text_33.started,key_resp_22.keys,key_resp_22.rt,image_6.started,text_20.started,textbox_10.started,key_resp_21.started,textbox_10.text,key_resp_21.keys,key_resp_21.rt,text_22.started,key_resp_23.started,key_resp_23.keys,key_resp_23.rt,textbox_7.started,key_resp_18.started,text_28.started,image.started,text_11.started,textbox_7.text,key_resp_18.keys,key_resp_18.rt,image_8.started,text_17.started,textbox_8.started,text_29.started,image_8.stopped,text_17.stopped,textbox_8.stopped,text_29.stopped,participant,session,date,expName,psychopyVersion,frameRate,
,,,,,,,,,,,,,,,,,,,,,,,,,,,,,,,,0,2,12.445029099937528,12.445029099937528,space,10.531781299971044,,,,,,,,,,,,,,,,,,,,,,,,,,,,,,,,,,,,,,,,,,,,,,,,,,,,,,,,,,,,,,,,,,,,,,,,,,,,,,,,,,,,,,,,,,,,,,,494899,001,2023-10-10_15h26.10.352,generalizability,2022.2.5,59.96142084916445,
,,,,,,,,0,0,0,0,,,,,,,,,,,,,,,,,,,,,,,,,,,23.009936900343746,23.009936900343746,23.009936900343746,space,0.371949499938637,23.426578599959612,23.426578599959612,23.426578599959612,space,0.21935619972646236,23.676576300058514,23.676576300058514,23.676576300058514,23.676576300058514, ,return,0.4554825001396239,24.159900899976492,24.159900899976492,24.159900899976492,24.159900899976492,"
",return,0.18119549984112382,24.359926499892026,24.359926499892026,24.359926499892026,24.359926499892026,"
",return,0.16121309995651245,,,,,,,,,,,,,,,,,,,,,,,,,,,,,,,,,,,,,,,,,,,,,,,,,,,,,,,,,,,,,,,,494899,001,2023-10-10_15h26.10.352,generalizability,2022.2.5,59.96142084916445,
,,,,,,,,,,,,,,,,,,,,,,,,,,,,,,,,,,,,,,,,,,,,,,,,,,,,,,,,,,,,,,,,,,,,,24.55994370020926,27.543327399995178,27.543327399995178,return,0.22255089972168207,,,,,,,,,,,,,,,,,,,,,,,,,,,,,,,,,,,,,,,,,,,,,,,,,,,,,,,,,,,494899,001,2023-10-10_15h26.10.352,generalizability,2022.2.5,59.96142084916445,
,,,,,,,,,,,,,,,,,,,,,,,,,,,,,,,,,,,,,,,,,,,,,,,,,,,,,,,,,,,,,,,,,,,,,,,,,,27.79331640014425,30.7766885003075,30.7766885003075,return,0.2289269999600947,,,,,,,,,,,,,,,,,,,,,,,,,,,,,,,,,,,,,,,,,,,,,,,,,,,,,,494899,001,2023-10-10_15h26.10.352,generalizability,2022.2.5,59.96142084916445,
vorke,vorke,stems_all/10.PNG,"[0.35, 0.35]",,,,,,,,,0,0,0,0,0,0,0,9,,,,,,,,,,,,,,,,,,,,,,,,,,,,,,,,,,,,,,,,,,,,,,,,,,,,,,,,,,,,31.026699900161475,34.01019520033151,34.01019520033151,return,0.031085200142115355,34.06003600033,34.06003600033,34.06003600033,34.06003600033,35.543445700313896,vorke,return,2.6478363000787795,36.726740000303835,36.726740000303835,36.726740000303835,36.726740000303835,37.22673649992794,37.22673649992794,37.22673649992794,37.22673649992794,,,,,,,,,,,,,,,,,,,,,,,,,,,,,,,,,494899,001,2023-10-10_15h26.10.352,generalizability,2022.2.5,59.96142084916445,
kudom,kudom,stems_all/8.PNG,"[0.35, 0.35]",,,,,,,,,0,0,0,0,0,1,1,7,,,,,,,,,,,,,,,,,,,,,,,,,,,,,,,,,,,,,,,,,,,,,,,,,,,,,,,,,,,,,,,,,37.22673649992794,37.22673649992794,37.22673649992794,37.22673649992794,37.22673649992794,kudom,return,1.1375341997481883,38.39346199994907,38.39346199994907,38.39346199994907,38.39346199994907,38.89343259995803,38.89343259995803,38.89343259995803,38.89343259995803,,,,,,,,,,,,,,,,,,,,,,,,,,,,,,,,,494899,001,2023-10-10_15h26.10.352,generalizability,2022.2.5,59.96142084916445,
kora,kora,stems_all/3.PNG,"[0.35, 0.35]",,,,,,,,,0,0,0,0,0,2,2,2,,,,,,,,,,,,,,,,,,,,,,,,,,,,,,,,,,,,,,,,,,,,,,,,,,,,,,,,,,,,,,,,,38.89343259995803,38.89343259995803,38.89343259995803,38.89343259995803,38.89343259995803,kora,return,0.8331399001181126,39.74347550002858,39.74347550002858,39.74347550002858,39.74347550002858,40.243472000118345,40.243472000118345,40.243472000118345,40.243472000118345,,,,,,,,,,,,,,,,,,,,,,,,,,,,,,,,,494899,001,2023-10-10_15h26.10.352,generalizability,2022.2.5,59.96142084916445,
berko,berko,stems_all/2.PNG,"[0.35, 0.35]",,,,,,,,,0,0,0,0,0,3,3,1,,,,,,,,,,,,,,,,,,,,,,,,,,,,,,,,,,,,,,,,,,,,,,,,,,,,,,,,,,,,,,,,,40.243472000118345,40.243472000118345,40.243472000118345,40.243472000118345,40.243472000118345,berko,return,1.0094341998919845,41.27681610034779,41.27681610034779,41.27681610034779,41.27681610034779,41.77683350024745,41.77683350024745,41.77683350024745,41.77683350024745,,,,,,,,,,,,,,,,,,,,,,,,,,,,,,,,,494899,001,2023-10-10_15h26.10.352,generalizability,2022.2.5,59.96142084916445,
nako,nako,stems_all/4.PNG,"[0.35, 0.35]",,,,,,,,,0,0,0,0,0,4,4,3,,,,,,,,,,,,,,,,,,,,,,,,,,,,,,,,,,,,,,,,,,,,,,,,,,,,,,,,,,,,,,,,,41.77683350024745,41.77683350024745,41.77683350024745,41.77683350024745,41.77683350024745,nako,return,1.1144449999555945,42.910143699962646,42.910143699962646,42.910143699962646,42.910143699962646,43.41019870014861,43.41019870014861,43.41019870014861,43.41019870014861,,,,,,,,,,,,,,,,,,,,,,,,,,,,,,,,,494899,001,2023-10-10_15h26.10.352,generalizability,2022.2.5,59.96142084916445,
osto,osto,stems_all/9.PNG,"[0.35, 0.35]",,,,,,,,,0,0,0,0,0,5,5,8,,,,,,,,,,,,,,,,,,,,,,,,,,,,,,,,,,,,,,,,,,,,,,,,,,,,,,,,,,,,,,,,,43.41019870014861,43.41019870014861,43.41019870014861,43.41019870014861,43.41019870014861,osto,return,0.9174040001817048,44.36020260024816,44.36020260024816,44.36020260024816,44.36020260024816,44.860219300258905,44.860219300258905,44.860219300258905,44.860219300258905,,,,,,,,,,,,,,,,,,,,,,,,,,,,,,,,,494899,001,2023-10-10_15h26.10.352,generalizability,2022.2.5,59.96142084916445,
bal,bal,stems_all/1.PNG,"[0.35, 0.35]",,,,,,,,,0,0,0,0,0,6,6,0,,,,,,,,,,,,,,,,,,,,,,,,,,,,,,,,,,,,,,,,,,,,,,,,,,,,,,,,,,,,,,,,,44.860219300258905,44.860219300258905,44.860219300258905,44.860219300258905,44.860219300258905,bal,return,0.9387191999703646,45.82688000006601,45.82688000006601,45.82688000006601,45.82688000006601,46.32685670023784,46.32685670023784,46.32685670023784,46.32685670023784,,,,,,,,,,,,,,,,,,,,,,,,,,,,,,,,,494899,001,2023-10-10_15h26.10.352,generalizability,2022.2.5,59.96142084916445,
bani,bani,stems_all/6.PNG,"[0.35, 0.35]",,,,,,,,,0,0,0,0,0,7,7,5,,,,,,,,,,,,,,,,,,,,,,,,,,,,,,,,,,,,,,,,,,,,,,,,,,,,,,,,,,,,,,,,,46.32685670023784,46.32685670023784,46.32685670023784,46.32685670023784,46.32685670023784,bani,return,0.8693555002100766,47.22687410004437,47.22687410004437,47.22687410004437,47.22687410004437,47.72691120021045,47.72691120021045,47.72691120021045,47.72691120021045,,,,,,,,,,,,,,,,,,,,,,,,,,,,,,,,,494899,001,2023-10-10_15h26.10.352,generalizability,2022.2.5,59.96142084916445,
pipa,pipa,stems_all/5.PNG,"[0.35, 0.35]",,,,,,,,,0,0,0,0,0,8,8,4,,,,,,,,,,,,,,,,,,,,,,,,,,,,,,,,,,,,,,,,,,,,,,,,,,,,,,,,,,,,,,,,,47.72691120021045,47.72691120021045,47.72691120021045,47.72691120021045,47.72691120021045,pipa,return,1.0467086001299322,48.79362720018253,48.79362720018253,48.79362720018253,48.79362720018253,49.29362659994513,49.29362659994513,49.29362659994513,49.29362659994513,,,,,,,,,,,,,,,,,,,,,,,,,,,,,,,,,494899,001,2023-10-10_15h26.10.352,generalizability,2022.2.5,59.96142084916445,
chool,chool,stems_all/7.PNG,"[0.35, 0.35]",,,,,,,,,0,0,0,0,0,9,9,6,,,,,,,,,,,,,,,,,,,,,,,,,,,,,,,,,,,,,,,,,,,,,,,,,,,,,,,,,,,,,,,,,49.29362659994513,49.29362659994513,49.29362659994513,49.29362659994513,49.29362659994513,chool,return,1.141342299990356,50.46027379995212,50.46027379995212,50.46027379995212,50.46027379995212,50.96027440018952,50.96027440018952,50.96027440018952,50.96027440018952,,,,,,,,,,,,,,,,,,,,,,,,,,,,,,,,,494899,001,2023-10-10_15h26.10.352,generalizability,2022.2.5,59.96142084916445,
kora,kora,stems_all/3.PNG,"[0.35, 0.35]",,,,,,,,,0,0,0,0,,,,,0,0,0,2,,,,,,,,,,,,,,,,,,,,,,,,,,,,,,,,,,,,,,,,,,,,,,,,,,,,,,,,,,,,,,,,,,,,,,,,,,,,,50.96027440018952,50.96027440018952,50.96027440018952,return,0.8300236999057233,52.04362880019471,52.04362880019471,52.04362880019471,52.04362880019471,kora,return,1.084969200193882,,,,,,,,,,,,,,,,,,,,,494899,001,2023-10-10_15h26.10.352,generalizability,2022.2.5,59.96142084916445,
bani,bani,stems_all/6.PNG,"[0.35, 0.35]",,,,,,,,,0,0,0,0,,,,,0,1,1,5,,,,,,,,,,,,,,,,,,,,,,,,,,,,,,,,,,,,,,,,,,,,,,,,,,,,,,,,,,,,,,,,,,,,,,,,,,,,,,,,,,53.393627299927175,53.393627299927175,53.393627299927175,53.393627299927175,bani,return,10.336681600194424,,,,,,,,,,,,,,,,,,,,,494899,001,2023-10-10_15h26.10.352,generalizability,2022.2.5,59.96142084916445,
nako,nako,stems_all/4.PNG,"[0.35, 0.35]",,,,,,,,,0,0,0,0,,,,,0,2,2,3,,,,,,,,,,,,,,,,,,,,,,,,,,,,,,,,,,,,,,,,,,,,,,,,,,,,,,,,,,,,,,,,,,,,,,,,,,,,,,,,,,64.0104712001048,64.0104712001048,64.0104712001048,64.0104712001048,nako,return,1.3511700998060405,,,,,,,,,,,,,,,,,,,,,494899,001,2023-10-10_15h26.10.352,generalizability,2022.2.5,59.96142084916445,
berko,berko,stems_all/2.PNG,"[0.35, 0.35]",,,,,,,,,0,0,0,0,,,,,0,3,3,1,,,,,,,,,,,,,,,,,,,,,,,,,,,,,,,,,,,,,,,,,,,,,,,,,,,,,,,,,,,,,,,,,,,,,,,,,,,,,,,,,,65.62710259994492,65.62710259994492,65.62710259994492,65.62710259994492,berko,return,1.775045100133866,,,,,,,,,,,,,,,,,,,,,494899,001,2023-10-10_15h26.10.352,generalizability,2022.2.5,59.96142084916445,
osto,osto,stems_all/9.PNG,"[0.35, 0.35]",,,,,,,,,0,0,0,0,,,,,0,4,4,8,,,,,,,,,,,,,,,,,,,,,,,,,,,,,,,,,,,,,,,,,,,,,,,,,,,,,,,,,,,,,,,,,,,,,,,,,,,,,,,,,,67.66052750032395,67.66052750032395,67.66052750032395,67.66052750032395,osto,return,3.184355200268328,,,,,,,,,,,,,,,,,,,,,494899,001,2023-10-10_15h26.10.352,generalizability,2022.2.5,59.96142084916445,
kudom,kudom,stems_all/8.PNG,"[0.35, 0.35]",,,,,,,,,0,0,0,0,,,,,0,5,5,7,,,,,,,,,,,,,,,,,,,,,,,,,,,,,,,,,,,,,,,,,,,,,,,,,,,,,,,,,,,,,,,,,,,,,,,,,,,,,,,,,,71.11055639991537,71.11055639991537,71.11055639991537,71.11055639991537,kudom,return,1.2497697002254426,,,,,,,,,,,,,,,,,,,,,494899,001,2023-10-10_15h26.10.352,generalizability,2022.2.5,59.96142084916445,
bal,bal,stems_all/1.PNG,"[0.35, 0.35]",,,,,,,,,0,0,0,0,,,,,0,6,6,0,,,,,,,,,,,,,,,,,,,,,,,,,,,,,,,,,,,,,,,,,,,,,,,,,,,,,,,,,,,,,,,,,,,,,,,,,,,,,,,,,,72.61056260019541,72.61056260019541,72.61056260019541,72.61056260019541,bal,return,0.977948899846524,,,,,,,,,,,,,,,,,,,,,494899,001,2023-10-10_15h26.10.352,generalizability,2022.2.5,59.96142084916445,
chool,chool,stems_all/7.PNG,"[0.35, 0.35]",,,,,,,,,0,0,0,0,,,,,0,7,7,6,,,,,,,,,,,,,,,,,,,,,,,,,,,,,,,,,,,,,,,,,,,,,,,,,,,,,,,,,,,,,,,,,,,,,,,,,,,,,,,,,,73.84387610014528,73.84387610014528,73.84387610014528,73.84387610014528,chool,return,11.516301300376654,,,,,,,,,,,,,,,,,,,,,494899,001,2023-10-10_15h26.10.352,generalizability,2022.2.5,59.96142084916445,
vorke,vorke,stems_all/10.PNG,"[0.35, 0.35]",,,,,,,,,0,0,0,0,,,,,0,8,8,9,,,,,,,,,,,,,,,,,,,,,,,,,,,,,,,,,,,,,,,,,,,,,,,,,,,,,,,,,,,,,,,,,,,,,,,,,,,,,,,,,,85.61072809994221,85.61072809994221,85.61072809994221,85.61072809994221,vorke,return,4.295491499826312,,,,,,,,,,,,,,,,,,,,,494899,001,2023-10-10_15h26.10.352,generalizability,2022.2.5,59.96142084916445,
pipa,pipa,stems_all/5.PNG,"[0.35, 0.35]",,,,,,,,,0,0,0,0,,,,,0,9,9,4,,,,,,,,,,,,,,,,,,,,,,,,,,,,,,,,,,,,,,,,,,,,,,,,,,,,,,,,,,,,,,,,,,,,,,,,,,,,,,,,,,90.16075980011374,90.16075980011374,90.16075980011374,90.16075980011374,pipa,return,3.6523297000676394,,,,,,,,,,,,,,,,,,,,,494899,001,2023-10-10_15h26.10.352,generalizability,2022.2.5,59.96142084916445,
,,,,,,,,,,,,0,0,0,0,,,,,,,,,,,,,,,,,,,,,,,,,,,,,,,,,,,,,,,,,,,,,,,,,,,,,,,,,,,,,,,,,,,,,,,,,,,,,,,,,,,,,,,,,,,,,,,,,93.84432360017672,93.84432360017672,return,1.804175399709493,,,,,,,,,,,,,,,,,494899,001,2023-10-10_15h26.10.352,generalizability,2022.2.5,59.96142084916445,
berko,berkoshoon,stems_all/2_dim_sg.PNG,"[0.2, 0.2]",Condition2.csv,shoon,2,2_dim_sg.PNG,,,,,,,,,,,,,,,,,0,0,0,0,0,0,0,19,,,,,,,,,,,,,,,,,,,,,,,,,,,,,,,,,,,,,,,,,,,,,,,,,,,,,,,,,,,,,,,,,,,,,,,,,,,,,,,,,,,,,95.69559960020706,95.69559960020706,95.69559960020706,95.91085570026189,97.1608474003151,berkoshoon,return,3.7467614002525806,99.46092170011252,99.46092170011252,99.46092170011252,99.46092170011252,99.9775827000849,99.9775827000849,99.9775827000849,99.9775827000849,494899,001,2023-10-10_15h26.10.352,generalizability,2022.2.5,59.96142084916445,
,,,,,,,,,,,,,,,,,,,,,,,,,,,,,,,,,,,,,,,,,,,,,,,,,,,,,,,,,,,,,,,,,,,,,,,,,,,,,,,,,,,,,,,,,,,,,,,,,,,,,,,,,,,,,,,,,,,,99.9775827000849,99.9775827000849,99.9775827000849,99.9775827000849,99.9775827000849,berkodan,return,2.8105461997911334,102.81093499995768,102.81093499995768,102.81093499995768,102.81093499995768,,,,,,,,,,,
