﻿select_condition,stem,suffix,label,stem_filename,file,filepath,demo_info.thisRepN,demo_info.thisTrialN,demo_info.thisN,demo_info.thisIndex,which_condition.thisRepN,which_condition.thisTrialN,which_condition.thisN,which_condition.thisIndex,training_block.thisRepN,training_block.thisTrialN,training_block.thisN,training_block.thisIndex,begin_text.started,key_resp_11.started,key_resp_11.keys,key_resp_11.rt,instructions_text.started,key_resp_4.started,key_resp_4.keys,key_resp_4.rt,experiment_start.started,experiment_start_resp.started,experiment_start_resp.keys,experiment_start_resp.rt,image.started,text_11.started,image.stopped,text_11.stopped,participant,session,date,expName,psychopyVersion,frameRate,
,,,,,,,,,,,,,,,,,,,9.283102399902418,9.283102399902418,space,11.097931300057098,,,,,,,,,,,,,497259,001,2023-09-06_10h39.41.236,Recognizability_SONA,2022.2.5,59.93906597000074,
,,,,,,,,,,,,,,,,,,,,,,,20.41493059997447,20.41493059997447,space,16.065883899806067,,,,,,,,,497259,001,2023-09-06_10h39.41.236,Recognizability_SONA,2022.2.5,59.93906597000074,
,,,,,,,,,,,,,,,,,,,,,,,,,,,36.49858639994636,36.49858639994636,space,0.8514970000833273,,,,,497259,001,2023-09-06_10h39.41.236,Recognizability_SONA,2022.2.5,59.93906597000074,
Condition1.csv,bal,dan,baldan,1,1_2.PNG,stems_all/1_2.PNG,,,,,0,0,0,0,0,0,0,0,,,,,,,,,,,,,37.63186640013009,37.63186640013009,39.39851330011152,39.39851330011152,497259,001,2023-09-06_10h39.41.236,Recognizability_SONA,2022.2.5,59.93906597000074,
Condition1.csv,berko,dan,berkodan,2,2_2.PNG,stems_all/2_2.PNG,,,,,0,0,0,0,0,1,1,1,,,,,,,,,,,,,39.63182220002636,39.63182220002636,41.38179440004751,41.38179440004751,497259,001,2023-09-06_10h39.41.236,Recognizability_SONA,2022.2.5,59.93906597000074,
Condition1.csv,kora,dan,koradan,3,3_2.PNG,stems_all/3_2.PNG,,,,,0,0,0,0,0,2,2,2,,,,,,,,,,,,,41.63227159995586,41.63227159995586,43.38190339994617,43.38190339994617,497259,001,2023-09-06_10h39.41.236,Recognizability_SONA,2022.2.5,59.93906597000074,
Condition1.csv,nako,dan,nakodan,4,4_2.PNG,stems_all/4_2.PNG,,,,,0,0,0,0,0,3,3,3,,,,,,,,,,,,,43.615346000064164,43.615346000064164,45.36523160012439,45.36523160012439,497259,001,2023-09-06_10h39.41.236,Recognizability_SONA,2022.2.5,59.93906597000074,
Condition1.csv,pipa,dan,pipadan,5,5_2.PNG,stems_all/5_2.PNG,,,,,0,0,0,0,0,4,4,4,,,,,,,,,,,,,45.615351299988106,45.615351299988106,47.36525860009715,47.36525860009715,497259,001,2023-09-06_10h39.41.236,Recognizability_SONA,2022.2.5,59.93906597000074,
Condition1.csv,bani,dan,banidan,6,6_2.PNG,stems_all/6_2.PNG,,,,,0,0,0,0,0,5,5,5,,,,,,,,,,,,,47.61529459990561,47.61529459990561,49.36523879994638,49.36523879994638,497259,001,2023-09-06_10h39.41.236,Recognizability_SONA,2022.2.5,59.93906597000074,
Condition1.csv,chool,dan,chooldan,7,7_2.PNG,stems_all/7_2.PNG,,,,,0,0,0,0,0,6,6,6,,,,,,,,,,,,,49.63189859990962,49.63189859990962,51.38255119998939,51.38255119998939,497259,001,2023-09-06_10h39.41.236,Recognizability_SONA,2022.2.5,59.93906597000074,
,,,,,,,,,,,,,,,,,,,,,,,,,,,,,,,51.63201529998332,51.63201529998332,,,,,,,,,
