﻿demo_info.thisRepN,demo_info.thisTrialN,demo_info.thisN,demo_info.thisIndex,which_condition.thisRepN,which_condition.thisTrialN,which_condition.thisN,which_condition.thisIndex,production_block.thisRepN,production_block.thisTrialN,production_block.thisN,production_block.thisIndex,comprehension_block.thisRepN,comprehension_block.thisTrialN,comprehension_block.thisN,comprehension_block.thisIndex,stem,left_label,left_suffix,right_label,right_suffix,comp_image,comp_condition_stem,comp_condition_suffix,image1,begin_text.started,key_resp_11.started,key_resp_11.keys,key_resp_11.rt,instructions_text.started,key_resp_4.started,key_resp_4.keys,key_resp_4.rt,experiment_start.started,experiment_start_resp.started,experiment_start_resp.keys,experiment_start_resp.rt,instr.started,key_resp_14.started,key_resp_14.keys,key_resp_14.rt,text_13.started,text_13.stopped,first_image.started,image_comp.started,text_14.started,label_right.started,key_resp_16.started,text_15.started,first_image.stopped,participant,session,date,expName,psychopyVersion,frameRate,
,,,,,,,,,,,,,,,,,,,,,,,,,8.438458799966611,8.438458799966611,space,1.055586900038179,,,,,,,,,,,,,,,,,,,,,,501273,001,2023-08-26_16h55.45.822,Recognizability_SONA,2022.2.5,60.01089796424627,
,,,,,,,,,,,,,,,,,,,,,,,,,,,,,9.53718059998937,9.53718059998937,space,0.9550779000273906,,,,,,,,,,,,,,,,,,501273,001,2023-08-26_16h55.45.822,Recognizability_SONA,2022.2.5,60.01089796424627,
,,,,,,,,,,,,,,,,,,,,,,,,,,,,,,,,,10.520503500010818,10.520503500010818,space,0.650925499969162,,,,,,,,,,,,,,501273,001,2023-08-26_16h55.45.822,Recognizability_SONA,2022.2.5,60.01089796424627,
,,,,,,,,,,,,,,,,,,,,,,,,,,,,,,,,,,,,,11.203844900010154,11.203844900010154,space,0.6487391999689862,,,,,,,,,,501273,001,2023-08-26_16h55.45.822,Recognizability_SONA,2022.2.5,60.01089796424627,
,,,,,,,,,,,,,,,,,,,,,,,,,,,,,,,,,,,,,,,,,11.870493299968075,12.887162300001364,12.887162300001364,12.953863299975637,12.953863299975637,12.953863299975637,12.953863299975637,12.953863299975637,12.987241199996788,,,,,,,
