﻿select_condition,stem,suffix,label,stem_filename,file,filepath,demo_info.thisRepN,demo_info.thisTrialN,demo_info.thisN,demo_info.thisIndex,which_condition.thisRepN,which_condition.thisTrialN,which_condition.thisN,which_condition.thisIndex,training_block.thisRepN,training_block.thisTrialN,training_block.thisN,training_block.thisIndex,begin_text.started,key_resp_11.started,key_resp_11.keys,key_resp_11.rt,instructions_text.started,key_resp_4.started,key_resp_4.keys,key_resp_4.rt,experiment_start.started,experiment_start_resp.started,experiment_start_resp.keys,experiment_start_resp.rt,image.started,text_11.started,image.stopped,text_11.stopped,instr.started,key_resp_14.started,participant,session,date,expName,psychopyVersion,frameRate,
,,,,,,,,,,,,,,,,,,,8.178242000052705,8.178242000052705,space,1.3123902000952512,,,,,,,,,,,,,,,505390,001,2023-09-06_10h51.38.553,Recognizability_SONA,2022.2.5,59.985915311569514,
,,,,,,,,,,,,,,,,,,,,,,,9.527047700015828,9.527047700015828,space,1.1899711000733078,,,,,,,,,,,505390,001,2023-09-06_10h51.38.553,Recognizability_SONA,2022.2.5,59.985915311569514,
,,,,,,,,,,,,,,,,,,,,,,,,,,,10.743700300110504,10.743700300110504,space,0.6943228000309318,,,,,,,505390,001,2023-09-06_10h51.38.553,Recognizability_SONA,2022.2.5,59.985915311569514,
Condition4.csv,bal,nem,balnem,1,1_dim_sg.PNG,stems_all/1_dim_sg.PNG,,,,,0,0,0,0,0,0,0,0,,,,,,,,,,,,,11.693642800208181,11.693642800208181,13.443683000048622,13.443683000048622,,,505390,001,2023-09-06_10h51.38.553,Recognizability_SONA,2022.2.5,59.985915311569514,
Condition4.csv,berko,nem,berkonem,2,1_dim_sg.PNG,stems_all/1_dim_sg.PNG,,,,,0,0,0,0,0,1,1,1,,,,,,,,,,,,,13.693658100208268,13.693658100208268,15.443697400158271,15.443697400158271,,,505390,001,2023-09-06_10h51.38.553,Recognizability_SONA,2022.2.5,59.985915311569514,
Condition4.csv,kora,nem,koranem,3,1_dim_sg.PNG,stems_all/1_dim_sg.PNG,,,,,0,0,0,0,0,2,2,2,,,,,,,,,,,,,15.69368140003644,15.69368140003644,17.443750700214878,17.443750700214878,,,505390,001,2023-09-06_10h51.38.553,Recognizability_SONA,2022.2.5,59.985915311569514,
Condition4.csv,nako,nem,nakonem,4,1_dim_sg.PNG,stems_all/1_dim_sg.PNG,,,,,0,0,0,0,0,3,3,3,,,,,,,,,,,,,17.693718900205567,17.693718900205567,19.4437247000169,19.4437247000169,,,505390,001,2023-09-06_10h51.38.553,Recognizability_SONA,2022.2.5,59.985915311569514,
Condition4.csv,pipa,nem,pipanem,5,2_dim_sg.PNG,stems_all/2_dim_sg.PNG,,,,,0,0,0,0,0,4,4,4,,,,,,,,,,,,,19.693797500105575,19.693797500105575,21.4439964001067,21.4439964001067,,,505390,001,2023-09-06_10h51.38.553,Recognizability_SONA,2022.2.5,59.985915311569514,
Condition4.csv,bani,nem,baninem,6,2_dim_sg.PNG,stems_all/2_dim_sg.PNG,,,,,0,0,0,0,0,5,5,5,,,,,,,,,,,,,21.693811500212178,21.693811500212178,23.443834300152957,23.443834300152957,,,505390,001,2023-09-06_10h51.38.553,Recognizability_SONA,2022.2.5,59.985915311569514,
Condition4.csv,chool,nem,choolnem,7,2_dim_sg.PNG,stems_all/2_dim_sg.PNG,,,,,0,0,0,0,0,6,6,6,,,,,,,,,,,,,23.693839400075376,23.693839400075376,25.443873700220138,25.443873700220138,,,505390,001,2023-09-06_10h51.38.553,Recognizability_SONA,2022.2.5,59.985915311569514,
Condition4.csv,kudom,nem,kudomnem,8,2_dim_sg.PNG,stems_all/2_dim_sg.PNG,,,,,0,0,0,0,0,7,7,7,,,,,,,,,,,,,25.693809300195426,25.693809300195426,27.443916500080377,27.443916500080377,,,505390,001,2023-09-06_10h51.38.553,Recognizability_SONA,2022.2.5,59.985915311569514,
Condition4.csv,osto,nem,ostonem,9,3_dim_sg.PNG,stems_all/3_dim_sg.PNG,,,,,0,0,0,0,0,8,8,8,,,,,,,,,,,,,27.693863700143993,27.693863700143993,29.44406360015273,29.44406360015273,,,505390,001,2023-09-06_10h51.38.553,Recognizability_SONA,2022.2.5,59.985915311569514,
Condition4.csv,vorke,nem,vorkenem,10,3_dim_sg.PNG,stems_all/3_dim_sg.PNG,,,,,0,0,0,0,0,9,9,9,,,,,,,,,,,,,29.693893500138074,29.693893500138074,31.444104199996218,31.444104199996218,,,505390,001,2023-09-06_10h51.38.553,Recognizability_SONA,2022.2.5,59.985915311569514,
Condition4.csv,bin,nem,binnem,11,3_dim_sg.PNG,stems_all/3_dim_sg.PNG,,,,,0,0,0,0,0,10,10,10,,,,,,,,,,,,,31.693922200007364,31.693922200007364,33.444091600133106,33.444091600133106,,,505390,001,2023-09-06_10h51.38.553,Recognizability_SONA,2022.2.5,59.985915311569514,
Condition4.csv,mero,nem,meronem,12,3_dim_sg.PNG,stems_all/3_dim_sg.PNG,,,,,0,0,0,0,0,11,11,11,,,,,,,,,,,,,33.69401090010069,33.69401090010069,35.443990900181234,35.443990900181234,,,505390,001,2023-09-06_10h51.38.553,Recognizability_SONA,2022.2.5,59.985915311569514,
Condition4.csv,bal,dan,baldan,1,1_2.PNG,stems_all/1_2.PNG,,,,,0,0,0,0,0,12,12,12,,,,,,,,,,,,,35.693912900052965,35.693912900052965,37.44396540010348,37.44396540010348,,,505390,001,2023-09-06_10h51.38.553,Recognizability_SONA,2022.2.5,59.985915311569514,
Condition4.csv,bal,dan,baldan,1,2_2.PNG,stems_all/2_2.PNG,,,,,0,0,0,0,0,13,13,13,,,,,,,,,,,,,37.69399850000627,37.69399850000627,39.44399250019342,39.44399250019342,,,505390,001,2023-09-06_10h51.38.553,Recognizability_SONA,2022.2.5,59.985915311569514,
Condition4.csv,bal,dan,baldan,1,3_2.PNG,stems_all/3_2.PNG,,,,,0,0,0,0,0,14,14,14,,,,,,,,,,,,,39.69405150017701,39.69405150017701,41.44402500009164,41.44402500009164,,,505390,001,2023-09-06_10h51.38.553,Recognizability_SONA,2022.2.5,59.985915311569514,
Condition4.csv,bal,dan,baldan,1,4_2.PNG,stems_all/4_2.PNG,,,,,0,0,0,0,0,15,15,15,,,,,,,,,,,,,41.69399810000323,41.69399810000323,43.44420020002872,43.44420020002872,,,505390,001,2023-09-06_10h51.38.553,Recognizability_SONA,2022.2.5,59.985915311569514,
Condition4.csv,berko,dan,berkodan,2,5_2.PNG,stems_all/5_2.PNG,,,,,0,0,0,0,0,16,16,16,,,,,,,,,,,,,43.694017000030726,43.694017000030726,45.4442981001921,45.4442981001921,,,505390,001,2023-09-06_10h51.38.553,Recognizability_SONA,2022.2.5,59.985915311569514,
Condition4.csv,berko,dan,berkodan,2,6_2.PNG,stems_all/6_2.PNG,,,,,0,0,0,0,0,17,17,17,,,,,,,,,,,,,45.69412020011805,45.69412020011805,47.44431550009176,47.44431550009176,,,505390,001,2023-09-06_10h51.38.553,Recognizability_SONA,2022.2.5,59.985915311569514,
Condition4.csv,berko,dan,berkodan,2,7_2.PNG,stems_all/7_2.PNG,,,,,0,0,0,0,0,18,18,18,,,,,,,,,,,,,47.69435390015133,47.69435390015133,49.444176600081846,49.444176600081846,,,505390,001,2023-09-06_10h51.38.553,Recognizability_SONA,2022.2.5,59.985915311569514,
Condition4.csv,berko,dan,berkodan,2,8_2.PNG,stems_all/8_2.PNG,,,,,0,0,0,0,0,19,19,19,,,,,,,,,,,,,49.69411450019106,49.69411450019106,51.44414770021103,51.44414770021103,,,505390,001,2023-09-06_10h51.38.553,Recognizability_SONA,2022.2.5,59.985915311569514,
Condition4.csv,kora,dan,koradan,3,9_2.PNG,stems_all/9_2.PNG,,,,,0,0,0,0,0,20,20,20,,,,,,,,,,,,,51.694153800141066,51.694153800141066,53.444229000015184,53.444229000015184,,,505390,001,2023-09-06_10h51.38.553,Recognizability_SONA,2022.2.5,59.985915311569514,
Condition4.csv,kora,dan,koradan,3,10_2.PNG,stems_all/10_2.PNG,,,,,0,0,0,0,0,21,21,21,,,,,,,,,,,,,53.69423060002737,53.69423060002737,55.44434810010716,55.44434810010716,,,505390,001,2023-09-06_10h51.38.553,Recognizability_SONA,2022.2.5,59.985915311569514,
Condition4.csv,kora,dan,koradan,3,11_2.PNG,stems_all/11_2.PNG,,,,,0,0,0,0,0,22,22,22,,,,,,,,,,,,,55.694155500037596,55.694155500037596,57.44441410014406,57.44441410014406,,,505390,001,2023-09-06_10h51.38.553,Recognizability_SONA,2022.2.5,59.985915311569514,
Condition4.csv,kora,dan,koradan,3,12_2.PNG,stems_all/12_2.PNG,,,,,0,0,0,0,0,23,23,23,,,,,,,,,,,,,57.69423110014759,57.69423110014759,59.44426890020259,59.44426890020259,,,505390,001,2023-09-06_10h51.38.553,Recognizability_SONA,2022.2.5,59.985915311569514,
Condition4.csv,bal,sil,balsil,1,1_2.PNG,stems_all/1_2.PNG,,,,,0,0,0,0,0,24,24,24,,,,,,,,,,,,,59.69426650018431,59.69426650018431,61.44431160017848,61.44431160017848,,,505390,001,2023-09-06_10h51.38.553,Recognizability_SONA,2022.2.5,59.985915311569514,
Condition4.csv,berko,sil,berkosil,2,2_2.PNG,stems_all/2_2.PNG,,,,,0,0,0,0,0,25,25,25,,,,,,,,,,,,,61.6943048001267,61.6943048001267,63.44458380015567,63.44458380015567,,,505390,001,2023-09-06_10h51.38.553,Recognizability_SONA,2022.2.5,59.985915311569514,
Condition4.csv,kora,sil,korasil,3,3_2.PNG,stems_all/3_2.PNG,,,,,0,0,0,0,0,26,26,26,,,,,,,,,,,,,63.694258800009266,63.694258800009266,65.4446225001011,65.4446225001011,,,505390,001,2023-09-06_10h51.38.553,Recognizability_SONA,2022.2.5,59.985915311569514,
Condition4.csv,bal,shoon,balshoon,1,1_dim_sg.PNG,stems_all/1_dim_sg.PNG,,,,,0,0,0,0,0,27,27,27,,,,,,,,,,,,,65.69457540009171,65.69457540009171,67.44445790001191,67.44445790001191,,,505390,001,2023-09-06_10h51.38.553,Recognizability_SONA,2022.2.5,59.985915311569514,
Condition4.csv,berko,shoon,berkoshoon,2,2_dim_sg.PNG,stems_all/2_dim_sg.PNG,,,,,0,0,0,0,0,28,28,28,,,,,,,,,,,,,67.69440950010903,67.69440950010903,69.44439389999025,69.44439389999025,,,505390,001,2023-09-06_10h51.38.553,Recognizability_SONA,2022.2.5,59.985915311569514,
Condition4.csv,kora,shoon,korashoon,3,3_dim_sg.PNG,stems_all/3_dim_sg.PNG,,,,,0,0,0,0,0,29,29,29,,,,,,,,,,,,,69.6944269000087,69.6944269000087,71.44729590020142,71.44729590020142,,,505390,001,2023-09-06_10h51.38.553,Recognizability_SONA,2022.2.5,59.985915311569514,
,,,,,,,,,,,,,,,,,,,,,,,,,,,,,,,,,,,71.44729590020142,71.44729590020142,,,,,,,
