﻿select_condition,stem,suffix,label,stem_filename,file,filepath,which_condition.thisRepN,which_condition.thisTrialN,which_condition.thisN,which_condition.thisIndex,training_block.thisRepN,training_block.thisTrialN,training_block.thisN,training_block.thisIndex,begin_text.started,key_resp_11.started,key_resp_11.keys,key_resp_11.rt,consent_image.started,text_10.started,consent_resp.started,consent_resp.keys,consent_resp.rt,demographic_instr.started,text_9.started,key_resp_3.started,key_resp_3.keys,key_resp_3.rt,age_text.started,textbox.started,key_resp_5.started,text_3.started,textbox.text,key_resp_5.keys,key_resp_5.rt,age_text_2.started,textbox_2.started,key_resp_6.started,text_4.started,textbox_2.text,key_resp_6.keys,key_resp_6.rt,age_text_3.started,textbox_3.started,key_resp_7.started,text_5.started,textbox_3.text,key_resp_7.keys,key_resp_7.rt,age_text_5.started,textbox_5.started,key_resp_9.started,text_7.started,textbox_5.text,key_resp_9.keys,key_resp_9.rt,age_text_6.started,textbox_6.started,key_resp_10.started,text_8.started,textbox_6.text,key_resp_10.keys,key_resp_10.rt,age_text_4.started,textbox_4.started,key_resp_8.started,text_6.started,textbox_4.text,key_resp_8.keys,key_resp_8.rt,instructions_text.started,key_resp_4.started,key_resp_4.keys,key_resp_4.rt,experiment_start.started,experiment_start_resp.started,experiment_start_resp.keys,experiment_start_resp.rt,image.started,text_11.started,participant,session,date,expName,psychopyVersion,frameRate,
,,,,,,,,,,,,,,,8.74862240004586,8.74862240004586,space,1.2175386000308208,,,,,,,,,,,,,,,,,,,,,,,,,,,,,,,,,,,,,,,,,,,,,,,,,,,,,,,,,,,,,,,514330,001,2023-08-25_15h12.48.205,Recognizability_SONA,2022.2.5,60.012122464194434,
,,,,,,,,,,,,,,,,,,,9.997720500046853,9.997720500046853,9.997720500046853,space,0.4704918999923393,,,,,,,,,,,,,,,,,,,,,,,,,,,,,,,,,,,,,,,,,,,,,,,,,,,,,,,,,,514330,001,2023-08-25_15h12.48.205,Recognizability_SONA,2022.2.5,60.012122464194434,
,,,,,,,,,,,,,,,,,,,,,,,,10.51435340003809,10.51435340003809,10.51435340003809,space,0.5049909999943338,,,,,,,,,,,,,,,,,,,,,,,,,,,,,,,,,,,,,,,,,,,,,,,,,,,,,514330,001,2023-08-25_15h12.48.205,Recognizability_SONA,2022.2.5,60.012122464194434,
,,,,,,,,,,,,,,,,,,,,,,,,,,,,,11.047601700003725,11.047601700003725,11.047601700003725,11.047601700003725, ,tab,0.5669366999645717,,,,,,,,,,,,,,,,,,,,,,,,,,,,,,,,,,,,,,,,,,,,,,514330,001,2023-08-25_15h12.48.205,Recognizability_SONA,2022.2.5,60.012122464194434,
,,,,,,,,,,,,,,,,,,,,,,,,,,,,,,,,,,,,11.647674200008623,11.647674200008623,11.647674200008623,11.647674200008623,,tab,0.18384660000447184,,,,,,,,,,,,,,,,,,,,,,,,,,,,,,,,,,,,,,,514330,001,2023-08-25_15h12.48.205,Recognizability_SONA,2022.2.5,60.012122464194434,
,,,,,,,,,,,,,,,,,,,,,,,,,,,,,,,,,,,,,,,,,,,11.864296900050249,11.864296900050249,11.864296900050249,11.864296900050249,,tab,0.14726559998234734,,,,,,,,,,,,,,,,,,,,,,,,,,,,,,,,514330,001,2023-08-25_15h12.48.205,Recognizability_SONA,2022.2.5,60.012122464194434,
,,,,,,,,,,,,,,,,,,,,,,,,,,,,,,,,,,,,,,,,,,,,,,,,,,12.031001900031697,12.031001900031697,12.031001900031697,12.031001900031697,,tab,0.1385959999752231,,,,,,,,,,,,,,,,,,,,,,,,,514330,001,2023-08-25_15h12.48.205,Recognizability_SONA,2022.2.5,60.012122464194434,
,,,,,,,,,,,,,,,,,,,,,,,,,,,,,,,,,,,,,,,,,,,,,,,,,,,,,,,,,12.197632500028703,12.197632500028703,12.197632500028703,12.197632500028703,,tab,0.23702910001156852,,,,,,,,,,,,,,,,,,514330,001,2023-08-25_15h12.48.205,Recognizability_SONA,2022.2.5,60.012122464194434,
,,,,,,,,,,,,,,,,,,,,,,,,,,,,,,,,,,,,,,,,,,,,,,,,,,,,,,,,,,,,,,,,12.464280600019265,12.464280600019265,12.464280600019265,12.464280600019265,,tab,0.2504498999915086,,,,,,,,,,,514330,001,2023-08-25_15h12.48.205,Recognizability_SONA,2022.2.5,60.012122464194434,
,,,,,,,,,,,,,,,,,,,,,,,,,,,,,,,,,,,,,,,,,,,,,,,,,,,,,,,,,,,,,,,,,,,,,,,12.747638200002257,12.747638200002257,space,0.6982281999662519,,,,,,,514330,001,2023-08-25_15h12.48.205,Recognizability_SONA,2022.2.5,60.012122464194434,
,,,,,,,,,,,,,,,,,,,,,,,,,,,,,,,,,,,,,,,,,,,,,,,,,,,,,,,,,,,,,,,,,,,,,,,,,,,13.464326100016478,13.464326100016478,space,0.49769330001436174,,,514330,001,2023-08-25_15h12.48.205,Recognizability_SONA,2022.2.5,60.012122464194434,
Condition2.csv,kora,sil,korasil,3,3_2.PNG,stems_all/3_2.PNG,0,0,0,0,0,0,0,17,,,,,,,,,,,,,,,,,,,,,,,,,,,,,,,,,,,,,,,,,,,,,,,,,,,,,,,,,,,,,,,,,13.997624100011308,13.997624100011308,514330,001,2023-08-25_15h12.48.205,Recognizability_SONA,2022.2.5,60.012122464194434,
Condition2.csv,berko,nem,berkonem,2,2_dim_sg.PNG,stems_all/2_dim_sg.PNG,0,0,0,0,0,1,1,13,,,,,,,,,,,,,,,,,,,,,,,,,,,,,,,,,,,,,,,,,,,,,,,,,,,,,,,,,,,,,,,,,15.997641800029669,15.997641800029669,514330,001,2023-08-25_15h12.48.205,Recognizability_SONA,2022.2.5,60.012122464194434,
Condition2.csv,bal,shoon,balshoon,1,1_dim_sg.PNG,stems_all/1_dim_sg.PNG,0,0,0,0,0,2,2,18,,,,,,,,,,,,,,,,,,,,,,,,,,,,,,,,,,,,,,,,,,,,,,,,,,,,,,,,,,,,,,,,,17.997751100047026,17.997751100047026,514330,001,2023-08-25_15h12.48.205,Recognizability_SONA,2022.2.5,60.012122464194434,
Condition2.csv,bal,dan,baldan,1,1_2.PNG,stems_all/1_2.PNG,0,0,0,0,0,3,3,2,,,,,,,,,,,,,,,,,,,,,,,,,,,,,,,,,,,,,,,,,,,,,,,,,,,,,,,,,,,,,,,,,19.99768990004668,19.99768990004668,514330,001,2023-08-25_15h12.48.205,Recognizability_SONA,2022.2.5,60.012122464194434,
Condition2.csv,bal,dan,baldan,1,1_2.PNG,stems_all/1_2.PNG,0,0,0,0,0,4,4,0,,,,,,,,,,,,,,,,,,,,,,,,,,,,,,,,,,,,,,,,,,,,,,,,,,,,,,,,,,,,,,,,,21.9977729000384,21.9977729000384,514330,001,2023-08-25_15h12.48.205,Recognizability_SONA,2022.2.5,60.012122464194434,
Condition2.csv,bal,dan,baldan,1,1_2.PNG,stems_all/1_2.PNG,0,0,0,0,0,5,5,1,,,,,,,,,,,,,,,,,,,,,,,,,,,,,,,,,,,,,,,,,,,,,,,,,,,,,,,,,,,,,,,,,23.997728900052607,23.997728900052607,514330,001,2023-08-25_15h12.48.205,Recognizability_SONA,2022.2.5,60.012122464194434,
Condition2.csv,kora,shoon,korashoon,3,3_dim_sg.PNG,stems_all/3_dim_sg.PNG,0,0,0,0,0,6,6,20,,,,,,,,,,,,,,,,,,,,,,,,,,,,,,,,,,,,,,,,,,,,,,,,,,,,,,,,,,,,,,,,,25.997756300028414,25.997756300028414,514330,001,2023-08-25_15h12.48.205,Recognizability_SONA,2022.2.5,60.012122464194434,
Condition2.csv,berko,sil,berkosil,2,2_2.PNG,stems_all/2_2.PNG,0,0,0,0,0,7,7,16,,,,,,,,,,,,,,,,,,,,,,,,,,,,,,,,,,,,,,,,,,,,,,,,,,,,,,,,,,,,,,,,,27.997789400047623,27.997789400047623,514330,001,2023-08-25_15h12.48.205,Recognizability_SONA,2022.2.5,60.012122464194434,
Condition2.csv,bal,nem,balnem,1,1_dim_sg.PNG,stems_all/1_dim_sg.PNG,0,0,0,0,0,8,8,12,,,,,,,,,,,,,,,,,,,,,,,,,,,,,,,,,,,,,,,,,,,,,,,,,,,,,,,,,,,,,,,,,29.997807500010822,29.997807500010822,514330,001,2023-08-25_15h12.48.205,Recognizability_SONA,2022.2.5,60.012122464194434,
Condition2.csv,berko,dan,berkodan,2,2_2.PNG,stems_all/2_2.PNG,0,0,0,0,0,9,9,7,,,,,,,,,,,,,,,,,,,,,,,,,,,,,,,,,,,,,,,,,,,,,,,,,,,,,,,,,,,,,,,,,31.99786880001193,31.99786880001193,514330,001,2023-08-25_15h12.48.205,Recognizability_SONA,2022.2.5,60.012122464194434,
Condition2.csv,berko,shoon,berkoshoon,2,2_dim_sg.PNG,stems_all/2_dim_sg.PNG,0,0,0,0,0,10,10,19,,,,,,,,,,,,,,,,,,,,,,,,,,,,,,,,,,,,,,,,,,,,,,,,,,,,,,,,,,,,,,,,,33.997846900019795,33.997846900019795,514330,001,2023-08-25_15h12.48.205,Recognizability_SONA,2022.2.5,60.012122464194434,
Condition2.csv,berko,dan,berkodan,2,2_2.PNG,stems_all/2_2.PNG,0,0,0,0,0,11,11,4,,,,,,,,,,,,,,,,,,,,,,,,,,,,,,,,,,,,,,,,,,,,,,,,,,,,,,,,,,,,,,,,,35.997917900036555,35.997917900036555,514330,001,2023-08-25_15h12.48.205,Recognizability_SONA,2022.2.5,60.012122464194434,
Condition2.csv,kora,dan,koradan,3,3_2.PNG,stems_all/3_2.PNG,0,0,0,0,0,12,12,11,,,,,,,,,,,,,,,,,,,,,,,,,,,,,,,,,,,,,,,,,,,,,,,,,,,,,,,,,,,,,,,,,37.99793180002598,37.99793180002598,514330,001,2023-08-25_15h12.48.205,Recognizability_SONA,2022.2.5,60.012122464194434,
Condition2.csv,bal,dan,baldan,1,1_2.PNG,stems_all/1_2.PNG,0,0,0,0,0,13,13,3,,,,,,,,,,,,,,,,,,,,,,,,,,,,,,,,,,,,,,,,,,,,,,,,,,,,,,,,,,,,,,,,,39.997948300035205,39.997948300035205,514330,001,2023-08-25_15h12.48.205,Recognizability_SONA,2022.2.5,60.012122464194434,
Condition2.csv,bal,sil,balsil,1,1_2.PNG,stems_all/1_2.PNG,0,0,0,0,0,14,14,15,,,,,,,,,,,,,,,,,,,,,,,,,,,,,,,,,,,,,,,,,,,,,,,,,,,,,,,,,,,,,,,,,41.99797010002658,41.99797010002658,514330,001,2023-08-25_15h12.48.205,Recognizability_SONA,2022.2.5,60.012122464194434,
Condition2.csv,kora,dan,koradan,3,3_2.PNG,stems_all/3_2.PNG,0,0,0,0,0,15,15,8,,,,,,,,,,,,,,,,,,,,,,,,,,,,,,,,,,,,,,,,,,,,,,,,,,,,,,,,,,,,,,,,,43.997993600030895,43.997993600030895,514330,001,2023-08-25_15h12.48.205,Recognizability_SONA,2022.2.5,60.012122464194434,
Condition2.csv,berko,dan,berkodan,2,2_2.PNG,stems_all/2_2.PNG,0,0,0,0,0,16,16,6,,,,,,,,,,,,,,,,,,,,,,,,,,,,,,,,,,,,,,,,,,,,,,,,,,,,,,,,,,,,,,,,,45.98135470005218,45.98135470005218,514330,001,2023-08-25_15h12.48.205,Recognizability_SONA,2022.2.5,60.012122464194434,
,,,,,,,,,,,,,,,,,,,,,,,,,,,,,,,,,,,,,,,,,,,,,,,,,,,,,,,,,,,,,,,,,,,,,,,,,,,,,,,47.98137230001157,47.98137230001157,,,,,,,
