﻿select_condition,stem,suffix,label,stem_filename,file,filepath,image_size,demo_info.thisRepN,demo_info.thisTrialN,demo_info.thisN,demo_info.thisIndex,pretraining_plus_test.thisRepN,pretraining_plus_test.thisTrialN,pretraining_plus_test.thisN,pretraining_plus_test.thisIndex,which_condition.thisRepN,which_condition.thisTrialN,which_condition.thisN,which_condition.thisIndex,training_block.thisRepN,training_block.thisTrialN,training_block.thisN,training_block.thisIndex,pretraining,condition,begin_text.started,key_resp_11.started,key_resp_11.keys,key_resp_11.rt,instructions_text.started,key_resp_4.started,key_resp_4.keys,key_resp_4.rt,experiment_start.started,experiment_start_resp.started,experiment_start_resp.keys,experiment_start_resp.rt,image.started,text_11.started,textbox_7.started,key_resp_18.started,textbox_7.text,key_resp_18.keys,key_resp_18.rt,image_8.started,text_17.started,textbox_8.started,text_25.started,image_8.stopped,text_17.stopped,textbox_8.stopped,text_25.stopped,participant,session,date,expName,psychopyVersion,frameRate,
,,,,,,,,,,,,,,,,,,,,,,,,0,4,8.852965400088578,8.852965400088578,space,0.5071769999340177,,,,,,,,,,,,,,,,,,,,,,,,539178,001,2023-10-04_18h54.34.358,generalizability,2022.2.5,60.016660695976555,
,,,,,,,,,,,,,,,,,,,,,,,,,,,,,,9.401640800060704,9.401640800060704,space,0.17055079992860556,,,,,,,,,,,,,,,,,,,,539178,001,2023-10-04_18h54.34.358,generalizability,2022.2.5,60.016660695976555,
,,,,,,,,,,,,,,,,,,,,,,,,,,,,,,,,,,9.601621499983594,9.601621499983594,space,0.19663369981572032,,,,,,,,,,,,,,,,539178,001,2023-10-04_18h54.34.358,generalizability,2022.2.5,60.016660695976555,
Condition4.csv,berko,dan,berkodan,2,2_2.PNG,stems_all/2_2.PNG,"[0.35, 0.35]",,,,,,,,,0,0,0,0,0,0,0,17,,,,,,,,,,,,,,,10.051748499972746,11.301677200011909,11.301677200011909,11.301677200011909,berkodan,return,1.4192349000368267,12.7683912999928,12.7683912999928,12.7683912999928,13.768327200086787,,,,,539178,001,2023-10-04_18h54.34.358,generalizability,2022.2.5,60.016660695976555,
Condition4.csv,kora,nem,koranem,3,3_dim_sg.PNG,stems_all/3_dim_sg.PNG,"[0.2, 0.2]",,,,,,,,,0,0,0,0,0,1,1,2,,,,,,,,,,,,,,,14.75170739996247,16.001332399901003,16.001332399901003,16.001332399901003,koranem,return,1.413610499817878,17.43456030008383,17.43456030008383,17.43456030008383,18.434570600045845,18.434570600045845,18.434570600045845,18.434570600045845,19.184674199903384,539178,001,2023-10-04_18h54.34.358,generalizability,2022.2.5,60.016660695976555,
Condition4.csv,berko,sil,berkosil,2,2_2.PNG,stems_all/2_2.PNG,"[0.35, 0.35]",,,,,,,,,0,0,0,0,0,2,2,25,,,,,,,,,,,,,,,19.41801630007103,20.668484600028023,20.668484600028023,20.668484600028023,berkosil,return,1.5255770001094788,22.218095999909565,22.218095999909565,22.218095999909565,23.21849579992704,23.21849579992704,23.21849579992704,23.21849579992704,23.968460300005972,539178,001,2023-10-04_18h54.34.358,generalizability,2022.2.5,60.016660695976555,
,,,,,,,,,,,,,,,,,,,,,,,,,,,,,,,,,,,,,,24.21849390002899,25.468490399885923,25.468490399885923,25.468490399885923,baldan,return,2.0327580999583006,27.518553500063717,27.518553500063717,27.518553500063717,28.518579799914733,28.518579799914733,28.518579799914733,28.518579799914733,,,,,,,,
