﻿prod_label,file,prod_image,prod_condition,which_condition.thisRepN,which_condition.thisTrialN,which_condition.thisN,which_condition.thisIndex,production_block.thisRepN,production_block.thisTrialN,production_block.thisN,production_block.thisIndex,begin_text.started,key_resp_11.started,key_resp_11.keys,key_resp_11.rt,consent_image.started,text_10.started,consent_resp.started,consent_resp.keys,consent_resp.rt,demographic_instr.started,text_9.started,key_resp_3.started,key_resp_3.keys,key_resp_3.rt,age_text.started,textbox.started,key_resp_5.started,text_3.started,textbox.text,key_resp_5.keys,key_resp_5.rt,age_text_2.started,textbox_2.started,key_resp_6.started,text_4.started,textbox_2.text,key_resp_6.keys,key_resp_6.rt,age_text_3.started,textbox_3.started,key_resp_7.started,text_5.started,textbox_3.text,key_resp_7.keys,key_resp_7.rt,age_text_5.started,textbox_5.started,key_resp_9.started,text_7.started,textbox_5.text,key_resp_9.keys,key_resp_9.rt,age_text_6.started,textbox_6.started,key_resp_10.started,text_8.started,textbox_6.text,key_resp_10.keys,key_resp_10.rt,age_text_4.started,textbox_4.started,key_resp_8.started,text_6.started,textbox_4.text,key_resp_8.keys,key_resp_8.rt,instructions_text.started,key_resp_4.started,key_resp_4.keys,key_resp_4.rt,experiment_start.started,experiment_start_resp.started,experiment_start_resp.keys,experiment_start_resp.rt,instr.started,key_resp_14.started,key_resp_14.keys,key_resp_14.rt,production_text.started,production_image.started,prod_resp.started,text_12.started,key_resp_15.started,prod_resp.text,key_resp_15.keys,key_resp_15.rt,participant,session,date,expName,psychopyVersion,frameRate,
,,,,,,,,,,,,9.314315699972212,9.314315699972212,space,0.2172547000227496,,,,,,,,,,,,,,,,,,,,,,,,,,,,,,,,,,,,,,,,,,,,,,,,,,,,,,,,,,,,,,,,,,,,,,,,,558906,001,2023-08-25_16h03.52.740,Recognizability_SONA,2022.2.5,59.99646020983193,
,,,,,,,,,,,,,,,,9.563206500024535,9.563206500024535,9.563206500024535,space,0.17836769996210933,,,,,,,,,,,,,,,,,,,,,,,,,,,,,,,,,,,,,,,,,,,,,,,,,,,,,,,,,,,,,,,,,,,,558906,001,2023-08-25_16h03.52.740,Recognizability_SONA,2022.2.5,59.99646020983193,
,,,,,,,,,,,,,,,,,,,,,9.779836500005331,9.779836500005331,9.779836500005331,space,0.15678270003991202,,,,,,,,,,,,,,,,,,,,,,,,,,,,,,,,,,,,,,,,,,,,,,,,,,,,,,,,,,,,,,,558906,001,2023-08-25_16h03.52.740,Recognizability_SONA,2022.2.5,59.99646020983193,
,,,,,,,,,,,,,,,,,,,,,,,,,,9.963137399987318,9.963137399987318,9.963137399987318,9.963137399987318,  ,tab,0.5126146000111476,,,,,,,,,,,,,,,,,,,,,,,,,,,,,,,,,,,,,,,,,,,,,,,,,,,,,,,,558906,001,2023-08-25_16h03.52.740,Recognizability_SONA,2022.2.5,59.99646020983193,
,,,,,,,,,,,,,,,,,,,,,,,,,,,,,,,,,10.49646059999941,10.49646059999941,10.49646059999941,10.49646059999941,,tab,0.14133110002148896,,,,,,,,,,,,,,,,,,,,,,,,,,,,,,,,,,,,,,,,,,,,,,,,,558906,001,2023-08-25_16h03.52.740,Recognizability_SONA,2022.2.5,59.99646020983193,
,,,,,,,,,,,,,,,,,,,,,,,,,,,,,,,,,,,,,,,,10.663159299991094,10.663159299991094,10.663159299991094,10.663159299991094,,tab,0.13268660003086552,,,,,,,,,,,,,,,,,,,,,,,,,,,,,,,,,,,,,,,,,,558906,001,2023-08-25_16h03.52.740,Recognizability_SONA,2022.2.5,59.99646020983193,
,,,,,,,,,,,,,,,,,,,,,,,,,,,,,,,,,,,,,,,,,,,,,,,10.813173800008371,10.813173800008371,10.813173800008371,10.813173800008371,,tab,0.13467499997932464,,,,,,,,,,,,,,,,,,,,,,,,,,,,,,,,,,,558906,001,2023-08-25_16h03.52.740,Recognizability_SONA,2022.2.5,59.99646020983193,
,,,,,,,,,,,,,,,,,,,,,,,,,,,,,,,,,,,,,,,,,,,,,,,,,,,,,,10.979808999982197,10.979808999982197,10.979808999982197,10.979808999982197,,tab,0.1131096999743022,,,,,,,,,,,,,,,,,,,,,,,,,,,,558906,001,2023-08-25_16h03.52.740,Recognizability_SONA,2022.2.5,59.99646020983193,
,,,,,,,,,,,,,,,,,,,,,,,,,,,,,,,,,,,,,,,,,,,,,,,,,,,,,,,,,,,,,11.113213400007226,11.113213400007226,11.113213400007226,11.113213400007226,,tab,0.1447104000253603,,,,,,,,,,,,,,,,,,,,,558906,001,2023-08-25_16h03.52.740,Recognizability_SONA,2022.2.5,59.99646020983193,
,,,,,,,,,,,,,,,,,,,,,,,,,,,,,,,,,,,,,,,,,,,,,,,,,,,,,,,,,,,,,,,,,,,,11.279829400009476,11.279829400009476,space,0.625244399998337,,,,,,,,,,,,,,,,,558906,001,2023-08-25_16h03.52.740,Recognizability_SONA,2022.2.5,59.99646020983193,
,,,,,,,,,,,,,,,,,,,,,,,,,,,,,,,,,,,,,,,,,,,,,,,,,,,,,,,,,,,,,,,,,,,,,,,,11.929854999994859,11.929854999994859,space,0.4153251000097953,,,,,,,,,,,,,558906,001,2023-08-25_16h03.52.740,Recognizability_SONA,2022.2.5,59.99646020983193,
,,,,,,,,,,,,,,,,,,,,,,,,,,,,,,,,,,,,,,,,,,,,,,,,,,,,,,,,,,,,,,,,,,,,,,,,,,,,12.363171299977694,12.363171299977694,space,0.8101967999828048,,,,,,,,,558906,001,2023-08-25_16h03.52.740,Recognizability_SONA,2022.2.5,59.99646020983193,
berko,2_dim_sg.PNG,stems_all/2_dim_sg.PNG,familiar,,,,,0,0,0,1,,,,,,,,,,,,,,,,,,,,,,,,,,,,,,,,,,,,,,,,,,,,,,,,,,,,,,,,,,,,,,,,,,,,,13.196511299989652,13.196511299989652,13.196511299989652,13.196511299989652,13.196511299989652, berkodan,space,5.6861619999981485,558906,001,2023-08-25_16h03.52.740,Recognizability_SONA,2022.2.5,59.99646020983193,
bal,1_2.PNG,stems_all/1_2.PNG,familiar,,,,,0,1,1,12,,,,,,,,,,,,,,,,,,,,,,,,,,,,,,,,,,,,,,,,,,,,,,,,,,,,,,,,,,,,,,,,,,,,,18.9132457000087,18.9132457000087,18.9132457000087,18.9132457000087,18.9132457000087, balnem,space,2.090904800046701,558906,001,2023-08-25_16h03.52.740,Recognizability_SONA,2022.2.5,59.99646020983193,
,,,,,,,,,,,,,,,,,,,,,,,,,,,,,,,,,,,,,,,,,,,,,,,,,,,,,,,,,,,,,,,,,,,,,,,,,,,,,,,,21.0299322999781,21.0299322999781,21.0299322999781,21.0299322999781,21.0299322999781,,,,,,,,,,
