﻿demo_info.thisRepN,demo_info.thisTrialN,demo_info.thisN,demo_info.thisIndex,which_condition.thisRepN,which_condition.thisTrialN,which_condition.thisN,which_condition.thisIndex,select_condition,training_block.thisRepN,training_block.thisTrialN,training_block.thisN,training_block.thisIndex,stem,suffix,label,stem_filename,file,filepath,image_size,begin_text.started,key_resp_11.started,key_resp_11.keys,key_resp_11.rt,instructions_text.started,key_resp_4.started,key_resp_4.keys,key_resp_4.rt,experiment_start.started,experiment_start_resp.started,experiment_start_resp.keys,experiment_start_resp.rt,image.started,text_11.started,textbox_7.started,key_resp_18.started,text_17.started,participant,session,date,expName,psychopyVersion,frameRate,
,,,,,,,,,,,,,,,,,,,,8.494469800032675,8.494469800032675,space,0.897425299976021,,,,,,,,,,,,,,560964,001,2023-09-21_14h22.15.712,Recognizability_SONA,2022.2.5,60.58586532114935,
,,,,,,,,,,,,,,,,,,,,,,,,9.427005900070071,9.427005900070071,space,0.20497680001426488,,,,,,,,,,560964,001,2023-09-21_14h22.15.712,Recognizability_SONA,2022.2.5,60.58586532114935,
,,,,,,,,,,,,,,,,,,,,,,,,,,,,9.660319900023751,9.660319900023751,space,0.2407013000920415,,,,,,560964,001,2023-09-21_14h22.15.712,Recognizability_SONA,2022.2.5,60.58586532114935,
,,,,,,,,,,,,,,,,,,,,,,,,,,,,,,,,10.160340300062671,10.160340300062671,10.160340300062671,10.160340300062671,10.160340300062671,,,,,,,
