﻿demo_info.thisRepN,demo_info.thisTrialN,demo_info.thisN,demo_info.thisIndex,which_condition.thisRepN,which_condition.thisTrialN,which_condition.thisN,which_condition.thisIndex,production_block.thisRepN,production_block.thisTrialN,production_block.thisN,production_block.thisIndex,comprehension_block.thisRepN,comprehension_block.thisTrialN,comprehension_block.thisN,comprehension_block.thisIndex,stem,left_label,left_suffix,right_label,right_suffix,comp_image,comp_condition_stem,comp_condition_suffix,begin_text.started,key_resp_11.started,key_resp_11.keys,key_resp_11.rt,instructions_text.started,key_resp_4.started,key_resp_4.keys,key_resp_4.rt,experiment_start.started,experiment_start_resp.started,experiment_start_resp.keys,experiment_start_resp.rt,instr.started,key_resp_14.started,key_resp_14.keys,key_resp_14.rt,text_13.started,text_13.stopped,image_comp.started,text_14.started,label_right.started,key_resp_16.started,text_15.started,participant,session,date,expName,psychopyVersion,frameRate,
,,,,,,,,,,,,,,,,,,,,,,,,18.546758400043473,18.546758400043473,space,0.32019890000810847,,,,,,,,,,,,,,,,,,,,591125,001,2023-08-26_16h24.04.811,Recognizability_SONA,2022.2.5,60.018029413580344,
,,,,,,,,,,,,,,,,,,,,,,,,,,,,18.912208000023384,18.912208000023384,space,0.14178100001299754,,,,,,,,,,,,,,,,591125,001,2023-08-26_16h24.04.811,Recognizability_SONA,2022.2.5,60.018029413580344,
,,,,,,,,,,,,,,,,,,,,,,,,,,,,,,,,19.078905900008976,19.078905900008976,space,0.15812220005318522,,,,,,,,,,,,591125,001,2023-08-26_16h24.04.811,Recognizability_SONA,2022.2.5,60.018029413580344,
,,,,,,,,,,,,,,,,,,,,,,,,,,,,,,,,,,,,19.26221820001956,19.26221820001956,space,0.2869018000201322,,,,,,,,591125,001,2023-08-26_16h24.04.811,Recognizability_SONA,2022.2.5,60.018029413580344,
,,,,,,,,,,,,,,,,,,,,,,,,,,,,,,,,,,,,,,,,19.57888530002674,20.595586800016463,20.595586800016463,20.595586800016463,20.595586800016463,20.595586800016463,20.595586800016463,,,,,,,
