﻿select_condition,stem,suffix,label,stem_filename,file,filepath,which_condition.thisRepN,which_condition.thisTrialN,which_condition.thisN,which_condition.thisIndex,dantype_loop.thisRepN,dantype_loop.thisTrialN,dantype_loop.thisN,dantype_loop.thisIndex,begin_text.started,key_resp_11.started,key_resp_11.keys,key_resp_11.rt,consent_image.started,text_10.started,consent_resp.started,consent_resp.keys,consent_resp.rt,demographic_instr.started,text_9.started,key_resp_3.started,key_resp_3.keys,key_resp_3.rt,age_text.started,textbox.started,key_resp_5.started,text_3.started,textbox.text,key_resp_5.keys,key_resp_5.rt,age_text_2.started,textbox_2.started,key_resp_6.started,text_4.started,textbox_2.text,key_resp_6.keys,key_resp_6.rt,age_text_3.started,textbox_3.started,key_resp_7.started,text_5.started,textbox_3.text,key_resp_7.keys,key_resp_7.rt,age_text_5.started,textbox_5.started,key_resp_9.started,text_7.started,textbox_5.text,key_resp_9.keys,key_resp_9.rt,age_text_6.started,textbox_6.started,key_resp_10.started,text_8.started,textbox_6.text,key_resp_10.keys,key_resp_10.rt,age_text_4.started,textbox_4.started,key_resp_8.started,text_6.started,textbox_4.text,key_resp_8.keys,key_resp_8.rt,instructions_text.started,key_resp_4.started,key_resp_4.keys,key_resp_4.rt,experiment_start.started,experiment_start_resp.started,experiment_start_resp.keys,experiment_start_resp.rt,image.started,text_11.started,participant,session,date,expName,psychopyVersion,frameRate,
,,,,,,,,,,,,,,,8.518785000022035,8.518785000022035,space,1.0606036999961361,,,,,,,,,,,,,,,,,,,,,,,,,,,,,,,,,,,,,,,,,,,,,,,,,,,,,,,,,,,,,,,592624,001,2023-08-25_15h06.09.923,Recognizability_SONA,2022.2.5,61.006819955683746,
,,,,,,,,,,,,,,,,,,,9.600953300017864,9.600953300017864,9.600953300017864,space,0.529529299994465,,,,,,,,,,,,,,,,,,,,,,,,,,,,,,,,,,,,,,,,,,,,,,,,,,,,,,,,,,592624,001,2023-08-25_15h06.09.923,Recognizability_SONA,2022.2.5,61.006819955683746,
,,,,,,,,,,,,,,,,,,,,,,,,10.167594900005497,10.167594900005497,10.167594900005497,space,0.4219992000143975,,,,,,,,,,,,,,,,,,,,,,,,,,,,,,,,,,,,,,,,,,,,,,,,,,,,,592624,001,2023-08-25_15h06.09.923,Recognizability_SONA,2022.2.5,61.006819955683746,
,,,,,,,,,,,,,,,,,,,,,,,,,,,,,10.617590999987442,10.617590999987442,10.617590999987442,10.617590999987442, ,tab,1.1433035000227392,,,,,,,,,,,,,,,,,,,,,,,,,,,,,,,,,,,,,,,,,,,,,,592624,001,2023-08-25_15h06.09.923,Recognizability_SONA,2022.2.5,61.006819955683746,
,,,,,,,,,,,,,,,,,,,,,,,,,,,,,,,,,,,,11.784286800015252,11.784286800015252,11.784286800015252,11.784286800015252,,tab,0.19263950001914054,,,,,,,,,,,,,,,,,,,,,,,,,,,,,,,,,,,,,,,592624,001,2023-08-25_15h06.09.923,Recognizability_SONA,2022.2.5,61.006819955683746,
,,,,,,,,,,,,,,,,,,,,,,,,,,,,,,,,,,,,,,,,,,,12.000932700000703,12.000932700000703,12.000932700000703,12.000932700000703,,tab,0.26204059994779527,,,,,,,,,,,,,,,,,,,,,,,,,,,,,,,,592624,001,2023-08-25_15h06.09.923,Recognizability_SONA,2022.2.5,61.006819955683746,
,,,,,,,,,,,,,,,,,,,,,,,,,,,,,,,,,,,,,,,,,,,,,,,,,,12.284382799989544,12.284382799989544,12.284382799989544,12.284382799989544,,tab,0.34868190000997856,,,,,,,,,,,,,,,,,,,,,,,,,592624,001,2023-08-25_15h06.09.923,Recognizability_SONA,2022.2.5,61.006819955683746,
,,,,,,,,,,,,,,,,,,,,,,,,,,,,,,,,,,,,,,,,,,,,,,,,,,,,,,,,,12.65107809996698,12.65107809996698,12.65107809996698,12.65107809996698,,tab,0.259045300015714,,,,,,,,,,,,,,,,,,592624,001,2023-08-25_15h06.09.923,Recognizability_SONA,2022.2.5,61.006819955683746,
,,,,,,,,,,,,,,,,,,,,,,,,,,,,,,,,,,,,,,,,,,,,,,,,,,,,,,,,,,,,,,,,12.934311199991498,12.934311199991498,12.934311199991498,12.934311199991498,,tab,0.4549821999971755,,,,,,,,,,,592624,001,2023-08-25_15h06.09.923,Recognizability_SONA,2022.2.5,61.006819955683746,
,,,,,,,,,,,,,,,,,,,,,,,,,,,,,,,,,,,,,,,,,,,,,,,,,,,,,,,,,,,,,,,,,,,,,,,13.41767220001202,13.41767220001202,space,0.7007068999810144,,,,,,,592624,001,2023-08-25_15h06.09.923,Recognizability_SONA,2022.2.5,61.006819955683746,
,,,,,,,,,,,,,,,,,,,,,,,,,,,,,,,,,,,,,,,,,,,,,,,,,,,,,,,,,,,,,,,,,,,,,,,,,,,14.151014900009613,14.151014900009613,space,0.42949140002019703,,,592624,001,2023-08-25_15h06.09.923,Recognizability_SONA,2022.2.5,61.006819955683746,
Condition3.csv,bal,dan,baldan,1,1_2.PNG,stems_all/1_2.PNG,0,0,0,0,0,0,0,0,,,,,,,,,,,,,,,,,,,,,,,,,,,,,,,,,,,,,,,,,,,,,,,,,,,,,,,,,,,,,,,,,14.61765979998745,14.61765979998745,592624,001,2023-08-25_15h06.09.923,Recognizability_SONA,2022.2.5,61.006819955683746,
Condition3.csv,berko,shoon,berkoshoon,2,2_dim_sg.PNG,stems_all/2_dim_sg.PNG,0,0,0,0,0,1,1,19,,,,,,,,,,,,,,,,,,,,,,,,,,,,,,,,,,,,,,,,,,,,,,,,,,,,,,,,,,,,,,,,,16.617665599973407,16.617665599973407,592624,001,2023-08-25_15h06.09.923,Recognizability_SONA,2022.2.5,61.006819955683746,
Condition3.csv,bani,dan,banidan,6,6_2.PNG,stems_all/6_2.PNG,0,0,0,0,0,2,2,5,,,,,,,,,,,,,,,,,,,,,,,,,,,,,,,,,,,,,,,,,,,,,,,,,,,,,,,,,,,,,,,,,18.617697899986524,18.617697899986524,592624,001,2023-08-25_15h06.09.923,Recognizability_SONA,2022.2.5,61.006819955683746,
Condition3.csv,nako,dan,nakodan,4,4_2.PNG,stems_all/4_2.PNG,0,0,0,0,0,3,3,3,,,,,,,,,,,,,,,,,,,,,,,,,,,,,,,,,,,,,,,,,,,,,,,,,,,,,,,,,,,,,,,,,20.617717999964952,20.617717999964952,592624,001,2023-08-25_15h06.09.923,Recognizability_SONA,2022.2.5,61.006819955683746,
Condition3.csv,bal,sil,balsil,1,1_2.PNG,stems_all/1_2.PNG,0,0,0,0,0,4,4,15,,,,,,,,,,,,,,,,,,,,,,,,,,,,,,,,,,,,,,,,,,,,,,,,,,,,,,,,,,,,,,,,,22.617741699970793,22.617741699970793,592624,001,2023-08-25_15h06.09.923,Recognizability_SONA,2022.2.5,61.006819955683746,
Condition3.csv,kora,shoon,korashoon,3,3_dim_sg.PNG,stems_all/3_dim_sg.PNG,0,0,0,0,0,5,5,20,,,,,,,,,,,,,,,,,,,,,,,,,,,,,,,,,,,,,,,,,,,,,,,,,,,,,,,,,,,,,,,,,24.61774690001039,24.61774690001039,592624,001,2023-08-25_15h06.09.923,Recognizability_SONA,2022.2.5,61.006819955683746,
Condition3.csv,mero,dan,merodan,12,12_2.PNG,stems_all/12_2.PNG,0,0,0,0,0,6,6,11,,,,,,,,,,,,,,,,,,,,,,,,,,,,,,,,,,,,,,,,,,,,,,,,,,,,,,,,,,,,,,,,,26.63445239997236,26.63445239997236,592624,001,2023-08-25_15h06.09.923,Recognizability_SONA,2022.2.5,61.006819955683746,
Condition3.csv,osto,dan,ostodan,9,9_2.PNG,stems_all/9_2.PNG,0,0,0,0,0,7,7,8,,,,,,,,,,,,,,,,,,,,,,,,,,,,,,,,,,,,,,,,,,,,,,,,,,,,,,,,,,,,,,,,,28.634442800015677,28.634442800015677,592624,001,2023-08-25_15h06.09.923,Recognizability_SONA,2022.2.5,61.006819955683746,
Condition3.csv,kora,dan,koradan,3,3_2.PNG,stems_all/3_2.PNG,0,0,0,0,0,8,8,2,,,,,,,,,,,,,,,,,,,,,,,,,,,,,,,,,,,,,,,,,,,,,,,,,,,,,,,,,,,,,,,,,30.617827499983832,30.617827499983832,592624,001,2023-08-25_15h06.09.923,Recognizability_SONA,2022.2.5,61.006819955683746,
Condition3.csv,vorke,dan,vorkedan,10,10_2.PNG,stems_all/10_2.PNG,0,0,0,0,0,9,9,9,,,,,,,,,,,,,,,,,,,,,,,,,,,,,,,,,,,,,,,,,,,,,,,,,,,,,,,,,,,,,,,,,32.634519100014586,32.634519100014586,592624,001,2023-08-25_15h06.09.923,Recognizability_SONA,2022.2.5,61.006819955683746,
Condition3.csv,kora,nem,koranem,3,3_dim_sg.PNG,stems_all/3_dim_sg.PNG,0,0,0,0,0,10,10,14,,,,,,,,,,,,,,,,,,,,,,,,,,,,,,,,,,,,,,,,,,,,,,,,,,,,,,,,,,,,,,,,,34.617824500019196,34.617824500019196,592624,001,2023-08-25_15h06.09.923,Recognizability_SONA,2022.2.5,61.006819955683746,
Condition3.csv,bal,shoon,balshoon,1,1_dim_sg.PNG,stems_all/1_dim_sg.PNG,0,0,0,0,0,11,11,18,,,,,,,,,,,,,,,,,,,,,,,,,,,,,,,,,,,,,,,,,,,,,,,,,,,,,,,,,,,,,,,,,36.61785979999695,36.61785979999695,592624,001,2023-08-25_15h06.09.923,Recognizability_SONA,2022.2.5,61.006819955683746,
Condition3.csv,kora,sil,korasil,3,3_2.PNG,stems_all/3_2.PNG,0,0,0,0,0,12,12,17,,,,,,,,,,,,,,,,,,,,,,,,,,,,,,,,,,,,,,,,,,,,,,,,,,,,,,,,,,,,,,,,,38.61789469997166,38.61789469997166,592624,001,2023-08-25_15h06.09.923,Recognizability_SONA,2022.2.5,61.006819955683746,
,,,,,,,,,,,,,,,,,,,,,,,,,,,,,,,,,,,,,,,,,,,,,,,,,,,,,,,,,,,,,,,,,,,,,,,,,,,,,,,40.63458600000013,40.63458600000013,,,,,,,
