﻿demo_info.thisRepN,demo_info.thisTrialN,demo_info.thisN,demo_info.thisIndex,which_condition.thisRepN,which_condition.thisTrialN,which_condition.thisN,which_condition.thisIndex,production_block.thisRepN,production_block.thisTrialN,production_block.thisN,production_block.thisIndex,prod_label,file,prod_image1,prod_image2,prod_condition,alt_image1,alt_image2,prod_image2_size,alt_image2_size,prod_image2_location,alt_image1_location,alt_image2_location,begin_text.started,key_resp_11.started,key_resp_11.keys,key_resp_11.rt,instructions_text.started,key_resp_4.started,key_resp_4.keys,key_resp_4.rt,experiment_start.started,experiment_start_resp.started,experiment_start_resp.keys,experiment_start_resp.rt,instr.started,key_resp_14.started,key_resp_14.keys,key_resp_14.rt,participant,session,date,expName,psychopyVersion,frameRate,
,,,,,,,,,,,,,,,,,,,,,,,,9.360928199952468,9.360928199952468,space,0.8342615000437945,,,,,,,,,,,,,693446,001,2023-09-08_16h00.17.829,Recognizability_SONA,2022.2.5,59.98357652531688,
,,,,,,,,,,,,,,,,,,,,,,,,,,,,10.243367600021884,10.243367600021884,space,0.3008406001608819,,,,,,,,,693446,001,2023-09-08_16h00.17.829,Recognizability_SONA,2022.2.5,59.98357652531688,
,,,,,,,,,,,,,,,,,,,,,,,,,,,,,,,,10.576689400011674,10.576689400011674,space,0.39461640012450516,,,,,693446,001,2023-09-08_16h00.17.829,Recognizability_SONA,2022.2.5,59.98357652531688,
,,,,,,,,,,,,,,,,,,,,,,,,,,,,,,,,,,,,10.993412599898875,10.993412599898875,space,0.7980776000767946,693446,001,2023-09-08_16h00.17.829,Recognizability_SONA,2022.2.5,59.98357652531688,
