﻿stem,label,filepath,image_size,demo_info.thisRepN,demo_info.thisTrialN,demo_info.thisN,demo_info.thisIndex,pretraining_plus_test.thisRepN,pretraining_plus_test.thisTrialN,pretraining_plus_test.thisN,pretraining_plus_test.thisIndex,pretraining_loop.thisRepN,pretraining_loop.thisTrialN,pretraining_loop.thisN,pretraining_loop.thisIndex,pretraining,condition,begin_text.started,key_resp_11.started,key_resp_11.keys,key_resp_11.rt,instructions_text.started,key_resp_4.started,text_31.started,key_resp_4.keys,key_resp_4.rt,experiment_start.started,experiment_start_resp.started,text_32.started,experiment_start_resp.keys,experiment_start_resp.rt,text_23.started,key_resp_24.started,text_30.started,key_resp_24.keys,key_resp_24.rt,image_5.started,textbox_9.started,text_16.started,text_19.started,key_resp_20.started,textbox_9.text,key_resp_20.keys,key_resp_20.rt,image_4.started,text_18.started,textbox_12.started,text_27.started,image_4.stopped,text_18.stopped,textbox_12.stopped,text_27.stopped,participant,session,date,expName,psychopyVersion,frameRate,
,,,,,,,,,,,,,,,,100,2,8.668901400174946,8.668901400174946,space,0.6100453995168209,,,,,,,,,,,,,,,,,,,,,,,,,,,,,,,,754977,001,2023-10-10_13h17.11.468,generalizability,2022.2.5,59.90290923908754,
,,,,,,,,,,,,,,,,,,,,,,9.317908900324255,12.284587200265378,12.284587200265378,return,0.25923970015719533,,,,,,,,,,,,,,,,,,,,,,,,,,,754977,001,2023-10-10_13h17.11.468,generalizability,2022.2.5,59.90290923908754,
,,,,,,,,,,,,,,,,,,,,,,,,,,,12.567914200015366,15.551280400250107,15.551280400250107,return,0.2592916996218264,,,,,,,,,,,,,,,,,,,,,,754977,001,2023-10-10_13h17.11.468,generalizability,2022.2.5,59.90290923908754,
nako,nako,stems_all/4.PNG,"[0.35, 0.35]",,,,,0,0,0,0,0,0,0,3,,,,,,,,,,,,,,,,,15.834617800079286,18.817983200307935,18.817983200307935,return,0.5204012994654477,19.401355599984527,19.401355599984527,19.401355599984527,20.867984000127763,20.867984000127763,nako,return,1.2110049999319017,22.1013525002636,22.1013525002636,22.1013525002636,22.1013525002636,22.601380900014192,22.601380900014192,22.601380900014192,22.601380900014192,754977,001,2023-10-10_13h17.11.468,generalizability,2022.2.5,59.90290923908754,
,,,,,,,,,,,,,,,,,,,,,,,,,,,,,,,,,,,,,22.601380900014192,22.601380900014192,22.601380900014192,22.601380900014192,22.601380900014192,vorke,return,1.6930876998230815,24.318097300361842,24.318097300361842,24.318097300361842,24.318097300361842,,,,,,,,,,,
