﻿select_condition,stem,suffix,label,stem_filename,file,filepath,image_size,demo_info.thisRepN,demo_info.thisTrialN,demo_info.thisN,demo_info.thisIndex,pretraining_plus_test.thisRepN,pretraining_plus_test.thisTrialN,pretraining_plus_test.thisN,pretraining_plus_test.thisIndex,which_condition.thisRepN,which_condition.thisTrialN,which_condition.thisN,which_condition.thisIndex,training_block.thisRepN,training_block.thisTrialN,training_block.thisN,training_block.thisIndex,pretraining,condition,begin_text.started,key_resp_11.started,key_resp_11.keys,key_resp_11.rt,instructions_text.started,key_resp_4.started,key_resp_4.keys,key_resp_4.rt,experiment_start.started,experiment_start_resp.started,experiment_start_resp.keys,experiment_start_resp.rt,image.started,text_11.started,textbox_7.started,key_resp_18.started,textbox_7.text,key_resp_18.keys,key_resp_18.rt,image_8.started,text_17.started,textbox_8.started,image_8.stopped,text_17.stopped,textbox_8.stopped,ISI.started,participant,session,date,expName,psychopyVersion,frameRate,
,,,,,,,,,,,,,,,,,,,,,,,,0,2,8.686889800010249,8.686889800010249,space,0.47792640002444386,,,,,,,,,,,,,,,,,,,,,,,772298,001,2023-09-26_18h10.19.532,generalizability,2022.2.5,60.01374315401811,
,,,,,,,,,,,,,,,,,,,,,,,,,,,,,,9.20261640008539,9.20261640008539,space,0.26124149991665035,,,,,,,,,,,,,,,,,,,772298,001,2023-09-26_18h10.19.532,generalizability,2022.2.5,60.01374315401811,
,,,,,,,,,,,,,,,,,,,,,,,,,,,,,,,,,,9.485968600027263,9.485968600027263,space,0.3179727999959141,,,,,,,,,,,,,,,772298,001,2023-09-26_18h10.19.532,generalizability,2022.2.5,60.01374315401811,
Condition2.csv,berko,shoon,berkoshoon,2,2_dim_sg.PNG,stems_all/2_dim_sg.PNG,"[0.2, 0.2]",,,,,,,,,0,0,0,0,0,0,0,19,,,,,,,,,,,,,,,10.069338400033303,10.569315800094046,10.569315800094046,10.569315800094046,berkoshoon,n,3.7556327999336645,14.369328500004485,14.369328500004485,14.369328500004485,15.369373900000937,15.369373900000937,15.369373900000937,-0.0008096999954432249,772298,001,2023-09-26_18h10.19.532,generalizability,2022.2.5,60.01374315401811,
Condition2.csv,kora,dan,koradan,3,3_2.PNG,stems_all/3_2.PNG,"[0.35, 0.35]",,,,,,,,,0,0,0,0,0,1,1,11,,,,,,,,,,,,,,,16.6188686999958,17.118871000013314,17.118871000013314,17.118871000013314,koradan,n,1.4000601000152528,18.552287600003183,18.552287600003183,18.552287600003183,19.552696000086144,19.552696000086144,19.552696000086144,-3.029999788850546e-05,772298,001,2023-09-26_18h10.19.532,generalizability,2022.2.5,60.01374315401811,
,,,,,,,,,,,,,,,,,,,,,,,,,,,,,,,,,,,,,,20.78611000010278,21.286107000079937,21.286107000079937,21.286107000079937,berkodan,n,2.348940300056711,23.671078100102022,23.671078100102022,23.671078100102022,,,,,,,,,,,
