﻿stem,label,filepath,image_size,demo_info.thisRepN,demo_info.thisTrialN,demo_info.thisN,demo_info.thisIndex,pretraining_plus_test.thisRepN,pretraining_plus_test.thisTrialN,pretraining_plus_test.thisN,pretraining_plus_test.thisIndex,pretraining_loop.thisRepN,pretraining_loop.thisTrialN,pretraining_loop.thisN,pretraining_loop.thisIndex,pretraining,condition,begin_text.started,key_resp_11.started,key_resp_11.keys,key_resp_11.rt,instructions_text.started,key_resp_4.started,key_resp_4.keys,key_resp_4.rt,experiment_start.started,experiment_start_resp.started,experiment_start_resp.keys,experiment_start_resp.rt,text_23.started,key_resp_24.started,key_resp_24.keys,key_resp_24.rt,image_5.started,text_19.started,textbox_9.started,key_resp_20.started,textbox_9.text,key_resp_20.keys,key_resp_20.rt,image_4.started,text_18.started,textbox_12.started,image_4.stopped,text_18.stopped,textbox_12.stopped,participant,session,date,expName,psychopyVersion,frameRate,
,,,,,,,,,,,,,,,,0,2,10.888906899956055,10.888906899956055,space,0.4768280000425875,,,,,,,,,,,,,,,,,,,,,,,,,,829679,001,2023-09-25_00h46.09.629,generalizability,2022.2.5,60.02739648874848,
,,,,,,,,,,,,,,,,,,,,,,11.404662699904293,11.404662699904293,space,0.21012340008746833,,,,,,,,,,,,,,,,,,,,,,829679,001,2023-09-25_00h46.09.629,generalizability,2022.2.5,60.02739648874848,
,,,,,,,,,,,,,,,,,,,,,,,,,,11.637985799927264,11.637985799927264,space,0.4289135999279097,,,,,,,,,,,,,,,,,,829679,001,2023-09-25_00h46.09.629,generalizability,2022.2.5,60.02739648874848,
kudom,kudom,stems_all/8.PNG,"[0.35, 0.35]",,,,,0,0,0,0,0,0,0,7,,,,,,,,,,,,,,,12.087974699912593,12.087974699912593,return,0.4470346999587491,12.78811520000454,12.78811520000454,12.78811520000454,12.78811520000454,kudom,m,1.143193900003098,13.97132769995369,13.97132769995369,13.97132769995369,14.97132699994836,14.97132699994836,14.97132699994836,829679,001,2023-09-25_00h46.09.629,generalizability,2022.2.5,60.02739648874848,
berko,berko,stems_all/2.PNG,"[0.35, 0.35]",,,,,0,0,0,0,0,1,1,1,,,,,,,,,,,,,,,,,,,14.97132699994836,14.97132699994836,14.97132699994836,14.97132699994836,berko,o,2.629349600058049,17.638044099905528,17.638044099905528,17.638044099905528,18.638109599938616,18.638109599938616,18.638109599938616,829679,001,2023-09-25_00h46.09.629,generalizability,2022.2.5,60.02739648874848,
pipa,pipa,stems_all/5.PNG,"[0.35, 0.35]",,,,,0,0,0,0,0,2,2,4,,,,,,,,,,,,,,,,,,,18.638109599938616,18.638109599938616,18.638109599938616,18.638109599938616,pipa,a,3.67562769993674,22.354755699983798,22.354755699983798,22.354755699983798,23.35477939993143,23.35477939993143,23.35477939993143,829679,001,2023-09-25_00h46.09.629,generalizability,2022.2.5,60.02739648874848,
,,,,,,,,,,,,,,,,,,,,,,,,,,,,,,,,,,23.35477939993143,23.35477939993143,23.35477939993143,23.35477939993143,bal,l,5.196910500060767,28.588279699906707,28.588279699906707,28.588279699906707,,,,,,,,,,
