﻿demo_info.thisRepN,demo_info.thisTrialN,demo_info.thisN,demo_info.thisIndex,pretraining_plus_test.thisRepN,pretraining_plus_test.thisTrialN,pretraining_plus_test.thisN,pretraining_plus_test.thisIndex,pretraining_loop.thisRepN,pretraining_loop.thisTrialN,pretraining_loop.thisN,pretraining_loop.thisIndex,stem,label,filepath,image_size,pretraining,condition,begin_text.started,key_resp_11.started,key_resp_11.keys,key_resp_11.rt,consent_image.started,text_10.started,consent_resp.started,consent_resp.keys,consent_resp.rt,demographic_instr.started,text_9.started,key_resp_3.started,key_resp_3.keys,key_resp_3.rt,age_text.started,textbox.started,key_resp_5.started,text_3.started,textbox.text,key_resp_5.keys,key_resp_5.rt,age_text_5.started,textbox_5.started,key_resp_9.started,text_7.started,textbox_5.text,key_resp_9.keys,key_resp_9.rt,age_text_6.started,textbox_6.started,key_resp_10.started,text_8.started,textbox_6.text,key_resp_10.keys,key_resp_10.rt,instructions_text.started,key_resp_4.started,key_resp_4.keys,key_resp_4.rt,experiment_start.started,experiment_start_resp.started,experiment_start_resp.keys,experiment_start_resp.rt,text_23.started,key_resp_24.started,key_resp_24.keys,key_resp_24.rt,image_5.started,text_16.started,text_19.started,textbox_9.started,key_resp_20.started,textbox_9.text,key_resp_20.keys,key_resp_20.rt,image_4.started,text_18.started,textbox_12.started,text_27.started,participant,session,date,expName,psychopyVersion,frameRate,
,,,,,,,,,,,,,,,,0,5,8.388419800205156,8.388419800205156,space,0.41765839979052544,,,,,,,,,,,,,,,,,,,,,,,,,,,,,,,,,,,,,,,,,,,,,,,,,,,,,,,,838507,001,2023-10-05_00h58.08.847,generalizability,2022.2.5,60.013274897760006,
0,0,0,0,,,,,,,,,,,,,,,,,,,8.837289200164378,8.837289200164378,8.837289200164378,space,0.15886620013043284,9.03731740009971,9.03731740009971,9.03731740009971,space,0.1378210000693798,9.20399529999122,9.20399529999122,9.20399529999122,9.20399529999122,  ,return,0.43526059994474053,9.670797400176525,9.670797400176525,9.670797400176525,9.670797400176525,"
",return,0.1435054000467062,9.837308100191876,9.837308100191876,9.837308100191876,9.837308100191876,"
",return,0.13602019986137748,,,,,,,,,,,,,,,,,,,,,,,,,838507,001,2023-10-05_00h58.08.847,generalizability,2022.2.5,60.013274897760006,
,,,,,,,,,,,,,,,,,,,,,,,,,,,,,,,,,,,,,,,,,,,,,,,,,,,,,10.020668900106102,10.020668900106102,return,0.10567969991825521,,,,,,,,,,,,,,,,,,,,,838507,001,2023-10-05_00h58.08.847,generalizability,2022.2.5,60.013274897760006,
,,,,,,,,,,,,,,,,,,,,,,,,,,,,,,,,,,,,,,,,,,,,,,,,,,,,,,,,,10.154015500098467,10.154015500098467,return,0.12837249995209277,,,,,,,,,,,,,,,,,838507,001,2023-10-05_00h58.08.847,generalizability,2022.2.5,60.013274897760006,
,,,,,,,,,,,,,,,,,,,,,,,,,,,,,,,,,,,,,,,,,,,,,,,,,,,,,,,,,,,,,10.303982800105587,10.303982800105587,return,0.2674823000561446,10.60398850007914,10.60398850007914,12.087368400068954,12.087368400068954,12.087368400068954,vorke,return,1.882851199945435,13.987356700003147,13.987356700003147,13.987356700003147,13.987356700003147,,,,,,,
