﻿stem,label,filepath,image_size,demo_info.thisRepN,demo_info.thisTrialN,demo_info.thisN,demo_info.thisIndex,pretraining_plus_test.thisRepN,pretraining_plus_test.thisTrialN,pretraining_plus_test.thisN,pretraining_plus_test.thisIndex,pretraining_loop.thisRepN,pretraining_loop.thisTrialN,pretraining_loop.thisN,pretraining_loop.thisIndex,pretraining,condition,begin_text.started,key_resp_11.started,key_resp_11.keys,key_resp_11.rt,consent_image.started,text_10.started,consent_resp.started,consent_resp.keys,consent_resp.rt,demographic_instr.started,text_9.started,key_resp_3.started,key_resp_3.keys,key_resp_3.rt,age_text.started,textbox.started,key_resp_5.started,text_3.started,textbox.text,key_resp_5.keys,key_resp_5.rt,age_text_2.started,textbox_2.started,key_resp_6.started,text_4.started,textbox_2.text,key_resp_6.keys,key_resp_6.rt,age_text_3.started,textbox_3.started,key_resp_7.started,text_5.started,textbox_3.text,key_resp_7.keys,key_resp_7.rt,age_text_5.started,textbox_5.started,key_resp_9.started,text_7.started,textbox_5.text,key_resp_9.keys,key_resp_9.rt,age_text_6.started,textbox_6.started,key_resp_10.started,text_8.started,textbox_6.text,key_resp_10.keys,key_resp_10.rt,age_text_4.started,textbox_4.started,key_resp_8.started,text_6.started,textbox_4.text,key_resp_8.keys,key_resp_8.rt,instructions_text.started,key_resp_4.started,key_resp_4.keys,key_resp_4.rt,experiment_start.started,experiment_start_resp.started,experiment_start_resp.keys,experiment_start_resp.rt,text_23.started,key_resp_24.started,key_resp_24.keys,key_resp_24.rt,image_5.started,text_19.started,textbox_9.started,key_resp_20.started,textbox_9.text,key_resp_20.keys,key_resp_20.rt,image_4.started,text_18.started,textbox_12.started,image_4.stopped,text_18.stopped,textbox_12.stopped,participant,session,date,expName,psychopyVersion,frameRate,
,,,,,,,,,,,,,,,,100,1,8.866894699865952,8.866894699865952,space,0.9905805001035333,,,,,,,,,,,,,,,,,,,,,,,,,,,,,,,,,,,,,,,,,,,,,,,,,,,,,,,,,,,,,,,,,,,,,,,,,,,,,,866741,001,2023-09-27_11h32.59.932,generalizability,2022.2.5,59.99984398524797,
,,,,0,0,0,0,,,,,,,,,,,,,,,9.88278519990854,9.88278519990854,9.88278519990854,space,0.37275570002384484,10.299504899885505,10.299504899885505,10.299504899885505,space,0.5371654001064599,10.866148499771953,10.866148499771953,10.866148499771953,10.866148499771953, ,return,1.1728536002337933,12.06618609977886,12.06618609977886,12.06618609977886,12.06618609977886,"
",return,0.18779930006712675,12.282807699870318,12.282807699870318,12.282807699870318,12.282807699870318,"
",return,0.1742285001091659,12.482807799940929,12.482807799940929,12.482807799940929,12.482807799940929,"
",return,0.1963278001639992,12.69950749981217,12.69950749981217,12.69950749981217,12.69950749981217,"
",return,0.2586709000170231,12.982843399979174,12.982843399979174,12.982843399979174,12.982843399979174,"
",return,0.29737810022197664,,,,,,,,,,,,,,,,,,,,,,,,,,866741,001,2023-09-27_11h32.59.932,generalizability,2022.2.5,59.99984398524797,
,,,,,,,,,,,,,,,,,,,,,,,,,,,,,,,,,,,,,,,,,,,,,,,,,,,,,,,,,,,,,,,,,,,,,,,,,,13.316201199777424,13.316201199777424,space,0.563178000273183,,,,,,,,,,,,,,,,,,,,,,866741,001,2023-09-27_11h32.59.932,generalizability,2022.2.5,59.99984398524797,
,,,,,,,,,,,,,,,,,,,,,,,,,,,,,,,,,,,,,,,,,,,,,,,,,,,,,,,,,,,,,,,,,,,,,,,,,,,,,,13.899481699801981,13.899481699801981,space,0.5340303000994027,,,,,,,,,,,,,,,,,,866741,001,2023-09-27_11h32.59.932,generalizability,2022.2.5,59.99984398524797,
kora,kora,stems_all/3.PNG,"[0.35, 0.35]",,,,,0,0,0,0,0,0,0,2,,,,,,,,,,,,,,,,,,,,,,,,,,,,,,,,,,,,,,,,,,,,,,,,,,,,,,,,,,,,,,,,,,,14.466194599866867,14.466194599866867,return,0.5904384001623839,15.099567199824378,15.816202599788085,15.816202599788085,15.816202599788085,kora,a,0.8157856999896467,16.66621879977174,16.66621879977174,16.66621879977174,17.66621069982648,17.66621069982648,17.66621069982648,866741,001,2023-09-27_11h32.59.932,generalizability,2022.2.5,59.99984398524797,
bal,bal,stems_all/1.PNG,"[0.35, 0.35]",,,,,0,0,0,0,0,1,1,0,,,,,,,,,,,,,,,,,,,,,,,,,,,,,,,,,,,,,,,,,,,,,,,,,,,,,,,,,,,,,,,,,,,,,,,17.66621069982648,18.14957519993186,18.14957519993186,18.14957519993186,bal,l,1.53111040010117,19.71622969978489,19.71622969978489,19.71622969978489,20.717122899834067,20.717122899834067,20.717122899834067,866741,001,2023-09-27_11h32.59.932,generalizability,2022.2.5,59.99984398524797,
nako,nako,stems_all/4.PNG,"[0.35, 0.35]",,,,,0,0,0,0,0,2,2,3,,,,,,,,,,,,,,,,,,,,,,,,,,,,,,,,,,,,,,,,,,,,,,,,,,,,,,,,,,,,,,,,,,,,,,,20.717122899834067,21.21629189979285,21.21629189979285,21.21629189979285,nako,o,1.2739992002025247,22.53295149980113,22.53295149980113,22.53295149980113,23.532925399951637,23.532925399951637,23.532925399951637,866741,001,2023-09-27_11h32.59.932,generalizability,2022.2.5,59.99984398524797,
berko,berko,stems_all/2.PNG,"[0.35, 0.35]",,,,,0,0,0,0,0,3,3,1,,,,,,,,,,,,,,,,,,,,,,,,,,,,,,,,,,,,,,,,,,,,,,,,,,,,,,,,,,,,,,,,,,,,,,,23.532925399951637,24.016304599819705,24.016304599819705,24.016304599819705,berko,o,0.8676005001179874,24.91628159978427,24.91628159978427,24.91628159978427,25.916284299921244,25.916284299921244,25.916284299921244,866741,001,2023-09-27_11h32.59.932,generalizability,2022.2.5,59.99984398524797,
,,,,,,,,,,,,,,,,,,,,,,,,,,,,,,,,,,,,,,,,,,,,,,,,,,,,,,,,,,,,,,,,,,,,,,,,,,,,,,,,,,,,,,25.916284299921244,26.39966669981368,26.39966669981368,26.39966669981368,kudom,m,1.6798866000026464,28.116313199978322,28.116313199978322,28.116313199978322,,,,,,,,,,
