﻿begin_text.started,key_resp_11.started,key_resp_11.keys,key_resp_11.rt,consent_image.started,text_10.started,consent_resp.started,consent_resp.keys,consent_resp.rt,demographic_instr.started,text_9.started,key_resp_3.started,key_resp_3.keys,key_resp_3.rt,age_text.started,textbox.started,key_resp_5.started,text_3.started,textbox.text,key_resp_5.keys,key_resp_5.rt,age_text_2.started,textbox_2.started,key_resp_6.started,text_4.started,textbox_2.text,key_resp_6.keys,key_resp_6.rt,age_text_3.started,textbox_3.started,key_resp_7.started,text_5.started,textbox_3.text,key_resp_7.keys,key_resp_7.rt,age_text_5.started,textbox_5.started,key_resp_9.started,text_7.started,textbox_5.text,key_resp_9.keys,key_resp_9.rt,age_text_6.started,textbox_6.started,key_resp_10.started,text_8.started,textbox_6.text,key_resp_10.keys,key_resp_10.rt,age_text_4.started,textbox_4.started,key_resp_8.started,text_6.started,textbox_4.text,key_resp_8.keys,key_resp_8.rt,instructions_text.started,key_resp_4.started,key_resp_4.keys,key_resp_4.rt,experiment_start.started,experiment_start_resp.started,experiment_start_resp.keys,experiment_start_resp.rt,participant,session,date,expName,psychopyVersion,frameRate,
8.498693400004413,8.498693400004413,space,0.44671350001590326,,,,,,,,,,,,,,,,,,,,,,,,,,,,,,,,,,,,,,,,,,,,,,,,,,,,,,,,,,,,,913940,001,2023-08-25_14h48.02.593,Recognizability_SONA,2022.2.5,59.99898001655787,
,,,,8.964418399962597,8.964418399962597,8.964418399962597,space,0.1930216999608092,,,,,,,,,,,,,,,,,,,,,,,,,,,,,,,,,,,,,,,,,,,,,,,,,,,,,,,,913940,001,2023-08-25_14h48.02.593,Recognizability_SONA,2022.2.5,59.99898001655787,
,,,,,,,,,9.197734399989713,9.197734399989713,9.197734399989713,space,0.27486649999627843,,,,,,,,,,,,,,,,,,,,,,,,,,,,,,,,,,,,,,,,,,,,,,,,,,,913940,001,2023-08-25_14h48.02.593,Recognizability_SONA,2022.2.5,59.99898001655787,
,,,,,,,,,,,,,,9.497769999958109,9.497769999958109,9.497769999958109,9.497769999958109, ,tab,0.40585889999056235,,,,,,,,,,,,,,,,,,,,,,,,,,,,,,,,,,,,,,,,,,,,913940,001,2023-08-25_14h48.02.593,Recognizability_SONA,2022.2.5,59.99898001655787,
,,,,,,,,,,,,,,,,,,,,,9.931073099956848,9.931073099956848,9.931073099956848,9.931073099956848,,tab,0.14969280001241714,,,,,,,,,,,,,,,,,,,,,,,,,,,,,,,,,,,,,913940,001,2023-08-25_14h48.02.593,Recognizability_SONA,2022.2.5,59.99898001655787,
,,,,,,,,,,,,,,,,,,,,,,,,,,,,10.097711200010963,10.097711200010963,10.097711200010963,10.097711200010963,,tab,0.12496740004280582,,,,,,,,,,,,,,,,,,,,,,,,,,,,,,913940,001,2023-08-25_14h48.02.593,Recognizability_SONA,2022.2.5,59.99898001655787,
,,,,,,,,,,,,,,,,,,,,,,,,,,,,,,,,,,,10.247729299997445,10.247729299997445,10.247729299997445,10.247729299997445,,tab,0.11799610004527494,,,,,,,,,,,,,,,,,,,,,,,913940,001,2023-08-25_14h48.02.593,Recognizability_SONA,2022.2.5,59.99898001655787,
,,,,,,,,,,,,,,,,,,,,,,,,,,,,,,,,,,,,,,,,,,10.397720799956005,10.397720799956005,10.397720799956005,10.397720799956005,,tab,0.13102699996670708,,,,,,,,,,,,,,,,913940,001,2023-08-25_14h48.02.593,Recognizability_SONA,2022.2.5,59.99898001655787,
,,,,,,,,,,,,,,,,,,,,,,,,,,,,,,,,,,,,,,,,,,,,,,,,,10.547750799974892,10.547750799974892,10.547750799974892,10.547750799974892,,tab,0.2710701000178233,,,,,,,,,913940,001,2023-08-25_14h48.02.593,Recognizability_SONA,2022.2.5,59.99898001655787,
,,,,,,,,,,,,,,,,,,,,,,,,,,,,,,,,,,,,,,,,,,,,,,,,,,,,,,,,10.847741200006567,10.847741200006567,space,0.6642689000000246,,,,,913940,001,2023-08-25_14h48.02.593,Recognizability_SONA,2022.2.5,59.99898001655787,
,,,,,,,,,,,,,,,,,,,,,,,,,,,,,,,,,,,,,,,,,,,,,,,,,,,,,,,,,,,,11.531055399973411,11.531055399973411,space,0.5490547000081278,913940,001,2023-08-25_14h48.02.593,Recognizability_SONA,2022.2.5,59.99898001655787,
