﻿begin_text.started,key_resp_11.started,key_resp_11.keys,key_resp_11.rt,consent_image.started,text_10.started,consent_resp.started,consent_resp.keys,consent_resp.rt,demographic_instr.started,text_9.started,key_resp_3.started,key_resp_3.keys,key_resp_3.rt,age_text.started,textbox.started,key_resp_5.started,text_3.started,textbox.text,key_resp_5.keys,key_resp_5.rt,age_text_2.started,textbox_2.started,key_resp_6.started,text_4.started,textbox_2.text,key_resp_6.keys,key_resp_6.rt,age_text_3.started,textbox_3.started,key_resp_7.started,text_5.started,textbox_3.text,key_resp_7.keys,key_resp_7.rt,age_text_5.started,textbox_5.started,key_resp_9.started,text_7.started,textbox_5.text,key_resp_9.keys,key_resp_9.rt,age_text_6.started,textbox_6.started,key_resp_10.started,text_8.started,textbox_6.text,key_resp_10.keys,key_resp_10.rt,age_text_4.started,textbox_4.started,key_resp_8.started,text_6.started,textbox_4.text,key_resp_8.keys,key_resp_8.rt,instructions_text.started,key_resp_4.started,key_resp_4.keys,key_resp_4.rt,experiment_start.started,experiment_start_resp.started,experiment_start_resp.keys,experiment_start_resp.rt,participant,session,date,expName,psychopyVersion,frameRate,
9.133236700028647,9.133236700028647,space,1.4712172000436112,,,,,,,,,,,,,,,,,,,,,,,,,,,,,,,,,,,,,,,,,,,,,,,,,,,,,,,,,,,,,988276,001,2023-08-25_14h56.20.494,Recognizability_SONA,2022.2.5,61.15138271225608,
,,,,10.624300800031051,10.624300800031051,10.624300800031051,space,0.21219260001089424,,,,,,,,,,,,,,,,,,,,,,,,,,,,,,,,,,,,,,,,,,,,,,,,,,,,,,,,988276,001,2023-08-25_14h56.20.494,Recognizability_SONA,2022.2.5,61.15138271225608,
,,,,,,,,,10.874288199993316,10.874288199993316,10.874288199993316,space,0.1742460000095889,,,,,,,,,,,,,,,,,,,,,,,,,,,,,,,,,,,,,,,,,,,,,,,,,,,988276,001,2023-08-25_14h56.20.494,Recognizability_SONA,2022.2.5,61.15138271225608,
,,,,,,,,,,,,,,11.074296200007666,11.074296200007666,11.074296200007666,11.074296200007666, ,tab,0.46835370000917464,,,,,,,,,,,,,,,,,,,,,,,,,,,,,,,,,,,,,,,,,,,,988276,001,2023-08-25_14h56.20.494,Recognizability_SONA,2022.2.5,61.15138271225608,
,,,,,,,,,,,,,,,,,,,,,11.574305100017227,11.574305100017227,11.574305100017227,11.574305100017227,,tab,0.15543019998585805,,,,,,,,,,,,,,,,,,,,,,,,,,,,,,,,,,,,,988276,001,2023-08-25_14h56.20.494,Recognizability_SONA,2022.2.5,61.15138271225608,
,,,,,,,,,,,,,,,,,,,,,,,,,,,,11.757732000027318,11.757732000027318,11.757732000027318,11.757732000027318,,tab,0.1130187000380829,,,,,,,,,,,,,,,,,,,,,,,,,,,,,,988276,001,2023-08-25_14h56.20.494,Recognizability_SONA,2022.2.5,61.15138271225608,
,,,,,,,,,,,,,,,,,,,,,,,,,,,,,,,,,,,11.891011300031096,11.891011300031096,11.891011300031096,11.891011300031096,,tab,0.11975979997077957,,,,,,,,,,,,,,,,,,,,,,,988276,001,2023-08-25_14h56.20.494,Recognizability_SONA,2022.2.5,61.15138271225608,
,,,,,,,,,,,,,,,,,,,,,,,,,,,,,,,,,,,,,,,,,,12.04100590001326,12.04100590001326,12.04100590001326,12.04100590001326,,tab,0.11080070002935827,,,,,,,,,,,,,,,,988276,001,2023-08-25_14h56.20.494,Recognizability_SONA,2022.2.5,61.15138271225608,
,,,,,,,,,,,,,,,,,,,,,,,,,,,,,,,,,,,,,,,,,,,,,,,,,12.174364900041837,12.174364900041837,12.174364900041837,12.174364900041837,,tab,0.09743189997971058,,,,,,,,,988276,001,2023-08-25_14h56.20.494,Recognizability_SONA,2022.2.5,61.15138271225608,
,,,,,,,,,,,,,,,,,,,,,,,,,,,,,,,,,,,,,,,,,,,,,,,,,,,,,,,,12.291005100007169,12.291005100007169,space,0.3619001999613829,,,,,988276,001,2023-08-25_14h56.20.494,Recognizability_SONA,2022.2.5,61.15138271225608,
,,,,,,,,,,,,,,,,,,,,,,,,,,,,,,,,,,,,,,,,,,,,,,,,,,,,,,,,,,,,12.67453130002832,12.67453130002832,space,0.2564394000219181,988276,001,2023-08-25_14h56.20.494,Recognizability_SONA,2022.2.5,61.15138271225608,
