﻿demo_info.thisRepN,demo_info.thisTrialN,demo_info.thisN,demo_info.thisIndex,which_condition.thisRepN,which_condition.thisTrialN,which_condition.thisN,which_condition.thisIndex,production_block.thisRepN,production_block.thisTrialN,production_block.thisN,production_block.thisIndex,prod_label,file,prod_image1,prod_image2,prod_condition,alt_image1,alt_image2,begin_text.started,key_resp_11.started,key_resp_11.keys,key_resp_11.rt,instructions_text.started,key_resp_4.started,key_resp_4.keys,key_resp_4.rt,experiment_start.started,experiment_start_resp.started,experiment_start_resp.keys,experiment_start_resp.rt,instr.started,key_resp_14.started,key_resp_14.keys,key_resp_14.rt,participant,session,date,expName,psychopyVersion,frameRate,
,,,,,,,,,,,,,,,,,,,8.778801599983126,8.778801599983126,space,1.3491421999642625,,,,,,,,,,,,,996069,001,2023-08-26_17h35.14.396,Recognizability_SONA,2022.2.5,59.98519565271644,
,,,,,,,,,,,,,,,,,,,,,,,10.161354499985464,10.161354499985464,space,0.6247540000476874,,,,,,,,,996069,001,2023-08-26_17h35.14.396,Recognizability_SONA,2022.2.5,59.98519565271644,
,,,,,,,,,,,,,,,,,,,,,,,,,,,10.811339700012468,10.811339700012468,space,0.6208891999558546,,,,,996069,001,2023-08-26_17h35.14.396,Recognizability_SONA,2022.2.5,59.98519565271644,
,,,,,,,,,,,,,,,,,,,,,,,,,,,,,,,11.461357499996666,11.461357499996666,space,0.6040566999581642,996069,001,2023-08-26_17h35.14.396,Recognizability_SONA,2022.2.5,59.98519565271644,
