﻿prod_label,file,prod_image1,prod_image2,prod_condition,alt_image1,alt_image2,prod_image2_size,alt_image2_size,prod_image2_location,alt_image1_location,alt_image2_location,demo_info.thisRepN,demo_info.thisTrialN,demo_info.thisN,demo_info.thisIndex,which_condition.thisRepN,which_condition.thisTrialN,which_condition.thisN,which_condition.thisIndex,production_block.thisRepN,production_block.thisTrialN,production_block.thisN,production_block.thisIndex,begin_text.started,key_resp_11.started,key_resp_11.keys,key_resp_11.rt,instructions_text.started,key_resp_4.started,key_resp_4.keys,key_resp_4.rt,experiment_start.started,experiment_start_resp.started,experiment_start_resp.keys,experiment_start_resp.rt,instr.started,key_resp_14.started,key_resp_14.keys,key_resp_14.rt,image_prod1.started,production_text.started,image_prod1.stopped,production_image.started,prod_resp.started,text_12.started,key_resp_15.started,image_2.started,alternate_image2.started,image_3.started,image_2.stopped,alternate_image2.stopped,image_3.stopped,production_text.stopped,production_image.stopped,prod_resp.stopped,text_12.stopped,key_resp_15.stopped,prod_resp.text,key_resp_15.keys,key_resp_15.rt,participant,session,date,expName,psychopyVersion,frameRate,
,,,,,,,,,,,,,,,,,,,,,,,,13.149205999914557,13.149205999914557,space,0.428141999989748,,,,,,,,,,,,,,,,,,,,,,,,,,,,,,,,,,029325,001,2023-09-08_15h44.49.698,Recognizability_SONA,2022.2.5,59.997288129865375,
,,,,,,,,,,,,,,,,,,,,,,,,,,,,13.614838799927384,13.614838799927384,space,0.46650570002384484,,,,,,,,,,,,,,,,,,,,,,,,,,,,,,029325,001,2023-09-08_15h44.49.698,Recognizability_SONA,2022.2.5,59.997288129865375,
,,,,,,,,,,,,,,,,,,,,,,,,,,,,,,,,14.098138199886307,14.098138199886307,space,0.8884378999937326,,,,,,,,,,,,,,,,,,,,,,,,,,029325,001,2023-09-08_15h44.49.698,Recognizability_SONA,2022.2.5,59.997288129865375,
,,,,,,,,,,,,,,,,,,,,,,,,,,,,,,,,,,,,15.014825499849394,15.014825499849394,space,9.381944499909878,,,,,,,,,,,,,,,,,,,,,,029325,001,2023-09-08_15h44.49.698,Recognizability_SONA,2022.2.5,59.997288129865375,
berko,2_2.PNG,stems_all/2.PNG,stems_all/2_2.PNG,familiar,stems_all/2_dim_sg.PNG,stems_all/2_dim_pl.PNG,"[0.35, 0.35]","[0.2, 0.2]",prod_image_locations[0],prod_image_locations[3],prod_image_locations[1],,,,,,,,,0,0,0,13,,,,,,,,,,,,,,,,,24.448299299925566,24.498305599903688,24.548313400009647,24.598281200043857,24.598281200043857,24.598281200043857,24.598281200043857,24.598281200043857,24.598281200043857,24.598281200043857,24.798311199992895,24.798311199992895,24.798311199992895,34.498216999927536,34.61487150005996,34.61487150005996,34.61487150005996,34.61487150005996,berkodan,None,,029325,001,2023-09-08_15h44.49.698,Recognizability_SONA,2022.2.5,59.997288129865375,
bal,1_2.PNG,stems_all/1.PNG,stems_all/1_2.PNG,familiar,stems_all/1_dim_sg.PNG,stems_all/1_dim_pl.PNG,"[0.35, 0.35]","[0.2, 0.2]",prod_image_locations[0],prod_image_locations[3],prod_image_locations[1],,,,,,,,,0,1,1,12,,,,,,,,,,,,,,,,,34.61487150005996,34.698153799865395,34.71484200004488,34.79818659997545,34.79818659997545,34.79818659997545,34.79818659997545,34.79818659997545,34.79818659997545,34.79818659997545,34.998222899856046,34.998222899856046,34.998222899856046,,,,,,balnem,return,4.4018888999708,029325,001,2023-09-08_15h44.49.698,Recognizability_SONA,2022.2.5,59.997288129865375,
shinder,15_dim_pl.PNG,stems_all/15.PNG,stems_all/15_dim_pl.PNG,novel,stems_all/15_dim_sg.PNG,stems_all/15_2.PNG,"[0.2, 0.2]","[0.35, 0.35]",prod_image_locations[3],prod_image_locations[3],prod_image_locations[2],,,,,,,,,0,2,2,11,,,,,,,,,,,,,,,,,39.248270499985665,39.31490679993294,39.34820659994148,39.41489370004274,39.41489370004274,39.41489370004274,39.41489370004274,39.41489370004274,39.41489370004274,39.41489370004274,39.614949400071055,39.614949400071055,39.614949400071055,,,,,,"shinderdan
",return,7.6179593000561,029325,001,2023-09-08_15h44.49.698,Recognizability_SONA,2022.2.5,59.997288129865375,
,,,,,,,,,,,,,,,,,,,,,,,,,,,,,,,,,,,,,,,,47.08200079994276,47.148603699868545,47.18196199997328,47.248643999919295,47.248643999919295,47.248643999919295,47.248643999919295,47.248643999919295,47.248643999919295,47.248643999919295,47.44864759990014,47.44864759990014,47.44864759990014,,,,,,,,,,,,,,,
