﻿select_condition,stem,suffix,label,stem_filename,file,filepath,which_condition.thisRepN,which_condition.thisTrialN,which_condition.thisN,which_condition.thisIndex,training_block.thisRepN,training_block.thisTrialN,training_block.thisN,training_block.thisIndex,begin_text.started,key_resp_11.started,key_resp_11.keys,key_resp_11.rt,consent_image.started,text_10.started,consent_resp.started,consent_resp.keys,consent_resp.rt,demographic_instr.started,text_9.started,key_resp_3.started,key_resp_3.keys,key_resp_3.rt,age_text.started,textbox.started,key_resp_5.started,text_3.started,textbox.text,key_resp_5.keys,key_resp_5.rt,age_text_2.started,textbox_2.started,key_resp_6.started,text_4.started,textbox_2.text,key_resp_6.keys,key_resp_6.rt,age_text_3.started,textbox_3.started,key_resp_7.started,text_5.started,textbox_3.text,key_resp_7.keys,key_resp_7.rt,age_text_5.started,textbox_5.started,key_resp_9.started,text_7.started,textbox_5.text,key_resp_9.keys,key_resp_9.rt,age_text_6.started,textbox_6.started,key_resp_10.started,text_8.started,textbox_6.text,key_resp_10.keys,key_resp_10.rt,age_text_4.started,textbox_4.started,key_resp_8.started,text_6.started,textbox_4.text,key_resp_8.keys,key_resp_8.rt,instructions_text.started,key_resp_4.started,key_resp_4.keys,key_resp_4.rt,experiment_start.started,experiment_start_resp.started,experiment_start_resp.keys,experiment_start_resp.rt,image.started,text_11.started,text_12.started,image.stopped,text_11.stopped,participant,session,date,expName,psychopyVersion,frameRate,
,,,,,,,,,,,,,,,7.884238400030881,7.884238400030881,space,0.39519720000680536,,,,,,,,,,,,,,,,,,,,,,,,,,,,,,,,,,,,,,,,,,,,,,,,,,,,,,,,,,,,,,,,,,042172,001,2023-08-25_15h16.14.929,Recognizability_SONA,2022.2.5,60.00153603704852,
,,,,,,,,,,,,,,,,,,,8.299786799994763,8.299786799994763,8.299786799994763,space,0.3577291999827139,,,,,,,,,,,,,,,,,,,,,,,,,,,,,,,,,,,,,,,,,,,,,,,,,,,,,,,,,,,,,042172,001,2023-08-25_15h16.14.929,Recognizability_SONA,2022.2.5,60.00153603704852,
,,,,,,,,,,,,,,,,,,,,,,,,8.699783099989872,8.699783099989872,8.699783099989872,space,0.32081030000699684,,,,,,,,,,,,,,,,,,,,,,,,,,,,,,,,,,,,,,,,,,,,,,,,,,,,,,,,042172,001,2023-08-25_15h16.14.929,Recognizability_SONA,2022.2.5,60.00153603704852,
,,,,,,,,,,,,,,,,,,,,,,,,,,,,,9.04985549999401,9.04985549999401,9.04985549999401,9.04985549999401, ,tab,0.6939177000313066,,,,,,,,,,,,,,,,,,,,,,,,,,,,,,,,,,,,,,,,,,,,,,,,,042172,001,2023-08-25_15h16.14.929,Recognizability_SONA,2022.2.5,60.00153603704852,
,,,,,,,,,,,,,,,,,,,,,,,,,,,,,,,,,,,,9.766443100001197,9.766443100001197,9.766443100001197,9.766443100001197,,tab,0.18141600000672042,,,,,,,,,,,,,,,,,,,,,,,,,,,,,,,,,,,,,,,,,,042172,001,2023-08-25_15h16.14.929,Recognizability_SONA,2022.2.5,60.00153603704852,
,,,,,,,,,,,,,,,,,,,,,,,,,,,,,,,,,,,,,,,,,,,9.966443700017408,9.966443700017408,9.966443700017408,9.966443700017408,,tab,0.1484063999960199,,,,,,,,,,,,,,,,,,,,,,,,,,,,,,,,,,,042172,001,2023-08-25_15h16.14.929,Recognizability_SONA,2022.2.5,60.00153603704852,
,,,,,,,,,,,,,,,,,,,,,,,,,,,,,,,,,,,,,,,,,,,,,,,,,,10.133141700003762,10.133141700003762,10.133141700003762,10.133141700003762,,tab,0.11875560000771657,,,,,,,,,,,,,,,,,,,,,,,,,,,,042172,001,2023-08-25_15h16.14.929,Recognizability_SONA,2022.2.5,60.00153603704852,
,,,,,,,,,,,,,,,,,,,,,,,,,,,,,,,,,,,,,,,,,,,,,,,,,,,,,,,,,10.283096500032116,10.283096500032116,10.283096500032116,10.283096500032116,,tab,0.10377809999044985,,,,,,,,,,,,,,,,,,,,,042172,001,2023-08-25_15h16.14.929,Recognizability_SONA,2022.2.5,60.00153603704852,
,,,,,,,,,,,,,,,,,,,,,,,,,,,,,,,,,,,,,,,,,,,,,,,,,,,,,,,,,,,,,,,,10.416555400006473,10.416555400006473,10.416555400006473,10.416555400006473,,tab,0.13537719997111708,,,,,,,,,,,,,,042172,001,2023-08-25_15h16.14.929,Recognizability_SONA,2022.2.5,60.00153603704852,
,,,,,,,,,,,,,,,,,,,,,,,,,,,,,,,,,,,,,,,,,,,,,,,,,,,,,,,,,,,,,,,,,,,,,,,10.583140500006266,10.583140500006266,space,0.4029086999944411,,,,,,,,,,042172,001,2023-08-25_15h16.14.929,Recognizability_SONA,2022.2.5,60.00153603704852,
,,,,,,,,,,,,,,,,,,,,,,,,,,,,,,,,,,,,,,,,,,,,,,,,,,,,,,,,,,,,,,,,,,,,,,,,,,,11.016493500035722,11.016493500035722,space,0.34263889997964725,,,,,,042172,001,2023-08-25_15h16.14.929,Recognizability_SONA,2022.2.5,60.00153603704852,
Condition6.csv,bin,nem,binnem,11,11_dim_sg.PNG,stems_all/11_dim_sg.PNG,0,0,0,0,0,0,0,10,,,,,,,,,,,,,,,,,,,,,,,,,,,,,,,,,,,,,,,,,,,,,,,,,,,,,,,,,,,,,,,,,11.39982130000135,11.39982130000135,11.39982130000135,13.399849399982486,13.399849399982486,042172,001,2023-08-25_15h16.14.929,Recognizability_SONA,2022.2.5,60.00153603704852,
Condition6.csv,bal,nem,balnem,1,1_dim_sg.PNG,stems_all/1_dim_sg.PNG,0,0,0,0,0,1,1,0,,,,,,,,,,,,,,,,,,,,,,,,,,,,,,,,,,,,,,,,,,,,,,,,,,,,,,,,,,,,,,,,,13.649936600006185,13.649936600006185,13.649936600006185,15.64990180003224,15.64990180003224,042172,001,2023-08-25_15h16.14.929,Recognizability_SONA,2022.2.5,60.00153603704852,
Condition6.csv,kora,dan,koradan,3,3_2.PNG,stems_all/3_2.PNG,0,0,0,0,0,2,2,14,,,,,,,,,,,,,,,,,,,,,,,,,,,,,,,,,,,,,,,,,,,,,,,,,,,,,,,,,,,,,,,,,15.899876700015739,15.899876700015739,15.899876700015739,17.89989920001244,17.89989920001244,042172,001,2023-08-25_15h16.14.929,Recognizability_SONA,2022.2.5,60.00153603704852,
Condition6.csv,bal,sil,balsil,1,1_2.PNG,stems_all/1_2.PNG,0,0,0,0,0,3,3,15,,,,,,,,,,,,,,,,,,,,,,,,,,,,,,,,,,,,,,,,,,,,,,,,,,,,,,,,,,,,,,,,,18.14986649999628,18.14986649999628,18.14986649999628,20.14992820000043,20.14992820000043,042172,001,2023-08-25_15h16.14.929,Recognizability_SONA,2022.2.5,60.00153603704852,
Condition6.csv,pipa,nem,pipanem,5,5_dim_sg.PNG,stems_all/5_dim_sg.PNG,0,0,0,0,0,4,4,4,,,,,,,,,,,,,,,,,,,,,,,,,,,,,,,,,,,,,,,,,,,,,,,,,,,,,,,,,,,,,,,,,20.399895999988075,20.399895999988075,20.399895999988075,22.39995580003597,22.39995580003597,042172,001,2023-08-25_15h16.14.929,Recognizability_SONA,2022.2.5,60.00153603704852,
Condition6.csv,berko,dan,berkodan,2,2_2.PNG,stems_all/2_2.PNG,0,0,0,0,0,5,5,13,,,,,,,,,,,,,,,,,,,,,,,,,,,,,,,,,,,,,,,,,,,,,,,,,,,,,,,,,,,,,,,,,22.649927699996624,22.649927699996624,22.649927699996624,24.6499794999836,24.6499794999836,042172,001,2023-08-25_15h16.14.929,Recognizability_SONA,2022.2.5,60.00153603704852,
Condition6.csv,osto,nem,ostonem,9,9_dim_sg.PNG,stems_all/9_dim_sg.PNG,0,0,0,0,0,6,6,8,,,,,,,,,,,,,,,,,,,,,,,,,,,,,,,,,,,,,,,,,,,,,,,,,,,,,,,,,,,,,,,,,24.899935800000094,24.899935800000094,24.899935800000094,26.90002150001237,26.90002150001237,042172,001,2023-08-25_15h16.14.929,Recognizability_SONA,2022.2.5,60.00153603704852,
Condition6.csv,kora,nem,koranem,3,3_dim_sg.PNG,stems_all/3_dim_sg.PNG,0,0,0,0,0,7,7,2,,,,,,,,,,,,,,,,,,,,,,,,,,,,,,,,,,,,,,,,,,,,,,,,,,,,,,,,,,,,,,,,,27.149984600022435,27.149984600022435,27.149984600022435,29.150090500013903,29.150090500013903,042172,001,2023-08-25_15h16.14.929,Recognizability_SONA,2022.2.5,60.00153603704852,
,,,,,,,,,,,,,,,,,,,,,,,,,,,,,,,,,,,,,,,,,,,,,,,,,,,,,,,,,,,,,,,,,,,,,,,,,,,,,,,29.40004089998547,29.40004089998547,29.40004089998547,31.400024700036738,31.400024700036738,,,,,,,
