﻿prod_label,file,prod_image1,prod_image2,prod_condition,alt_image1,alt_image2,demo_info.thisRepN,demo_info.thisTrialN,demo_info.thisN,demo_info.thisIndex,which_condition.thisRepN,which_condition.thisTrialN,which_condition.thisN,which_condition.thisIndex,production_block.thisRepN,production_block.thisTrialN,production_block.thisN,production_block.thisIndex,begin_text.started,key_resp_11.started,key_resp_11.keys,key_resp_11.rt,instructions_text.started,key_resp_4.started,key_resp_4.keys,key_resp_4.rt,experiment_start.started,experiment_start_resp.started,experiment_start_resp.keys,experiment_start_resp.rt,instr.started,key_resp_14.started,key_resp_14.keys,key_resp_14.rt,image_prod1.started,production_text.started,image_prod1.stopped,production_image.started,prod_resp.started,text_12.started,key_resp_15.started,image_2.started,alternate_image2.started,image_3.started,image_2.stopped,alternate_image2.stopped,image_3.stopped,prod_resp.text,key_resp_15.keys,key_resp_15.rt,participant,session,date,expName,psychopyVersion,frameRate,
,,,,,,,,,,,,,,,,,,,8.44325630000094,8.44325630000094,space,0.9055221000453457,,,,,,,,,,,,,,,,,,,,,,,,,,,,,053185,001,2023-08-26_17h36.58.483,Recognizability_SONA,2022.2.5,60.01892997491377,
,,,,,,,,,,,,,,,,,,,,,,,9.391890400031116,9.391890400031116,space,0.16695609997259453,,,,,,,,,,,,,,,,,,,,,,,,,053185,001,2023-08-26_17h36.58.483,Recognizability_SONA,2022.2.5,60.01892997491377,
,,,,,,,,,,,,,,,,,,,,,,,,,,,9.59188299998641,9.59188299998641,space,0.15698490000795573,,,,,,,,,,,,,,,,,,,,,053185,001,2023-08-26_17h36.58.483,Recognizability_SONA,2022.2.5,60.01892997491377,
,,,,,,,,,,,,,,,,,,,,,,,,,,,,,,,9.775181900011376,9.775181900011376,space,0.18273550004232675,,,,,,,,,,,,,,,,,053185,001,2023-08-26_17h36.58.483,Recognizability_SONA,2022.2.5,60.01892997491377,
shinti,14_dim_pl.PNG,stems_all/14.PNG,stems_all/14_dim_pl.PNG,novel,stems_all/14_dim_sg.PNG,stems_all/14_2.PNG,,,,,,,,,0,0,0,10,,,,,,,,,,,,,,,,,10.025212000007741,10.058593199995812,10.1252339000348,10.158559400006197,10.158559400006197,10.158559400006197,10.158559400006197,10.158559400006197,10.158559400006197,10.158559400006197,10.358572500001173,10.358572500001173,10.358572500001173,"shindan
",space,20.342046100005973,053185,001,2023-08-26_17h36.58.483,Recognizability_SONA,2022.2.5,60.01892997491377,
kora,3_dim_sg.PNG,stems_all/3.PNG,stems_all/3_dim_sg.PNG,familiar,stems_all/3_dim_pl.PNG,stems_all/3_2.PNG,,,,,,,,,0,1,1,2,,,,,,,,,,,,,,,,,30.54208290000679,30.60882170003606,30.642077900003642,30.70874289999483,30.70874289999483,30.70874289999483,30.70874289999483,30.70874289999483,30.70874289999483,30.70874289999483,30.90878130000783,30.90878130000783,30.90878130000783,koradan,space,13.248907700006384,053185,001,2023-08-26_17h36.58.483,Recognizability_SONA,2022.2.5,60.01892997491377,
,,,,,,,,,,,,,,,,,,,,,,,,,,,,,,,,,,,44.008924400026444,44.05890400003409,44.10895540000638,44.1589418000076,44.1589418000076,44.1589418000076,44.1589418000076,44.1589418000076,44.1589418000076,44.1589418000076,44.35891740000807,44.35891740000807,44.35891740000807,,,,,,,,,,
