﻿select_condition,stem,suffix,label,stem_filename,file,filepath,image_size,demo_info.thisRepN,demo_info.thisTrialN,demo_info.thisN,demo_info.thisIndex,pretraining_plus_test.thisRepN,pretraining_plus_test.thisTrialN,pretraining_plus_test.thisN,pretraining_plus_test.thisIndex,which_condition.thisRepN,which_condition.thisTrialN,which_condition.thisN,which_condition.thisIndex,training_block.thisRepN,training_block.thisTrialN,training_block.thisN,training_block.thisIndex,pretraining,condition,begin_text.started,key_resp_11.started,key_resp_11.keys,key_resp_11.rt,consent_image.started,text_10.started,consent_resp.started,consent_resp.keys,consent_resp.rt,demographic_instr.started,text_9.started,key_resp_3.started,key_resp_3.keys,key_resp_3.rt,age_text.started,textbox.started,key_resp_5.started,text_3.started,textbox.text,key_resp_5.keys,key_resp_5.rt,age_text_2.started,textbox_2.started,key_resp_6.started,text_4.started,textbox_2.text,key_resp_6.keys,key_resp_6.rt,age_text_3.started,textbox_3.started,key_resp_7.started,text_5.started,textbox_3.text,key_resp_7.keys,key_resp_7.rt,age_text_5.started,textbox_5.started,key_resp_9.started,text_7.started,textbox_5.text,key_resp_9.keys,key_resp_9.rt,age_text_6.started,textbox_6.started,key_resp_10.started,text_8.started,textbox_6.text,key_resp_10.keys,key_resp_10.rt,age_text_4.started,textbox_4.started,key_resp_8.started,text_6.started,textbox_4.text,key_resp_8.keys,key_resp_8.rt,instructions_text.started,key_resp_4.started,key_resp_4.keys,key_resp_4.rt,experiment_start.started,experiment_start_resp.started,experiment_start_resp.keys,experiment_start_resp.rt,image.started,text_11.started,textbox_7.started,key_resp_18.started,textbox_7.text,key_resp_18.keys,key_resp_18.rt,image_8.started,text_17.started,textbox_8.started,image_8.stopped,text_17.stopped,textbox_8.stopped,participant,session,date,expName,psychopyVersion,frameRate,
,,,,,,,,,,,,,,,,,,,,,,,,0,5,8.814750300021842,8.814750300021842,space,0.8575366999721155,,,,,,,,,,,,,,,,,,,,,,,,,,,,,,,,,,,,,,,,,,,,,,,,,,,,,,,,,,,,,,,,,,,,,,,,,,077968,001,2023-09-26_16h11.36.200,generalizability,2022.2.5,60.009349430028465,
,,,,,,,,0,0,0,0,,,,,,,,,,,,,,,,,,,9.697091599926353,9.697091599926353,9.697091599926353,space,0.4543028000043705,10.197114399983548,10.197114399983548,10.197114399983548,space,0.6384299999335781,10.863734900020063,10.863734900020063,10.863734900020063,10.863734900020063, ,return,1.292107000015676,12.180448499973863,12.180448499973863,12.180448499973863,12.180448499973863,"
\
",return,0.2835880999919027,12.497137199970894,12.497137199970894,12.497137199970894,12.497137199970894,"
",return,0.4668928999453783,12.997119899955578,12.997119899955578,12.997119899955578,12.997119899955578,,return,0.18195999995805323,13.197101500001736,13.197101500001736,13.197101500001736,13.197101500001736,"
",return,0.15600740001536906,13.380445400020108,13.380445400020108,13.380445400020108,13.380445400020108,"
",return,0.13868690002709627,,,,,,,,,,,,,,,,,,,,,,077968,001,2023-09-26_16h11.36.200,generalizability,2022.2.5,60.009349430028465,
,,,,,,,,,,,,,,,,,,,,,,,,,,,,,,,,,,,,,,,,,,,,,,,,,,,,,,,,,,,,,,,,,,,,,,,,,,,,,,,,,,13.563792299944907,13.563792299944907,space,0.9585744000505656,,,,,,,,,,,,,,,,,,077968,001,2023-09-26_16h11.36.200,generalizability,2022.2.5,60.009349430028465,
,,,,,,,,,,,,,,,,,,,,,,,,,,,,,,,,,,,,,,,,,,,,,,,,,,,,,,,,,,,,,,,,,,,,,,,,,,,,,,,,,,,,,,14.54715999995824,14.54715999995824,space,0.8083961000666022,,,,,,,,,,,,,,077968,001,2023-09-26_16h11.36.200,generalizability,2022.2.5,60.009349430028465,
Condition5.csv,bal,shoon,balshoon,1,1_dim_sg.PNG,stems_all/1_dim_sg.PNG,"[0.2, 0.2]",,,,,,,,,0,0,0,0,0,0,0,18,,,,,,,,,,,,,,,,,,,,,,,,,,,,,,,,,,,,,,,,,,,,,,,,,,,,,,,,,,,,,,,,,,,15.614021599991247,15.863892399938777,15.863892399938777,15.863892399938777,balshoon,n,1.6221355999587104,17.53052829997614,17.53052829997614,17.53052829997614,18.56382009992376,18.56382009992376,18.56382009992376,077968,001,2023-09-26_16h11.36.200,generalizability,2022.2.5,60.009349430028465,
Condition5.csv,kora,dan,koradan,3,1_2.PNG,stems_all/1_2.PNG,"[0.35, 0.35]",,,,,,,,,0,0,0,0,0,1,1,14,,,,,,,,,,,,,,,,,,,,,,,,,,,,,,,,,,,,,,,,,,,,,,,,,,,,,,,,,,,,,,,,,,,18.763860199949704,19.03050200000871,19.03050200000871,19.03050200000871,koradan,n,1.105133399949409,20.18058879999444,20.18058879999444,20.18058879999444,21.1805699999677,21.1805699999677,21.1805699999677,077968,001,2023-09-26_16h11.36.200,generalizability,2022.2.5,60.009349430028465,
,,,,,,,,,,,,,,,,,,,,,,,,,,,,,,,,,,,,,,,,,,,,,,,,,,,,,,,,,,,,,,,,,,,,,,,,,,,,,,,,,,,,,,,,,,21.413888599956408,,,,,,,,,,,,,,,,,,,
