﻿stem,label,filepath,image_size,demo_info.thisRepN,demo_info.thisTrialN,demo_info.thisN,demo_info.thisIndex,pretraining_plus_test.thisRepN,pretraining_plus_test.thisTrialN,pretraining_plus_test.thisN,pretraining_plus_test.thisIndex,pretraining_loop.thisRepN,pretraining_loop.thisTrialN,pretraining_loop.thisN,pretraining_loop.thisIndex,pretraining,condition,begin_text.started,key_resp_11.started,key_resp_11.keys,key_resp_11.rt,consent_image.started,text_10.started,consent_resp.started,consent_resp.keys,consent_resp.rt,demographic_instr.started,text_9.started,key_resp_3.started,key_resp_3.keys,key_resp_3.rt,age_text.started,textbox.started,key_resp_5.started,text_3.started,textbox.text,key_resp_5.keys,key_resp_5.rt,age_text_5.started,textbox_5.started,key_resp_9.started,text_7.started,textbox_5.text,key_resp_9.keys,key_resp_9.rt,age_text_6.started,textbox_6.started,key_resp_10.started,text_8.started,textbox_6.text,key_resp_10.keys,key_resp_10.rt,instructions_text.started,key_resp_4.started,key_resp_4.keys,key_resp_4.rt,experiment_start.started,experiment_start_resp.started,experiment_start_resp.keys,experiment_start_resp.rt,text_23.started,key_resp_24.started,key_resp_24.keys,key_resp_24.rt,image_5.started,text_16.started,text_19.started,textbox_9.started,key_resp_20.started,textbox_9.text,key_resp_20.keys,key_resp_20.rt,image_4.started,text_18.started,textbox_12.started,image_4.stopped,text_18.stopped,textbox_12.stopped,participant,session,date,expName,psychopyVersion,frameRate,
,,,,,,,,,,,,,,,,0,4,16.39210469997488,16.39210469997488,space,1.1368368999101222,,,,,,,,,,,,,,,,,,,,,,,,,,,,,,,,,,,,,,,,,,,,,,,,,,,,,,,,,,089728,001,2023-10-05_00h51.20.278,generalizability,2022.2.5,59.97864755060323,
,,,,0,0,0,0,,,,,,,,,,,,,,,17.55733840004541,17.55733840004541,17.55733840004541,space,0.4786902996711433,18.07400120003149,18.07400120003149,18.07400120003149,space,0.2890956997871399,18.390646199928597,18.390646199928597,18.390646199928597,18.390646199928597, ,return,0.5425865999422967,18.95736140012741,18.95736140012741,18.95736140012741,18.95736140012741,"
",return,0.16590779996477067,19.140668200096115,19.140668200096115,19.140668200096115,19.140668200096115,"
",return,0.17263399995863438,,,,,,,,,,,,,,,,,,,,,,,,,,,089728,001,2023-10-05_00h51.20.278,generalizability,2022.2.5,59.97864755060323,
,,,,,,,,,,,,,,,,,,,,,,,,,,,,,,,,,,,,,,,,,,,,,,,,,,,,,19.357356500113383,19.357356500113383,return,0.1340034999884665,,,,,,,,,,,,,,,,,,,,,,,089728,001,2023-10-05_00h51.20.278,generalizability,2022.2.5,59.97864755060323,
,,,,,,,,,,,,,,,,,,,,,,,,,,,,,,,,,,,,,,,,,,,,,,,,,,,,,,,,,19.52403590013273,19.52403590013273,return,0.711495999712497,,,,,,,,,,,,,,,,,,,089728,001,2023-10-05_00h51.20.278,generalizability,2022.2.5,59.97864755060323,
nako,nako,stems_all/4.PNG,"[0.35, 0.35]",,,,,0,0,0,0,0,0,0,3,,,,,,,,,,,,,,,,,,,,,,,,,,,,,,,,,,,,,,,,,,,,,,20.25737000000663,20.25737000000663,return,1.0353925998788327,21.32402759999968,21.32402759999968,22.807411500019953,22.807411500019953,22.807411500019953,nako,return,4.445716599933803,27.274136000080034,27.274136000080034,27.274136000080034,28.274144500028342,28.274144500028342,28.274144500028342,089728,001,2023-10-05_00h51.20.278,generalizability,2022.2.5,59.97864755060323,
vorke,vorke,stems_all/10.PNG,"[0.35, 0.35]",,,,,0,0,0,0,0,1,1,9,,,,,,,,,,,,,,,,,,,,,,,,,,,,,,,,,,,,,,,,,,,,,,,,,,28.274144500028342,28.274144500028342,29.524306300096214,29.524306300096214,29.524306300096214,vorke,return,2.219833199866116,31.774236400146037,31.774236400146037,31.774236400146037,32.77420699992217,32.77420699992217,32.77420699992217,089728,001,2023-10-05_00h51.20.278,generalizability,2022.2.5,59.97864755060323,
,,,,,,,,,,,,,,,,,,,,,,,,,,,,,,,,,,,,,,,,,,,,,,,,,,,,,,,,,,,,,,,,,32.77420699992217,32.77420699992217,,,,,,,,,,,,,,,,,,,
