﻿demo_info.thisRepN,demo_info.thisTrialN,demo_info.thisN,demo_info.thisIndex,pretraining_plus_test.thisRepN,pretraining_plus_test.thisTrialN,pretraining_plus_test.thisN,pretraining_plus_test.thisIndex,which_condition.thisRepN,which_condition.thisTrialN,which_condition.thisN,which_condition.thisIndex,production_block.thisRepN,production_block.thisTrialN,production_block.thisN,production_block.thisIndex,pretraining,condition,begin_text.started,key_resp_11.started,key_resp_11.keys,key_resp_11.rt,instructions_text.started,key_resp_4.started,key_resp_4.keys,key_resp_4.rt,experiment_start.started,experiment_start_resp.started,experiment_start_resp.keys,experiment_start_resp.rt,instr.started,key_resp_14.started,key_resp_14.keys,key_resp_14.rt,text_13.started,key_resp_17.started,participant,session,date,expName,psychopyVersion,frameRate,
,,,,,,,,,,,,,,,,100,1,8.451557900058106,8.451557900058106,space,0.6323683999944478,,,,,,,,,,,,,,,099625,001,2023-10-04_19h01.48.436,generalizability,2022.2.5,60.055262840200314,
,,,,,,,,,,,,,,,,,,,,,,9.117596700089052,9.117596700089052,return,1.0055361001286656,,,,,,,,,,,099625,001,2023-10-04_19h01.48.436,generalizability,2022.2.5,60.055262840200314,
,,,,,,,,,,,,,,,,,,,,,,,,,,10.150532699888572,10.150532699888572,return,0.6397582998033613,,,,,,,099625,001,2023-10-04_19h01.48.436,generalizability,2022.2.5,60.055262840200314,
,,,,,,,,,,,,,,,,,,,,,,,,,,,,,,10.817201799945906,10.817201799945906,return,0.6562375000212342,,,099625,001,2023-10-04_19h01.48.436,generalizability,2022.2.5,60.055262840200314,
,,,,,,,,,,,,,,,,,,,,,,,,,,,,,,,,,,11.500571700045839,11.500571700045839,,,,,,,
