﻿begin_text.started,key_resp_11.started,key_resp_11.keys,key_resp_11.rt,consent_image.started,text_10.started,consent_resp.started,consent_resp.keys,consent_resp.rt,demographic_instr.started,text_9.started,key_resp_3.started,key_resp_3.keys,key_resp_3.rt,age_text.started,textbox.started,key_resp_5.started,text_3.started,textbox.text,key_resp_5.keys,key_resp_5.rt,age_text_2.started,textbox_2.started,key_resp_6.started,text_4.started,textbox_2.text,key_resp_6.keys,key_resp_6.rt,age_text_3.started,textbox_3.started,key_resp_7.started,text_5.started,textbox_3.text,key_resp_7.keys,key_resp_7.rt,age_text_5.started,textbox_5.started,key_resp_9.started,text_7.started,textbox_5.text,key_resp_9.keys,key_resp_9.rt,age_text_6.started,textbox_6.started,key_resp_10.started,text_8.started,textbox_6.text,key_resp_10.keys,key_resp_10.rt,age_text_4.started,textbox_4.started,key_resp_8.started,text_6.started,textbox_4.text,key_resp_8.keys,key_resp_8.rt,instructions_text.started,key_resp_4.started,key_resp_4.keys,key_resp_4.rt,experiment_start.started,experiment_start_resp.started,experiment_start_resp.keys,experiment_start_resp.rt,participant,session,date,expName,psychopyVersion,frameRate,
7.905938200012315,7.905938200012315,space,1.0079616999719292,,,,,,,,,,,,,,,,,,,,,,,,,,,,,,,,,,,,,,,,,,,,,,,,,,,,,,,,,,,,,152901,001,2023-08-25_14h51.17.057,Recognizability_SONA,2022.2.5,59.539367741150116,
,,,,8.938571300008334,8.938571300008334,8.938571300008334,space,0.3764717999729328,,,,,,,,,,,,,,,,,,,,,,,,,,,,,,,,,,,,,,,,,,,,,,,,,,,,,,,,152901,001,2023-08-25_14h51.17.057,Recognizability_SONA,2022.2.5,59.539367741150116,
,,,,,,,,,9.355261099990457,9.355261099990457,9.355261099990457,space,0.44782739999936894,,,,,,,,,,,,,,,,,,,,,,,,,,,,,,,,,,,,,,,,,,,,,,,,,,,152901,001,2023-08-25_14h51.17.057,Recognizability_SONA,2022.2.5,59.539367741150116,
,,,,,,,,,,,,,,9.821926300006453,9.821926300006453,9.821926300006453,9.821926300006453, ,tab,0.34424399997806177,,,,,,,,,,,,,,,,,,,,,,,,,,,,,,,,,,,,,,,,,,,,152901,001,2023-08-25_14h51.17.057,Recognizability_SONA,2022.2.5,59.539367741150116,
,,,,,,,,,,,,,,,,,,,,,10.188597000029404,10.188597000029404,10.188597000029404,10.188597000029404,,tab,0.15662230004090816,,,,,,,,,,,,,,,,,,,,,,,,,,,,,,,,,,,,,152901,001,2023-08-25_14h51.17.057,Recognizability_SONA,2022.2.5,59.539367741150116,
,,,,,,,,,,,,,,,,,,,,,,,,,,,,10.371946799976286,10.371946799976286,10.371946799976286,10.371946799976286,,tab,0.12329929997213185,,,,,,,,,,,,,,,,,,,,,,,,,,,,,,152901,001,2023-08-25_14h51.17.057,Recognizability_SONA,2022.2.5,59.539367741150116,
,,,,,,,,,,,,,,,,,,,,,,,,,,,,,,,,,,,10.521935899974778,10.521935899974778,10.521935899974778,10.521935899974778,,tab,0.12834330002078786,,,,,,,,,,,,,,,,,,,,,,,152901,001,2023-08-25_14h51.17.057,Recognizability_SONA,2022.2.5,59.539367741150116,
,,,,,,,,,,,,,,,,,,,,,,,,,,,,,,,,,,,,,,,,,,10.671949199982919,10.671949199982919,10.671949199982919,10.671949199982919,,tab,0.141374500002712,,,,,,,,,,,,,,,,152901,001,2023-08-25_14h51.17.057,Recognizability_SONA,2022.2.5,59.539367741150116,
,,,,,,,,,,,,,,,,,,,,,,,,,,,,,,,,,,,,,,,,,,,,,,,,,10.83861119998619,10.83861119998619,10.83861119998619,10.83861119998619,,tab,0.33379950001835823,,,,,,,,,152901,001,2023-08-25_14h51.17.057,Recognizability_SONA,2022.2.5,59.539367741150116,
,,,,,,,,,,,,,,,,,,,,,,,,,,,,,,,,,,,,,,,,,,,,,,,,,,,,,,,,11.205241599993315,11.205241599993315,space,0.6243365000118501,,,,,152901,001,2023-08-25_14h51.17.057,Recognizability_SONA,2022.2.5,59.539367741150116,
,,,,,,,,,,,,,,,,,,,,,,,,,,,,,,,,,,,,,,,,,,,,,,,,,,,,,,,,,,,,11.855289399973117,11.855289399973117,space,0.557394600007683,152901,001,2023-08-25_14h51.17.057,Recognizability_SONA,2022.2.5,59.539367741150116,
