﻿demo_info.thisRepN,demo_info.thisTrialN,demo_info.thisN,demo_info.thisIndex,which_condition.thisRepN,which_condition.thisTrialN,which_condition.thisN,which_condition.thisIndex,begin_text.started,key_resp_11.started,key_resp_11.keys,key_resp_11.rt,instructions_text.started,key_resp_4.started,key_resp_4.keys,key_resp_4.rt,experiment_start.started,experiment_start_resp.started,experiment_start_resp.keys,experiment_start_resp.rt,instr.started,key_resp_14.started,participant,session,date,expName,psychopyVersion,frameRate,
,,,,,,,,11.999964399961755,11.999964399961755,space,0.7684682999970391,,,,,,,,,,,166563,001,2023-09-21_14h20.08.168,Recognizability_SONA,2022.2.5,59.99962798550417,
,,,,,,,,,,,,12.815837700036354,12.815837700036354,space,1.3168916999129578,,,,,,,166563,001,2023-09-21_14h20.08.168,Recognizability_SONA,2022.2.5,59.99962798550417,
,,,,,,,,,,,,,,,,14.14928809995763,14.14928809995763,space,1.3957555000670254,,,166563,001,2023-09-21_14h20.08.168,Recognizability_SONA,2022.2.5,59.99962798550417,
,,,,,,,,,,,,,,,,,,,,15.565844399970956,15.565844399970956,,,,,,,
