﻿select_condition,stem,suffix,label,stem_filename,file,filepath,which_condition.thisRepN,which_condition.thisTrialN,which_condition.thisN,which_condition.thisIndex,training_block.thisRepN,training_block.thisTrialN,training_block.thisN,training_block.thisIndex,begin_text.started,key_resp_11.started,key_resp_11.keys,key_resp_11.rt,consent_image.started,text_10.started,consent_resp.started,consent_resp.keys,consent_resp.rt,demographic_instr.started,text_9.started,key_resp_3.started,key_resp_3.keys,key_resp_3.rt,age_text.started,textbox.started,key_resp_5.started,text_3.started,textbox.text,key_resp_5.keys,key_resp_5.rt,age_text_2.started,textbox_2.started,key_resp_6.started,text_4.started,textbox_2.text,key_resp_6.keys,key_resp_6.rt,age_text_3.started,textbox_3.started,key_resp_7.started,text_5.started,textbox_3.text,key_resp_7.keys,key_resp_7.rt,age_text_5.started,textbox_5.started,key_resp_9.started,text_7.started,textbox_5.text,key_resp_9.keys,key_resp_9.rt,age_text_6.started,textbox_6.started,key_resp_10.started,text_8.started,textbox_6.text,key_resp_10.keys,key_resp_10.rt,age_text_4.started,textbox_4.started,key_resp_8.started,text_6.started,textbox_4.text,key_resp_8.keys,key_resp_8.rt,instructions_text.started,key_resp_4.started,key_resp_4.keys,key_resp_4.rt,experiment_start.started,experiment_start_resp.started,experiment_start_resp.keys,experiment_start_resp.rt,image.started,text_11.started,participant,session,date,expName,psychopyVersion,frameRate,
,,,,,,,,,,,,,,,8.234362100018188,8.234362100018188,space,0.7701041999971494,,,,,,,,,,,,,,,,,,,,,,,,,,,,,,,,,,,,,,,,,,,,,,,,,,,,,,,,,,,,,,,175214,001,2023-08-25_15h11.25.282,Recognizability_SONA,2022.2.5,60.73821221692237,
,,,,,,,,,,,,,,,,,,,9.033214600000065,9.033214600000065,9.033214600000065,space,1.3161684999940917,,,,,,,,,,,,,,,,,,,,,,,,,,,,,,,,,,,,,,,,,,,,,,,,,,,,,,,,,,175214,001,2023-08-25_15h11.25.282,Recognizability_SONA,2022.2.5,60.73821221692237,
,,,,,,,,,,,,,,,,,,,,,,,,10.383222400036175,10.383222400036175,10.383222400036175,space,0.5501737000304274,,,,,,,,,,,,,,,,,,,,,,,,,,,,,,,,,,,,,,,,,,,,,,,,,,,,,175214,001,2023-08-25_15h11.25.282,Recognizability_SONA,2022.2.5,60.73821221692237,
,,,,,,,,,,,,,,,,,,,,,,,,,,,,,10.966570299991872,10.966570299991872,10.966570299991872,10.966570299991872,,tab,0.5999385000322945,,,,,,,,,,,,,,,,,,,,,,,,,,,,,,,,,,,,,,,,,,,,,,175214,001,2023-08-25_15h11.25.282,Recognizability_SONA,2022.2.5,60.73821221692237,
,,,,,,,,,,,,,,,,,,,,,,,,,,,,,,,,,,,,11.58327050000662,11.58327050000662,11.58327050000662,11.58327050000662,,tab,0.26330350001808256,,,,,,,,,,,,,,,,,,,,,,,,,,,,,,,,,,,,,,,175214,001,2023-08-25_15h11.25.282,Recognizability_SONA,2022.2.5,60.73821221692237,
,,,,,,,,,,,,,,,,,,,,,,,,,,,,,,,,,,,,,,,,,,,11.86654760001693,11.86654760001693,11.86654760001693,11.86654760001693,,tab,0.2810938999755308,,,,,,,,,,,,,,,,,,,,,,,,,,,,,,,,175214,001,2023-08-25_15h11.25.282,Recognizability_SONA,2022.2.5,60.73821221692237,
,,,,,,,,,,,,,,,,,,,,,,,,,,,,,,,,,,,,,,,,,,,,,,,,,,12.166561100049876,12.166561100049876,12.166561100049876,12.166561100049876,,tab,0.3811777000082657,,,,,,,,,,,,,,,,,,,,,,,,,175214,001,2023-08-25_15h11.25.282,Recognizability_SONA,2022.2.5,60.73821221692237,
,,,,,,,,,,,,,,,,,,,,,,,,,,,,,,,,,,,,,,,,,,,,,,,,,,,,,,,,,12.56661790004,12.56661790004,12.56661790004,12.56661790004,,tab,0.44522009999491274,,,,,,,,,,,,,,,,,,175214,001,2023-08-25_15h11.25.282,Recognizability_SONA,2022.2.5,60.73821221692237,
,,,,,,,,,,,,,,,,,,,,,,,,,,,,,,,,,,,,,,,,,,,,,,,,,,,,,,,,,,,,,,,,13.033257100032642,13.033257100032642,13.033257100032642,13.033257100032642,,tab,0.4046521999989636,,,,,,,,,,,175214,001,2023-08-25_15h11.25.282,Recognizability_SONA,2022.2.5,60.73821221692237,
,,,,,,,,,,,,,,,,,,,,,,,,,,,,,,,,,,,,,,,,,,,,,,,,,,,,,,,,,,,,,,,,,,,,,,,13.466611200012267,13.466611200012267,space,2.0588286999845877,,,,,,,175214,001,2023-08-25_15h11.25.282,Recognizability_SONA,2022.2.5,60.73821221692237,
,,,,,,,,,,,,,,,,,,,,,,,,,,,,,,,,,,,,,,,,,,,,,,,,,,,,,,,,,,,,,,,,,,,,,,,,,,,15.549966700025834,15.549966700025834,space,0.9186645000008866,,,175214,001,2023-08-25_15h11.25.282,Recognizability_SONA,2022.2.5,60.73821221692237,
Condition3.csv,nako,dan,nakodan,4,4_2.PNG,stems_all/4_2.PNG,0,0,0,0,0,0,0,3,,,,,,,,,,,,,,,,,,,,,,,,,,,,,,,,,,,,,,,,,,,,,,,,,,,,,,,,,,,,,,,,,16.516651700017974,16.516651700017974,175214,001,2023-08-25_15h11.25.282,Recognizability_SONA,2022.2.5,60.73821221692237,
Condition3.csv,vorke,dan,vorkedan,10,10_2.PNG,stems_all/10_2.PNG,0,0,0,0,0,1,1,9,,,,,,,,,,,,,,,,,,,,,,,,,,,,,,,,,,,,,,,,,,,,,,,,,,,,,,,,,,,,,,,,,18.516621900023893,18.516621900023893,175214,001,2023-08-25_15h11.25.282,Recognizability_SONA,2022.2.5,60.73821221692237,
Condition3.csv,osto,dan,ostodan,9,9_2.PNG,stems_all/9_2.PNG,0,0,0,0,0,2,2,8,,,,,,,,,,,,,,,,,,,,,,,,,,,,,,,,,,,,,,,,,,,,,,,,,,,,,,,,,,,,,,,,,20.516648899996653,20.516648899996653,175214,001,2023-08-25_15h11.25.282,Recognizability_SONA,2022.2.5,60.73821221692237,
Condition3.csv,bal,dan,baldan,1,1_2.PNG,stems_all/1_2.PNG,0,0,0,0,0,3,3,0,,,,,,,,,,,,,,,,,,,,,,,,,,,,,,,,,,,,,,,,,,,,,,,,,,,,,,,,,,,,,,,,,22.516662800044287,22.516662800044287,175214,001,2023-08-25_15h11.25.282,Recognizability_SONA,2022.2.5,60.73821221692237,
Condition3.csv,chool,dan,chooldan,7,7_2.PNG,stems_all/7_2.PNG,0,0,0,0,0,4,4,6,,,,,,,,,,,,,,,,,,,,,,,,,,,,,,,,,,,,,,,,,,,,,,,,,,,,,,,,,,,,,,,,,24.533561400021426,24.533561400021426,175214,001,2023-08-25_15h11.25.282,Recognizability_SONA,2022.2.5,60.73821221692237,
Condition3.csv,bin,dan,bindan,11,11_2.PNG,stems_all/11_2.PNG,0,0,0,0,0,5,5,10,,,,,,,,,,,,,,,,,,,,,,,,,,,,,,,,,,,,,,,,,,,,,,,,,,,,,,,,,,,,,,,,,26.533650600002147,26.533650600002147,175214,001,2023-08-25_15h11.25.282,Recognizability_SONA,2022.2.5,60.73821221692237,
Condition3.csv,bal,shoon,balshoon,1,1_dim_sg.PNG,stems_all/1_dim_sg.PNG,0,0,0,0,0,6,6,18,,,,,,,,,,,,,,,,,,,,,,,,,,,,,,,,,,,,,,,,,,,,,,,,,,,,,,,,,,,,,,,,,28.516791900037788,28.516791900037788,175214,001,2023-08-25_15h11.25.282,Recognizability_SONA,2022.2.5,60.73821221692237,
Condition3.csv,berko,sil,berkosil,2,2_2.PNG,stems_all/2_2.PNG,0,0,0,0,0,7,7,16,,,,,,,,,,,,,,,,,,,,,,,,,,,,,,,,,,,,,,,,,,,,,,,,,,,,,,,,,,,,,,,,,30.51677640003618,30.51677640003618,175214,001,2023-08-25_15h11.25.282,Recognizability_SONA,2022.2.5,60.73821221692237,
Condition3.csv,mero,dan,merodan,12,12_2.PNG,stems_all/12_2.PNG,0,0,0,0,0,8,8,11,,,,,,,,,,,,,,,,,,,,,,,,,,,,,,,,,,,,,,,,,,,,,,,,,,,,,,,,,,,,,,,,,32.51683890004642,32.51683890004642,175214,001,2023-08-25_15h11.25.282,Recognizability_SONA,2022.2.5,60.73821221692237,
Condition3.csv,bal,sil,balsil,1,1_2.PNG,stems_all/1_2.PNG,0,0,0,0,0,9,9,15,,,,,,,,,,,,,,,,,,,,,,,,,,,,,,,,,,,,,,,,,,,,,,,,,,,,,,,,,,,,,,,,,34.51681280002231,34.51681280002231,175214,001,2023-08-25_15h11.25.282,Recognizability_SONA,2022.2.5,60.73821221692237,
Condition3.csv,pipa,dan,pipadan,5,5_2.PNG,stems_all/5_2.PNG,0,0,0,0,0,10,10,4,,,,,,,,,,,,,,,,,,,,,,,,,,,,,,,,,,,,,,,,,,,,,,,,,,,,,,,,,,,,,,,,,36.51683080004295,36.51683080004295,175214,001,2023-08-25_15h11.25.282,Recognizability_SONA,2022.2.5,60.73821221692237,
Condition3.csv,bani,dan,banidan,6,6_2.PNG,stems_all/6_2.PNG,0,0,0,0,0,11,11,5,,,,,,,,,,,,,,,,,,,,,,,,,,,,,,,,,,,,,,,,,,,,,,,,,,,,,,,,,,,,,,,,,38.51691520004533,38.51691520004533,175214,001,2023-08-25_15h11.25.282,Recognizability_SONA,2022.2.5,60.73821221692237,
Condition3.csv,kora,shoon,korashoon,3,3_dim_sg.PNG,stems_all/3_dim_sg.PNG,0,0,0,0,0,12,12,20,,,,,,,,,,,,,,,,,,,,,,,,,,,,,,,,,,,,,,,,,,,,,,,,,,,,,,,,,,,,,,,,,40.51688510004897,40.51688510004897,175214,001,2023-08-25_15h11.25.282,Recognizability_SONA,2022.2.5,60.73821221692237,
Condition3.csv,berko,shoon,berkoshoon,2,2_dim_sg.PNG,stems_all/2_dim_sg.PNG,0,0,0,0,0,13,13,19,,,,,,,,,,,,,,,,,,,,,,,,,,,,,,,,,,,,,,,,,,,,,,,,,,,,,,,,,,,,,,,,,42.516911200014874,42.516911200014874,175214,001,2023-08-25_15h11.25.282,Recognizability_SONA,2022.2.5,60.73821221692237,
Condition3.csv,kudom,dan,kudomdan,8,8_2.PNG,stems_all/8_2.PNG,0,0,0,0,0,14,14,7,,,,,,,,,,,,,,,,,,,,,,,,,,,,,,,,,,,,,,,,,,,,,,,,,,,,,,,,,,,,,,,,,44.516922800044995,44.516922800044995,175214,001,2023-08-25_15h11.25.282,Recognizability_SONA,2022.2.5,60.73821221692237,
Condition3.csv,kora,dan,koradan,3,3_2.PNG,stems_all/3_2.PNG,0,0,0,0,0,15,15,2,,,,,,,,,,,,,,,,,,,,,,,,,,,,,,,,,,,,,,,,,,,,,,,,,,,,,,,,,,,,,,,,,46.50033110001823,46.50033110001823,175214,001,2023-08-25_15h11.25.282,Recognizability_SONA,2022.2.5,60.73821221692237,
Condition3.csv,berko,dan,berkodan,2,2_2.PNG,stems_all/2_2.PNG,0,0,0,0,0,16,16,1,,,,,,,,,,,,,,,,,,,,,,,,,,,,,,,,,,,,,,,,,,,,,,,,,,,,,,,,,,,,,,,,,48.50034650001908,48.50034650001908,175214,001,2023-08-25_15h11.25.282,Recognizability_SONA,2022.2.5,60.73821221692237,
Condition3.csv,kora,nem,koranem,3,3_dim_sg.PNG,stems_all/3_dim_sg.PNG,0,0,0,0,0,17,17,14,,,,,,,,,,,,,,,,,,,,,,,,,,,,,,,,,,,,,,,,,,,,,,,,,,,,,,,,,,,,,,,,,50.50039040000411,50.50039040000411,175214,001,2023-08-25_15h11.25.282,Recognizability_SONA,2022.2.5,60.73821221692237,
,,,,,,,,,,,,,,,,,,,,,,,,,,,,,,,,,,,,,,,,,,,,,,,,,,,,,,,,,,,,,,,,,,,,,,,,,,,,,,,52.5004075000179,52.5004075000179,,,,,,,
