﻿demo_info.thisRepN,demo_info.thisTrialN,demo_info.thisN,demo_info.thisIndex,pretraining_plus_test.thisRepN,pretraining_plus_test.thisTrialN,pretraining_plus_test.thisN,pretraining_plus_test.thisIndex,which_condition.thisRepN,which_condition.thisTrialN,which_condition.thisN,which_condition.thisIndex,pretraining,condition,begin_text.started,key_resp_11.started,key_resp_11.keys,key_resp_11.rt,instructions_text.started,key_resp_4.started,key_resp_4.keys,key_resp_4.rt,experiment_start.started,experiment_start_resp.started,experiment_start_resp.keys,experiment_start_resp.rt,instr.started,key_resp_14.started,participant,session,date,expName,psychopyVersion,frameRate,
,,,,,,,,,,,,0,3,8.904047400224954,8.904047400224954,space,1.2615141000133008,,,,,,,,,,,177383,001,2023-10-04_19h00.10.764,generalizability,2022.2.5,60.86597676103724,
,,,,,,,,,,,,,,,,,,10.203115500044078,10.203115500044078,return,3.1891591001767665,,,,,,,177383,001,2023-10-04_19h00.10.764,generalizability,2022.2.5,60.86597676103724,
,,,,,,,,,,,,,,,,,,,,,,13.419826800003648,13.419826800003648,return,1.021655699936673,,,177383,001,2023-10-04_19h00.10.764,generalizability,2022.2.5,60.86597676103724,
,,,,,,,,,,,,,,,,,,,,,,,,,,14.469935600180179,14.469935600180179,,,,,,,
