﻿select_condition,stem,suffix,label,stem_filename,file,filepath,image_size,demo_info.thisRepN,demo_info.thisTrialN,demo_info.thisN,demo_info.thisIndex,which_condition.thisRepN,which_condition.thisTrialN,which_condition.thisN,which_condition.thisIndex,training_block.thisRepN,training_block.thisTrialN,training_block.thisN,training_block.thisIndex,begin_text.started,key_resp_11.started,key_resp_11.keys,key_resp_11.rt,instructions_text.started,key_resp_4.started,key_resp_4.keys,key_resp_4.rt,experiment_start.started,experiment_start_resp.started,experiment_start_resp.keys,experiment_start_resp.rt,image.started,text_11.started,textbox_7.started,key_resp_18.started,text_17.started,textbox_7.text,key_resp_18.keys,key_resp_18.rt,participant,session,date,expName,psychopyVersion,frameRate,
,,,,,,,,,,,,,,,,,,,,8.447763100033626,8.447763100033626,space,0.8989802999421954,,,,,,,,,,,,,,,,,207629,001,2023-09-21_14h26.30.060,Recognizability_SONA,2022.2.5,60.0151117804815,
,,,,,,,,,,,,,,,,,,,,,,,,9.38018470001407,9.38018470001407,space,1.2088100999826565,,,,,,,,,,,,,207629,001,2023-09-21_14h26.30.060,Recognizability_SONA,2022.2.5,60.0151117804815,
,,,,,,,,,,,,,,,,,,,,,,,,,,,,10.613442200003192,10.613442200003192,space,0.2956281000515446,,,,,,,,,207629,001,2023-09-21_14h26.30.060,Recognizability_SONA,2022.2.5,60.0151117804815,
Condition1.csv,bal,dan,baldan,1,1_2.PNG,stems_all/1_2.PNG,"[0.35, 0.35]",,,,,0,0,0,0,0,0,0,0,,,,,,,,,,,,,11.163451200001873,11.163451200001873,11.163451200001873,11.163451200001873,11.163451200001873,baldan,return,5.783983099972829,207629,001,2023-09-21_14h26.30.060,Recognizability_SONA,2022.2.5,60.0151117804815,
,,,,,,,,,,,,,,,,,,,,,,,,,,,,,,,,18.330171999987215,18.330171999987215,18.330171999987215,18.330171999987215,18.330171999987215,,,,,,,,,,
