﻿select_condition,stem,suffix,label,stem_filename,file,filepath,image_size,demo_info.thisRepN,demo_info.thisTrialN,demo_info.thisN,demo_info.thisIndex,pretraining_plus_test.thisRepN,pretraining_plus_test.thisTrialN,pretraining_plus_test.thisN,pretraining_plus_test.thisIndex,which_condition.thisRepN,which_condition.thisTrialN,which_condition.thisN,which_condition.thisIndex,training_block.thisRepN,training_block.thisTrialN,training_block.thisN,training_block.thisIndex,pretraining,condition,begin_text.started,key_resp_11.started,key_resp_11.keys,key_resp_11.rt,consent_image.started,text_10.started,consent_resp.started,consent_resp.keys,consent_resp.rt,demographic_instr.started,text_9.started,key_resp_3.started,key_resp_3.keys,key_resp_3.rt,age_text.started,textbox.started,key_resp_5.started,text_3.started,textbox.text,key_resp_5.keys,key_resp_5.rt,age_text_2.started,textbox_2.started,key_resp_6.started,text_4.started,textbox_2.text,key_resp_6.keys,key_resp_6.rt,age_text_3.started,textbox_3.started,key_resp_7.started,text_5.started,textbox_3.text,key_resp_7.keys,key_resp_7.rt,age_text_5.started,textbox_5.started,key_resp_9.started,text_7.started,textbox_5.text,key_resp_9.keys,key_resp_9.rt,age_text_6.started,textbox_6.started,key_resp_10.started,text_8.started,textbox_6.text,key_resp_10.keys,key_resp_10.rt,age_text_4.started,textbox_4.started,key_resp_8.started,text_6.started,textbox_4.text,key_resp_8.keys,key_resp_8.rt,instructions_text.started,key_resp_4.started,key_resp_4.keys,key_resp_4.rt,experiment_start.started,experiment_start_resp.started,experiment_start_resp.keys,experiment_start_resp.rt,image.started,text_11.started,textbox_7.started,key_resp_18.started,textbox_7.text,key_resp_18.keys,key_resp_18.rt,image_8.started,text_17.started,textbox_8.started,image_8.stopped,text_17.stopped,textbox_8.stopped,text_25.started,text_25.stopped,participant,session,date,expName,psychopyVersion,frameRate,
,,,,,,,,,,,,,,,,,,,,,,,,0,6,8.591871300013736,8.591871300013736,space,0.3803864000365138,,,,,,,,,,,,,,,,,,,,,,,,,,,,,,,,,,,,,,,,,,,,,,,,,,,,,,,,,,,,,,,,,,,,,,,,,,,,275174,001,2023-09-27_11h33.41.165,generalizability,2022.2.5,59.98177755084678,
,,,,,,,,0,0,0,0,,,,,,,,,,,,,,,,,,,8.990983600029722,8.990983600029722,8.990983600029722,space,0.20629289979115129,9.240988800069317,9.240988800069317,9.240988800069317,space,0.2723884000442922,9.540932400152087,9.540932400152087,9.540932400152087,9.540932400152087,  ,return,0.5445578000508249,10.107622100040317,10.107622100040317,10.107622100040317,10.107622100040317,"
",return,0.159906700020656,10.290972999995574,10.290972999995574,10.290972999995574,10.290972999995574,"
",return,0.1425984997767955,10.457646800205112,10.457646800205112,10.457646800205112,10.457646800205112,"
",return,0.12896110001020133,10.607636700151488,10.607636700151488,10.607636700151488,10.607636700151488,"

",return,0.1170051998924464,10.757654200075194,10.757654200075194,10.757654200075194,10.757654200075194,,return,0.12502269982360303,,,,,,,,,,,,,,,,,,,,,,,,275174,001,2023-09-27_11h33.41.165,generalizability,2022.2.5,59.98177755084678,
,,,,,,,,,,,,,,,,,,,,,,,,,,,,,,,,,,,,,,,,,,,,,,,,,,,,,,,,,,,,,,,,,,,,,,,,,,,,,,,,,,10.924343400169164,10.924343400169164,space,0.4684448998887092,,,,,,,,,,,,,,,,,,,,275174,001,2023-09-27_11h33.41.165,generalizability,2022.2.5,59.98177755084678,
,,,,,,,,,,,,,,,,,,,,,,,,,,,,,,,,,,,,,,,,,,,,,,,,,,,,,,,,,,,,,,,,,,,,,,,,,,,,,,,,,,,,,,11.424328800057992,11.424328800057992,space,0.47757230000570416,,,,,,,,,,,,,,,,275174,001,2023-09-27_11h33.41.165,generalizability,2022.2.5,59.98177755084678,
Condition6.csv,mero,nem,meronem,12,12_dim_sg.PNG,stems_all/12_dim_sg.PNG,"[0.2, 0.2]",,,,,,,,,0,0,0,0,0,0,0,11,,,,,,,,,,,,,,,,,,,,,,,,,,,,,,,,,,,,,,,,,,,,,,,,,,,,,,,,,,,,,,,,,,,12.157668700208887,12.907642900012434,12.907642900012434,12.907642900012434,meronem,m,2.5280490999575704,15.474365200148895,15.474365200148895,15.474365200148895,16.474376800004393,16.474376800004393,16.474376800004393,16.474376800004393,17.225650100037456,275174,001,2023-09-27_11h33.41.165,generalizability,2022.2.5,59.98177755084678,
Condition6.csv,berko,shoon,berkoshoon,2,2_dim_sg.PNG,stems_all/2_dim_sg.PNG,"[0.2, 0.2]",,,,,,,,,0,0,0,0,0,1,1,19,,,,,,,,,,,,,,,,,,,,,,,,,,,,,,,,,,,,,,,,,,,,,,,,,,,,,,,,,,,,,,,,,,,17.457717300159857,18.2077130000107,18.2077130000107,18.2077130000107,berkoshoon,n,2.3121199999004602,20.557731200009584,20.557731200009584,20.557731200009584,21.557851300109178,21.557851300109178,21.557851300109178,21.557851300109178,22.30775020015426,275174,001,2023-09-27_11h33.41.165,generalizability,2022.2.5,59.98177755084678,
Condition6.csv,bal,shoon,balshoon,1,1_dim_sg.PNG,stems_all/1_dim_sg.PNG,"[0.2, 0.2]",,,,,,,,,0,0,0,0,0,2,2,18,,,,,,,,,,,,,,,,,,,,,,,,,,,,,,,,,,,,,,,,,,,,,,,,,,,,,,,,,,,,,,,,,,,22.54111470002681,23.291119600180537,23.291119600180537,23.291119600180537,balshoon,n,1.306626999983564,24.641108100069687,24.641108100069687,24.641108100069687,25.641228400170803,25.641228400170803,25.641228400170803,25.641228400170803,26.407797900028527,275174,001,2023-09-27_11h33.41.165,generalizability,2022.2.5,59.98177755084678,
Condition6.csv,berko,sil,berkosil,2,2_2.PNG,stems_all/2_2.PNG,"[0.35, 0.35]",,,,,,,,,0,0,0,0,0,3,3,16,,,,,,,,,,,,,,,,,,,,,,,,,,,,,,,,,,,,,,,,,,,,,,,,,,,,,,,,,,,,,,,,,,,26.624483900144696,27.374501600163057,27.374501600163057,27.374501600163057,berkosil,l,1.5362740999553353,28.957819000119343,28.957819000119343,28.957819000119343,29.957974300021306,29.957974300021306,29.957974300021306,29.957974300021306,30.74122070008889,275174,001,2023-09-27_11h33.41.165,generalizability,2022.2.5,59.98177755084678,
Condition6.csv,kudom,nem,kudomnem,8,8_dim_sg.PNG,stems_all/8_dim_sg.PNG,"[0.2, 0.2]",,,,,,,,,0,0,0,0,0,4,4,7,,,,,,,,,,,,,,,,,,,,,,,,,,,,,,,,,,,,,,,,,,,,,,,,,,,,,,,,,,,,,,,,,,,30.941206600051373,31.691221200162545,31.691221200162545,31.691221200162545,kudomnem,m,2.70274979993701,34.44120700005442,34.44120700005442,34.44120700005442,35.441246000118554,35.441246000118554,35.441246000118554,35.441246000118554,36.2080106001813,275174,001,2023-09-27_11h33.41.165,generalizability,2022.2.5,59.98177755084678,
Condition6.csv,kora,sil,korasil,3,3_2.PNG,stems_all/3_2.PNG,"[0.35, 0.35]",,,,,,,,,0,0,0,0,0,5,5,17,,,,,,,,,,,,,,,,,,,,,,,,,,,,,,,,,,,,,,,,,,,,,,,,,,,,,,,,,,,,,,,,,,,36.424595799995586,37.174607700202614,37.174607700202614,37.174607700202614,korasil,l,1.2352397998329252,38.44126390013844,38.44126390013844,38.44126390013844,39.44129420001991,39.44129420001991,39.44129420001991,39.44129420001991,40.20841970015317,275174,001,2023-09-27_11h33.41.165,generalizability,2022.2.5,59.98177755084678,
Condition6.csv,nako,nem,nakonem,4,4_dim_sg.PNG,stems_all/4_dim_sg.PNG,"[0.2, 0.2]",,,,,,,,,0,0,0,0,0,6,6,3,,,,,,,,,,,,,,,,,,,,,,,,,,,,,,,,,,,,,,,,,,,,,,,,,,,,,,,,,,,,,,,,,,,40.424606300191954,41.17466800007969,41.17466800007969,41.17466800007969,nakonem,m,1.3441343000158668,42.557975500123575,42.557975500123575,42.557975500123575,43.55802130000666,43.55802130000666,43.55802130000666,43.55802130000666,44.30798390018754,275174,001,2023-09-27_11h33.41.165,generalizability,2022.2.5,59.98177755084678,
Condition6.csv,kora,shoon,korashoon,3,3_dim_sg.PNG,stems_all/3_dim_sg.PNG,"[0.2, 0.2]",,,,,,,,,0,0,0,0,0,7,7,20,,,,,,,,,,,,,,,,,,,,,,,,,,,,,,,,,,,,,,,,,,,,,,,,,,,,,,,,,,,,,,,,,,,44.54135650000535,45.29137510014698,45.29137510014698,45.29137510014698,korashoon,n,1.8294765998143703,47.15802800003439,47.15802800003439,47.15802800003439,48.15824670018628,48.15824670018628,48.15824670018628,48.15824670018628,48.941646200139076,275174,001,2023-09-27_11h33.41.165,generalizability,2022.2.5,59.98177755084678,
Condition6.csv,vorke,nem,vorkenem,10,10_dim_sg.PNG,stems_all/10_dim_sg.PNG,"[0.2, 0.2]",,,,,,,,,0,0,0,0,0,8,8,9,,,,,,,,,,,,,,,,,,,,,,,,,,,,,,,,,,,,,,,,,,,,,,,,,,,,,,,,,,,,,,,,,,,49.14142250013538,49.891453500138596,49.891453500138596,49.891453500138596,vorkenem,m,2.13650369993411,52.074782700045034,52.074782700045034,52.074782700045034,53.07488800003193,53.07488800003193,53.07488800003193,53.07488800003193,53.82475760020316,275174,001,2023-09-27_11h33.41.165,generalizability,2022.2.5,59.98177755084678,
Condition6.csv,chool,nem,choolnem,7,7_dim_sg.PNG,stems_all/7_dim_sg.PNG,"[0.2, 0.2]",,,,,,,,,0,0,0,0,0,9,9,6,,,,,,,,,,,,,,,,,,,,,,,,,,,,,,,,,,,,,,,,,,,,,,,,,,,,,,,,,,,,,,,,,,,54.058179300045595,54.80818639998324,54.80818639998324,54.80818639998324,choolnem,m,2.4859540998004377,57.341473300009966,57.341473300009966,57.341473300009966,58.34166460018605,58.34166460018605,58.34166460018605,58.34166460018605,59.09150780015625,275174,001,2023-09-27_11h33.41.165,generalizability,2022.2.5,59.98177755084678,
Condition6.csv,kora,nem,koranem,3,3_dim_sg.PNG,stems_all/3_dim_sg.PNG,"[0.2, 0.2]",,,,,,,,,0,0,0,0,0,10,10,2,,,,,,,,,,,,,,,,,,,,,,,,,,,,,,,,,,,,,,,,,,,,,,,,,,,,,,,,,,,,,,,,,,,59.3248607001733,60.07484640018083,60.07484640018083,60.07484640018083,koranem,m,1.1291812998242676,61.241521400166675,61.241521400166675,61.241521400166675,62.241727200103924,62.241727200103924,62.241727200103924,62.241727200103924,63.008306900039315,275174,001,2023-09-27_11h33.41.165,generalizability,2022.2.5,59.98177755084678,
,,,,,,,,,,,,,,,,,,,,,,,,,,,,,,,,,,,,,,,,,,,,,,,,,,,,,,,,,,,,,,,,,,,,,,,,,,,,,,,,,,,,,,,,,,63.22495419997722,63.974921100074425,63.974921100074425,63.974921100074425,balsil,l,1.024983499897644,65.04155080020428,65.04155080020428,65.04155080020428,,,,,,,,,,,,
