﻿select_condition,stem,suffix,label,stem_filename,file,filepath,which_condition.thisRepN,which_condition.thisTrialN,which_condition.thisN,which_condition.thisIndex,training_block.thisRepN,training_block.thisTrialN,training_block.thisN,training_block.thisIndex,begin_text.started,key_resp_11.started,key_resp_11.keys,key_resp_11.rt,consent_image.started,text_10.started,consent_resp.started,consent_resp.keys,consent_resp.rt,demographic_instr.started,text_9.started,key_resp_3.started,key_resp_3.keys,key_resp_3.rt,age_text.started,textbox.started,key_resp_5.started,text_3.started,textbox.text,key_resp_5.keys,key_resp_5.rt,age_text_2.started,textbox_2.started,key_resp_6.started,text_4.started,textbox_2.text,key_resp_6.keys,key_resp_6.rt,age_text_3.started,textbox_3.started,key_resp_7.started,text_5.started,textbox_3.text,key_resp_7.keys,key_resp_7.rt,age_text_5.started,textbox_5.started,key_resp_9.started,text_7.started,textbox_5.text,key_resp_9.keys,key_resp_9.rt,age_text_6.started,textbox_6.started,key_resp_10.started,text_8.started,textbox_6.text,key_resp_10.keys,key_resp_10.rt,age_text_4.started,textbox_4.started,key_resp_8.started,text_6.started,textbox_4.text,key_resp_8.keys,key_resp_8.rt,instructions_text.started,key_resp_4.started,key_resp_4.keys,key_resp_4.rt,experiment_start.started,experiment_start_resp.started,experiment_start_resp.keys,experiment_start_resp.rt,image.started,text_11.started,image.stopped,text_11.stopped,participant,session,date,expName,psychopyVersion,frameRate,
,,,,,,,,,,,,,,,8.337308300018776,8.337308300018776,space,1.5537299999850802,,,,,,,,,,,,,,,,,,,,,,,,,,,,,,,,,,,,,,,,,,,,,,,,,,,,,,,,,,,,,,,,,276725,001,2023-08-25_15h50.32.910,Recognizability_SONA,2022.2.5,60.93926912980286,
,,,,,,,,,,,,,,,,,,,9.919523000018671,9.919523000018671,9.919523000018671,space,0.39860659994883463,,,,,,,,,,,,,,,,,,,,,,,,,,,,,,,,,,,,,,,,,,,,,,,,,,,,,,,,,,,,276725,001,2023-08-25_15h50.32.910,Recognizability_SONA,2022.2.5,60.93926912980286,
,,,,,,,,,,,,,,,,,,,,,,,,10.35294359998079,10.35294359998079,10.35294359998079,space,0.3582841000170447,,,,,,,,,,,,,,,,,,,,,,,,,,,,,,,,,,,,,,,,,,,,,,,,,,,,,,,276725,001,2023-08-25_15h50.32.910,Recognizability_SONA,2022.2.5,60.93926912980286,
,,,,,,,,,,,,,,,,,,,,,,,,,,,,,10.736216099990997,10.736216099990997,10.736216099990997,10.736216099990997, ,tab,0.46812119998503476,,,,,,,,,,,,,,,,,,,,,,,,,,,,,,,,,,,,,,,,,,,,,,,,276725,001,2023-08-25_15h50.32.910,Recognizability_SONA,2022.2.5,60.93926912980286,
,,,,,,,,,,,,,,,,,,,,,,,,,,,,,,,,,,,,11.236245699983556,11.236245699983556,11.236245699983556,11.236245699983556,,tab,0.11915100004989654,,,,,,,,,,,,,,,,,,,,,,,,,,,,,,,,,,,,,,,,,276725,001,2023-08-25_15h50.32.910,Recognizability_SONA,2022.2.5,60.93926912980286,
,,,,,,,,,,,,,,,,,,,,,,,,,,,,,,,,,,,,,,,,,,,11.386205999995582,11.386205999995582,11.386205999995582,11.386205999995582,,tab,0.14119719999143854,,,,,,,,,,,,,,,,,,,,,,,,,,,,,,,,,,276725,001,2023-08-25_15h50.32.910,Recognizability_SONA,2022.2.5,60.93926912980286,
,,,,,,,,,,,,,,,,,,,,,,,,,,,,,,,,,,,,,,,,,,,,,,,,,,11.554972800018732,11.554972800018732,11.554972800018732,11.554972800018732,,tab,0.1404884999501519,,,,,,,,,,,,,,,,,,,,,,,,,,,276725,001,2023-08-25_15h50.32.910,Recognizability_SONA,2022.2.5,60.93926912980286,
,,,,,,,,,,,,,,,,,,,,,,,,,,,,,,,,,,,,,,,,,,,,,,,,,,,,,,,,,11.71963979996508,11.71963979996508,11.71963979996508,11.71963979996508,,tab,0.12584110000170767,,,,,,,,,,,,,,,,,,,,276725,001,2023-08-25_15h50.32.910,Recognizability_SONA,2022.2.5,60.93926912980286,
,,,,,,,,,,,,,,,,,,,,,,,,,,,,,,,,,,,,,,,,,,,,,,,,,,,,,,,,,,,,,,,,11.86962329997914,11.86962329997914,11.86962329997914,11.86962329997914,,tab,0.13591830001678318,,,,,,,,,,,,,276725,001,2023-08-25_15h50.32.910,Recognizability_SONA,2022.2.5,60.93926912980286,
,,,,,,,,,,,,,,,,,,,,,,,,,,,,,,,,,,,,,,,,,,,,,,,,,,,,,,,,,,,,,,,,,,,,,,,12.038673800008837,12.038673800008837,space,0.49697829998331144,,,,,,,,,276725,001,2023-08-25_15h50.32.910,Recognizability_SONA,2022.2.5,60.93926912980286,
,,,,,,,,,,,,,,,,,,,,,,,,,,,,,,,,,,,,,,,,,,,,,,,,,,,,,,,,,,,,,,,,,,,,,,,,,,,12.552883600001223,12.552883600001223,space,0.2998288000235334,,,,,276725,001,2023-08-25_15h50.32.910,Recognizability_SONA,2022.2.5,60.93926912980286,
Condition4.csv,kora,sil,korasil,3,3_2.PNG,stems_all/3_2.PNG,0,0,0,0,0,0,0,26,,,,,,,,,,,,,,,,,,,,,,,,,,,,,,,,,,,,,,,,,,,,,,,,,,,,,,,,,,,,,,,,,13.102924300008453,13.102924300008453,14.852933100017253,14.852933100017253,276725,001,2023-08-25_15h50.32.910,Recognizability_SONA,2022.2.5,60.93926912980286,
Condition4.csv,bal,dan,baldan,1,2_2.PNG,stems_all/2_2.PNG,0,0,0,0,0,1,1,13,,,,,,,,,,,,,,,,,,,,,,,,,,,,,,,,,,,,,,,,,,,,,,,,,,,,,,,,,,,,,,,,,15.102935299975798,15.102935299975798,16.852923500002362,16.852923500002362,276725,001,2023-08-25_15h50.32.910,Recognizability_SONA,2022.2.5,60.93926912980286,
Condition4.csv,berko,sil,berkosil,2,2_2.PNG,stems_all/2_2.PNG,0,0,0,0,0,2,2,25,,,,,,,,,,,,,,,,,,,,,,,,,,,,,,,,,,,,,,,,,,,,,,,,,,,,,,,,,,,,,,,,,17.102956799964886,17.102956799964886,18.853003199968953,18.853003199968953,276725,001,2023-08-25_15h50.32.910,Recognizability_SONA,2022.2.5,60.93926912980286,
Condition4.csv,berko,dan,berkodan,2,5_2.PNG,stems_all/5_2.PNG,0,0,0,0,0,3,3,16,,,,,,,,,,,,,,,,,,,,,,,,,,,,,,,,,,,,,,,,,,,,,,,,,,,,,,,,,,,,,,,,,19.10297820001142,19.10297820001142,20.852995999972336,20.852995999972336,276725,001,2023-08-25_15h50.32.910,Recognizability_SONA,2022.2.5,60.93926912980286,
Condition4.csv,berko,nem,berkonem,2,1_dim_sg.PNG,stems_all/1_dim_sg.PNG,0,0,0,0,0,4,4,1,,,,,,,,,,,,,,,,,,,,,,,,,,,,,,,,,,,,,,,,,,,,,,,,,,,,,,,,,,,,,,,,,21.10299970000051,21.10299970000051,22.85303009999916,22.85303009999916,276725,001,2023-08-25_15h50.32.910,Recognizability_SONA,2022.2.5,60.93926912980286,
Condition4.csv,kora,dan,koradan,3,9_2.PNG,stems_all/9_2.PNG,0,0,0,0,0,5,5,20,,,,,,,,,,,,,,,,,,,,,,,,,,,,,,,,,,,,,,,,,,,,,,,,,,,,,,,,,,,,,,,,,23.103047900018282,23.103047900018282,24.85304020001786,24.85304020001786,276725,001,2023-08-25_15h50.32.910,Recognizability_SONA,2022.2.5,60.93926912980286,
Condition4.csv,vorke,nem,vorkenem,10,3_dim_sg.PNG,stems_all/3_dim_sg.PNG,0,0,0,0,0,6,6,9,,,,,,,,,,,,,,,,,,,,,,,,,,,,,,,,,,,,,,,,,,,,,,,,,,,,,,,,,,,,,,,,,25.10305169998901,25.10305169998901,26.853079499967862,26.853079499967862,276725,001,2023-08-25_15h50.32.910,Recognizability_SONA,2022.2.5,60.93926912980286,
,,,,,,,,,,,,,,,,,,,,,,,,,,,,,,,,,,,,,,,,,,,,,,,,,,,,,,,,,,,,,,,,,,,,,,,,,,,,,,,27.103066899988335,27.103066899988335,,,,,,,,,
