﻿stem,left_label,left_suffix,right_label,right_suffix,comp_image,comp_condition_stem,comp_condition_suffix,image1,demo_info.thisRepN,demo_info.thisTrialN,demo_info.thisN,demo_info.thisIndex,which_condition.thisRepN,which_condition.thisTrialN,which_condition.thisN,which_condition.thisIndex,production_block.thisRepN,production_block.thisTrialN,production_block.thisN,production_block.thisIndex,comprehension_block.thisRepN,comprehension_block.thisTrialN,comprehension_block.thisN,comprehension_block.thisIndex,begin_text.started,key_resp_11.started,key_resp_11.keys,key_resp_11.rt,instructions_text.started,key_resp_4.started,key_resp_4.keys,key_resp_4.rt,experiment_start.started,experiment_start_resp.started,experiment_start_resp.keys,experiment_start_resp.rt,instr.started,key_resp_14.started,key_resp_14.keys,key_resp_14.rt,text_13.started,text_13.stopped,first_image.started,image_comp.started,text_14.started,label_right.started,key_resp_16.started,text_15.started,text_16.started,first_image.stopped,key_resp_16.keys,key_resp_16.rt,participant,session,date,expName,psychopyVersion,frameRate,
,,,,,,,,,,,,,,,,,,,,,,,,,8.863793099997565,8.863793099997565,space,1.8019410999841057,,,,,,,,,,,,,,,,,,,,,,,,,283938,001,2023-08-26_17h16.14.833,Recognizability_SONA,2022.2.5,60.017957369841156,
,,,,,,,,,,,,,,,,,,,,,,,,,,,,,10.712924399995245,10.712924399995245,space,1.7051960999961011,,,,,,,,,,,,,,,,,,,,,283938,001,2023-08-26_17h16.14.833,Recognizability_SONA,2022.2.5,60.017957369841156,
,,,,,,,,,,,,,,,,,,,,,,,,,,,,,,,,,12.446293199958745,12.446293199958745,space,1.7022221000515856,,,,,,,,,,,,,,,,,283938,001,2023-08-26_17h16.14.833,Recognizability_SONA,2022.2.5,60.017957369841156,
,,,,,,,,,,,,,,,,,,,,,,,,,,,,,,,,,,,,,14.179689799959306,14.179689799959306,space,0.6859869000036269,,,,,,,,,,,,,283938,001,2023-08-26_17h16.14.833,Recognizability_SONA,2022.2.5,60.017957369841156,
bal,baldan,dan,balnem,nem,stems_all/1_dim_pl.PNG,familiar,dim_pl,stems_all/1.PNG,,,,,,,,,,,,,0,0,0,0,,,,,,,,,,,,,,,,,14.896318899991456,15.912980899971444,15.912980899971444,16.0797304000007,16.0797304000007,16.0797304000007,16.0797304000007,16.0797304000007,16.0797304000007,16.113041599979624,left,6.9217866999679245,283938,001,2023-08-26_17h16.14.833,Recognizability_SONA,2022.2.5,60.017957369841156,
berko,berkonem,nem,berkodan,dan,stems_all/2_dim_pl.PNG,familiar,dim_pl,stems_all/2.PNG,,,,,,,,,,,,,0,1,1,1,,,,,,,,,,,,,,,,,,,23.048264399985783,23.21310039999662,23.21310039999662,23.21310039999662,23.21310039999662,23.21310039999662,23.21310039999662,23.263095500005875,left,10.162801000056788,283938,001,2023-08-26_17h16.14.833,Recognizability_SONA,2022.2.5,60.017957369841156,
kora,koradan,dan,koranem,nem,stems_all/3_dim_pl.PNG,familiar,dim_pl,stems_all/3.PNG,,,,,,,,,,,,,0,2,2,2,,,,,,,,,,,,,,,,,,,33.413189099985175,33.57988239999395,33.57988239999395,33.57988239999395,33.57988239999395,33.57988239999395,33.57988239999395,33.613165999995545,left,6.7235750000108965,283938,001,2023-08-26_17h16.14.833,Recognizability_SONA,2022.2.5,60.017957369841156,
bassi,bassinem,nem,bassidan,dan,stems_all/16_dim_pl.PNG,novel,dim_pl,stems_all/16.PNG,,,,,,,,,,,,,0,3,3,3,,,,,,,,,,,,,,,,,,,40.34658409998519,40.51329199998872,40.51329199998872,40.51329199998872,40.51329199998872,40.51329199998872,40.51329199998872,40.546626599971205,left,3.4740497000166215,283938,001,2023-08-26_17h16.14.833,Recognizability_SONA,2022.2.5,60.017957369841156,
lucko,luckodan,dan,luckonem,nem,stems_all/17_dim_pl.PNG,novel,dim_pl,stems_all/17.PNG,,,,,,,,,,,,,0,4,4,4,,,,,,,,,,,,,,,,,,,44.01329199998872,44.196656099986285,44.196656099986285,44.196656099986285,44.196656099986285,44.196656099986285,44.196656099986285,44.21332659997279,left,4.059882799978368,283938,001,2023-08-26_17h16.14.833,Recognizability_SONA,2022.2.5,60.017957369841156,
runde,rundenem,nem,rundedan,dan,stems_all/18_dim_pl.PNG,novel,dim_pl,stems_all/18.PNG,,,,,,,,,,,,,0,5,5,5,,,,,,,,,,,,,,,,,,,48.29673830000684,48.463371699966956,48.463371699966956,48.463371699966956,48.463371699966956,48.463371699966956,48.463371699966956,48.49671289999969,left,2.4807754999492317,283938,001,2023-08-26_17h16.14.833,Recognizability_SONA,2022.2.5,60.017957369841156,
bal,balnem,nem,balshoon,shoon,stems_all/1_dim_pl.PNG,familiar,dim_pl,stems_all/1.PNG,,,,,,,,,,,,,0,6,6,6,,,,,,,,,,,,,,,,,,,50.96341450000182,51.14670969999861,51.14670969999861,51.14670969999861,51.14670969999861,51.14670969999861,51.14670969999861,51.16338739998173,left,3.3983374999952503,283938,001,2023-08-26_17h16.14.833,Recognizability_SONA,2022.2.5,60.017957369841156,
berko,berkoshoon,shoon,berkonem,nem,stems_all/2_dim_pl.PNG,familiar,dim_pl,stems_all/2.PNG,,,,,,,,,,,,,0,7,7,7,,,,,,,,,,,,,,,,,,,54.58018029999221,54.76342059997842,54.76342059997842,54.76342059997842,54.76342059997842,54.76342059997842,54.76342059997842,54.78010799997719,left,2.336128099996131,283938,001,2023-08-26_17h16.14.833,Recognizability_SONA,2022.2.5,60.017957369841156,
kora,koranem,nem,korashoon,shoon,stems_all/3_dim_pl.PNG,familiar,dim_pl,stems_all/3.PNG,,,,,,,,,,,,,0,8,8,8,,,,,,,,,,,,,,,,,,,57.14677920000395,57.31347749999259,57.31347749999259,57.31347749999259,57.31347749999259,57.31347749999259,57.31347749999259,57.346917899965774,left,1.7585446999873966,283938,001,2023-08-26_17h16.14.833,Recognizability_SONA,2022.2.5,60.017957369841156,
,,,,,,,,,,,,,,,,,,,,,,,,,,,,,,,,,,,,,,,,,,,59.11350759997731,59.29680079995887,59.29680079995887,59.29680079995887,59.29680079995887,59.29680079995887,59.29680079995887,59.31352079997305,,,,,,,,,
