﻿which_condition.thisRepN,which_condition.thisTrialN,which_condition.thisN,which_condition.thisIndex,production_block.thisRepN,production_block.thisTrialN,production_block.thisN,production_block.thisIndex,prod_label,file,prod_image,prod_condition,begin_text.started,key_resp_11.started,key_resp_11.keys,key_resp_11.rt,consent_image.started,text_10.started,consent_resp.started,consent_resp.keys,consent_resp.rt,demographic_instr.started,text_9.started,key_resp_3.started,key_resp_3.keys,key_resp_3.rt,age_text.started,textbox.started,key_resp_5.started,text_3.started,textbox.text,key_resp_5.keys,key_resp_5.rt,age_text_2.started,textbox_2.started,key_resp_6.started,text_4.started,textbox_2.text,key_resp_6.keys,key_resp_6.rt,age_text_3.started,textbox_3.started,key_resp_7.started,text_5.started,textbox_3.text,key_resp_7.keys,key_resp_7.rt,age_text_5.started,textbox_5.started,key_resp_9.started,text_7.started,textbox_5.text,key_resp_9.keys,key_resp_9.rt,age_text_6.started,textbox_6.started,key_resp_10.started,text_8.started,textbox_6.text,key_resp_10.keys,key_resp_10.rt,age_text_4.started,textbox_4.started,key_resp_8.started,text_6.started,textbox_4.text,key_resp_8.keys,key_resp_8.rt,instructions_text.started,key_resp_4.started,key_resp_4.keys,key_resp_4.rt,experiment_start.started,experiment_start_resp.started,experiment_start_resp.keys,experiment_start_resp.rt,instr.started,key_resp_14.started,key_resp_14.keys,key_resp_14.rt,production_text.started,production_image.started,prod_resp.started,participant,session,date,expName,psychopyVersion,frameRate,
,,,,,,,,,,,,43.03032100002747,43.03032100002747,space,0.6067748999921605,,,,,,,,,,,,,,,,,,,,,,,,,,,,,,,,,,,,,,,,,,,,,,,,,,,,,,,,,,,,,,,,,,,,312201,001,2023-08-25_15h57.20.926,Recognizability_SONA,2022.2.5,60.00744092344708,
,,,,,,,,,,,,,,,,43.662550500012,43.662550500012,43.662550500012,space,0.22356429998762906,,,,,,,,,,,,,,,,,,,,,,,,,,,,,,,,,,,,,,,,,,,,,,,,,,,,,,,,,,,,,,,312201,001,2023-08-25_15h57.20.926,Recognizability_SONA,2022.2.5,60.00744092344708,
,,,,,,,,,,,,,,,,,,,,,43.92923200002406,43.92923200002406,43.92923200002406,space,0.27997319999849424,,,,,,,,,,,,,,,,,,,,,,,,,,,,,,,,,,,,,,,,,,,,,,,,,,,,,,,,,,312201,001,2023-08-25_15h57.20.926,Recognizability_SONA,2022.2.5,60.00744092344708,
,,,,,,,,,,,,,,,,,,,,,,,,,,44.22920950001571,44.22920950001571,44.22920950001571,44.22920950001571, ,tab,0.32206949999090284,,,,,,,,,,,,,,,,,,,,,,,,,,,,,,,,,,,,,,,,,,,,,,,,,,,312201,001,2023-08-25_15h57.20.926,Recognizability_SONA,2022.2.5,60.00744092344708,
,,,,,,,,,,,,,,,,,,,,,,,,,,,,,,,,,44.57920159999048,44.57920159999048,44.57920159999048,44.57920159999048,,tab,0.12409779999870807,,,,,,,,,,,,,,,,,,,,,,,,,,,,,,,,,,,,,,,,,,,,312201,001,2023-08-25_15h57.20.926,Recognizability_SONA,2022.2.5,60.00744092344708,
,,,,,,,,,,,,,,,,,,,,,,,,,,,,,,,,,,,,,,,,44.729200800007675,44.729200800007675,44.729200800007675,44.729200800007675,,tab,0.27116230002138764,,,,,,,,,,,,,,,,,,,,,,,,,,,,,,,,,,,,,312201,001,2023-08-25_15h57.20.926,Recognizability_SONA,2022.2.5,60.00744092344708,
,,,,,,,,,,,,,,,,,,,,,,,,,,,,,,,,,,,,,,,,,,,,,,,45.02920480002649,45.02920480002649,45.02920480002649,45.02920480002649,,tab,0.13120800000615418,,,,,,,,,,,,,,,,,,,,,,,,,,,,,,312201,001,2023-08-25_15h57.20.926,Recognizability_SONA,2022.2.5,60.00744092344708,
,,,,,,,,,,,,,,,,,,,,,,,,,,,,,,,,,,,,,,,,,,,,,,,,,,,,,,45.17920790001517,45.17920790001517,45.17920790001517,45.17920790001517,,tab,0.15334189997520298,,,,,,,,,,,,,,,,,,,,,,,312201,001,2023-08-25_15h57.20.926,Recognizability_SONA,2022.2.5,60.00744092344708,
,,,,,,,,,,,,,,,,,,,,,,,,,,,,,,,,,,,,,,,,,,,,,,,,,,,,,,,,,,,,,45.36257779999869,45.36257779999869,45.36257779999869,45.36257779999869,,tab,0.27894069999456406,,,,,,,,,,,,,,,,312201,001,2023-08-25_15h57.20.926,Recognizability_SONA,2022.2.5,60.00744092344708,
,,,,,,,,,,,,,,,,,,,,,,,,,,,,,,,,,,,,,,,,,,,,,,,,,,,,,,,,,,,,,,,,,,,,45.66319450002629,45.66319450002629,space,0.567471000016667,,,,,,,,,,,,312201,001,2023-08-25_15h57.20.926,Recognizability_SONA,2022.2.5,60.00744092344708,
,,,,,,,,,,,,,,,,,,,,,,,,,,,,,,,,,,,,,,,,,,,,,,,,,,,,,,,,,,,,,,,,,,,,,,,,46.26254829997197,46.26254829997197,space,0.31218420004006475,,,,,,,,312201,001,2023-08-25_15h57.20.926,Recognizability_SONA,2022.2.5,60.00744092344708,
,,,,,,,,,,,,,,,,,,,,,,,,,,,,,,,,,,,,,,,,,,,,,,,,,,,,,,,,,,,,,,,,,,,,,,,,,,,,46.59591239999281,46.59591239999281,space,1.5951841000351124,,,,312201,001,2023-08-25_15h57.20.926,Recognizability_SONA,2022.2.5,60.00744092344708,
,,,,,,,,,,,,,,,,,,,,,,,,,,,,,,,,,,,,,,,,,,,,,,,,,,,,,,,,,,,,,,,,,,,,,,,,,,,,,,,,48.229246000002604,48.229246000002604,48.229246000002604,,,,,,,
