﻿stem,label,filepath,image_size,demo_info.thisRepN,demo_info.thisTrialN,demo_info.thisN,demo_info.thisIndex,pretraining_plus_test.thisRepN,pretraining_plus_test.thisTrialN,pretraining_plus_test.thisN,pretraining_plus_test.thisIndex,pretraining_loop.thisRepN,pretraining_loop.thisTrialN,pretraining_loop.thisN,pretraining_loop.thisIndex,test_loop.thisRepN,test_loop.thisTrialN,test_loop.thisN,test_loop.thisIndex,which_condition.thisRepN,which_condition.thisTrialN,which_condition.thisN,which_condition.thisIndex,production_block.thisRepN,production_block.thisTrialN,production_block.thisN,production_block.thisIndex,forced_choice_block.thisRepN,forced_choice_block.thisTrialN,forced_choice_block.thisN,forced_choice_block.thisIndex,pretraining,condition,begin_text.started,key_resp_11.started,key_resp_11.keys,key_resp_11.rt,instructions_text.started,key_resp_4.started,key_resp_4.keys,key_resp_4.rt,experiment_start.started,experiment_start_resp.started,experiment_start_resp.keys,experiment_start_resp.rt,text_23.started,key_resp_24.started,key_resp_24.keys,key_resp_24.rt,image_5.started,text_19.started,textbox_9.started,key_resp_20.started,textbox_9.text,key_resp_20.keys,key_resp_20.rt,text_21.started,key_resp_22.started,key_resp_22.keys,key_resp_22.rt,image_6.started,text_20.started,textbox_10.started,key_resp_21.started,textbox_10.text,key_resp_21.keys,key_resp_21.rt,text_22.started,key_resp_23.started,key_resp_23.keys,key_resp_23.rt,instr.started,key_resp_14.started,key_resp_14.keys,key_resp_14.rt,text_13.started,key_resp_17.started,key_resp_17.keys,key_resp_17.rt,experiment_over.started,key_resp_13.started,participant,session,date,expName,psychopyVersion,frameRate,
,,,,,,,,,,,,,,,,,,,,,,,,,,,,,,,,0,4,12.851580700022168,12.851580700022168,space,0.7085531000047922,,,,,,,,,,,,,,,,,,,,,,,,,,,,,,,,,,,,,,,,,,,,,331405,001,2023-09-22_03h53.29.968,generalizability,2022.2.5,59.955632814952125,
,,,,,,,,,,,,,,,,,,,,,,,,,,,,,,,,,,,,,,13.600585700012743,13.600585700012743,space,0.2766158999875188,,,,,,,,,,,,,,,,,,,,,,,,,,,,,,,,,,,,,,,,,331405,001,2023-09-22_03h53.29.968,generalizability,2022.2.5,59.955632814952125,
,,,,,,,,,,,,,,,,,,,,,,,,,,,,,,,,,,,,,,,,,,13.900547299999744,13.900547299999744,space,0.5357574999798089,,,,,,,,,,,,,,,,,,,,,,,,,,,,,,,,,,,,,331405,001,2023-09-22_03h53.29.968,generalizability,2022.2.5,59.955632814952125,
chool,chool,stems_all/7.PNG,"[0.35, 0.35]",,,,,0,0,0,0,0,0,0,6,,,,,,,,,,,,,,,,,,,,,,,,,,,,,,,14.467198899947107,14.467198899947107,return,0.37519829999655485,15.100631700013764,15.100631700013764,15.100631700013764,15.100631700013764,chool,l,1.0020616999827325,,,,,,,,,,,,,,,,,,,,,,,,,,331405,001,2023-09-22_03h53.29.968,generalizability,2022.2.5,59.955632814952125,
bal,bal,stems_all/1.PNG,"[0.35, 0.35]",,,,,0,0,0,0,0,1,1,0,,,,,,,,,,,,,,,,,,,,,,,,,,,,,,,,,,,16.38389019994065,16.38389019994065,16.38389019994065,16.38389019994065,bal,l,0.6329922000877559,,,,,,,,,,,,,,,,,,,,,,,,,,331405,001,2023-09-22_03h53.29.968,generalizability,2022.2.5,59.955632814952125,
vorke,vorke,stems_all/10.PNG,"[0.35, 0.35]",,,,,0,0,0,0,0,2,2,9,,,,,,,,,,,,,,,,,,,,,,,,,,,,,,,,,,,17.283930100034922,17.283930100034922,17.283930100034922,17.283930100034922,vorke,e,0.9512478000251576,,,,,,,,,,,,,,,,,,,,,,,,,,331405,001,2023-09-22_03h53.29.968,generalizability,2022.2.5,59.955632814952125,
nako,nako,stems_all/4.PNG,"[0.35, 0.35]",,,,,0,0,0,0,0,3,3,3,,,,,,,,,,,,,,,,,,,,,,,,,,,,,,,,,,,18.5007379000308,18.5007379000308,18.5007379000308,18.5007379000308,nako,o,0.7166570000117645,,,,,,,,,,,,,,,,,,,,,,,,,,331405,001,2023-09-22_03h53.29.968,generalizability,2022.2.5,59.955632814952125,
berko,berko,stems_all/2.PNG,"[0.35, 0.35]",,,,,0,0,0,0,0,4,4,1,,,,,,,,,,,,,,,,,,,,,,,,,,,,,,,,,,,19.48398639995139,19.48398639995139,19.48398639995139,19.48398639995139,berko,o,0.7516306000761688,,,,,,,,,,,,,,,,,,,,,,,,,,331405,001,2023-09-22_03h53.29.968,generalizability,2022.2.5,59.955632814952125,
kora,kora,stems_all/3.PNG,"[0.35, 0.35]",,,,,0,0,0,0,0,5,5,2,,,,,,,,,,,,,,,,,,,,,,,,,,,,,,,,,,,20.500652899965644,20.500652899965644,20.500652899965644,20.500652899965644,kora,a,0.7392107000341639,,,,,,,,,,,,,,,,,,,,,,,,,,331405,001,2023-09-22_03h53.29.968,generalizability,2022.2.5,59.955632814952125,
pipa,pipa,stems_all/5.PNG,"[0.35, 0.35]",,,,,0,0,0,0,0,6,6,4,,,,,,,,,,,,,,,,,,,,,,,,,,,,,,,,,,,21.5172965999227,21.5172965999227,21.5172965999227,21.5172965999227,pipa,a,0.7497953999554738,,,,,,,,,,,,,,,,,,,,,,,,,,331405,001,2023-09-22_03h53.29.968,generalizability,2022.2.5,59.955632814952125,
kudom,kudom,stems_all/8.PNG,"[0.35, 0.35]",,,,,0,0,0,0,0,7,7,7,,,,,,,,,,,,,,,,,,,,,,,,,,,,,,,,,,,22.534011099953204,22.534011099953204,22.534011099953204,22.534011099953204,kudom,m,0.9633306000614539,,,,,,,,,,,,,,,,,,,,,,,,,,331405,001,2023-09-22_03h53.29.968,generalizability,2022.2.5,59.955632814952125,
bani,bani,stems_all/6.PNG,"[0.35, 0.35]",,,,,0,0,0,0,0,8,8,5,,,,,,,,,,,,,,,,,,,,,,,,,,,,,,,,,,,23.767367199994624,23.767367199994624,23.767367199994624,23.767367199994624,bani,i,0.7192117000231519,,,,,,,,,,,,,,,,,,,,,,,,,,331405,001,2023-09-22_03h53.29.968,generalizability,2022.2.5,59.955632814952125,
osto,osto,stems_all/9.PNG,"[0.35, 0.35]",,,,,0,0,0,0,0,9,9,8,,,,,,,,,,,,,,,,,,,,,,,,,,,,,,,,,,,24.76737289992161,24.76737289992161,24.76737289992161,24.76737289992161,osto,o,0.7504456000169739,,,,,,,,,,,,,,,,,,,,,,,,,,331405,001,2023-09-22_03h53.29.968,generalizability,2022.2.5,59.955632814952125,
bal,bal,stems_all/1.PNG,"[0.35, 0.35]",,,,,0,0,0,0,,,,,0,0,0,0,,,,,,,,,,,,,,,,,,,,,,,,,,,,,,,,,,,,,,25.550678599975072,25.550678599975072,return,0.49625800002831966,26.317363400012255,26.317363400012255,26.317363400012255,26.317363400012255,,return,1.8390382999787107,,,,,,,,,,,,,,,331405,001,2023-09-22_03h53.29.968,generalizability,2022.2.5,59.955632814952125,
berko,berko,stems_all/2.PNG,"[0.35, 0.35]",,,,,0,0,0,0,,,,,0,1,1,1,,,,,,,,,,,,,,,,,,,,,,,,,,,,,,,,,,,,,,,,,,28.417418999946676,28.417418999946676,28.417418999946676,28.417418999946676,,return,0.07601309998426586,,,,,,,,,,,,,,,331405,001,2023-09-22_03h53.29.968,generalizability,2022.2.5,59.955632814952125,
kora,kora,stems_all/3.PNG,"[0.35, 0.35]",,,,,0,0,0,0,,,,,0,2,2,2,,,,,,,,,,,,,,,,,,,,,,,,,,,,,,,,,,,,,,,,,,28.75078829994891,28.75078829994891,28.75078829994891,28.75078829994891,,return,0.08776909997686744,,,,,,,,,,,,,,,331405,001,2023-09-22_03h53.29.968,generalizability,2022.2.5,59.955632814952125,
nako,nako,stems_all/4.PNG,"[0.35, 0.35]",,,,,0,0,0,0,,,,,0,3,3,3,,,,,,,,,,,,,,,,,,,,,,,,,,,,,,,,,,,,,,,,,,29.100763599970378,29.100763599970378,29.100763599970378,29.100763599970378,,return,0.09383809997234493,,,,,,,,,,,,,,,331405,001,2023-09-22_03h53.29.968,generalizability,2022.2.5,59.955632814952125,
pipa,pipa,stems_all/5.PNG,"[0.35, 0.35]",,,,,0,0,0,0,,,,,0,4,4,4,,,,,,,,,,,,,,,,,,,,,,,,,,,,,,,,,,,,,,,,,,29.450767599977553,29.450767599977553,29.450767599977553,29.450767599977553,,return,0.11991949996445328,,,,,,,,,,,,,,,331405,001,2023-09-22_03h53.29.968,generalizability,2022.2.5,59.955632814952125,
bani,bani,stems_all/6.PNG,"[0.35, 0.35]",,,,,0,0,0,0,,,,,0,5,5,5,,,,,,,,,,,,,,,,,,,,,,,,,,,,,,,,,,,,,,,,,,29.834108299924992,29.834108299924992,29.834108299924992,29.834108299924992,,return,0.188678800011985,,,,,,,,,,,,,,,331405,001,2023-09-22_03h53.29.968,generalizability,2022.2.5,59.955632814952125,
chool,chool,stems_all/7.PNG,"[0.35, 0.35]",,,,,0,0,0,0,,,,,0,6,6,6,,,,,,,,,,,,,,,,,,,,,,,,,,,,,,,,,,,,,,,,,,30.28409129998181,30.28409129998181,30.28409129998181,30.28409129998181,,return,0.08977850002702326,,,,,,,,,,,,,,,331405,001,2023-09-22_03h53.29.968,generalizability,2022.2.5,59.955632814952125,
kudom,kudom,stems_all/8.PNG,"[0.35, 0.35]",,,,,0,0,0,0,,,,,0,7,7,7,,,,,,,,,,,,,,,,,,,,,,,,,,,,,,,,,,,,,,,,,,30.634088499937207,30.634088499937207,30.634088499937207,30.634088499937207,,return,0.17688280006404966,,,,,,,,,,,,,,,331405,001,2023-09-22_03h53.29.968,generalizability,2022.2.5,59.955632814952125,
osto,osto,stems_all/9.PNG,"[0.35, 0.35]",,,,,0,0,0,0,,,,,0,8,8,8,,,,,,,,,,,,,,,,,,,,,,,,,,,,,,,,,,,,,,,,,,31.067702900036238,31.067702900036238,31.067702900036238,31.067702900036238,,return,0.29449030000250787,,,,,,,,,,,,,,,331405,001,2023-09-22_03h53.29.968,generalizability,2022.2.5,59.955632814952125,
vorke,vorke,stems_all/10.PNG,"[0.35, 0.35]",,,,,0,0,0,0,,,,,0,9,9,9,,,,,,,,,,,,,,,,,,,,,,,,,,,,,,,,,,,,,,,,,,31.61750579997897,31.61750579997897,31.61750579997897,31.61750579997897,,return,0.2767495000734925,,,,,,,,,,,,,,,331405,001,2023-09-22_03h53.29.968,generalizability,2022.2.5,59.955632814952125,
,,,,,,,,0,0,0,0,,,,,,,,,,,,,,,,,,,,,,,,,,,,,,,,,,,,,,,,,,,,,,,,,,,,,,,,,31.93415059999097,31.93415059999097,return,1.5564706000732258,,,,,,,,,,,331405,001,2023-09-22_03h53.29.968,generalizability,2022.2.5,59.955632814952125,
vorke,vorke,stems_all/10.PNG,"[0.35, 0.35]",,,,,1,0,1,0,0,0,0,9,,,,,,,,,,,,,,,,,,,,,,,,,,,,,,,33.517495100037195,33.517495100037195,return,0.8283181999577209,34.60085689998232,34.60085689998232,34.60085689998232,34.60085689998232,vorke,e,1.2252748999744654,,,,,,,,,,,,,,,,,,,,,,,,,,331405,001,2023-09-22_03h53.29.968,generalizability,2022.2.5,59.955632814952125,
pipa,pipa,stems_all/5.PNG,"[0.35, 0.35]",,,,,1,0,1,0,0,1,1,4,,,,,,,,,,,,,,,,,,,,,,,,,,,,,,,,,,,36.10112449992448,36.10112449992448,36.10112449992448,36.10112449992448,pipa,a,0.7792517999187112,,,,,,,,,,,,,,,,,,,,,,,,,,331405,001,2023-09-22_03h53.29.968,generalizability,2022.2.5,59.955632814952125,
berko,berko,stems_all/2.PNG,"[0.35, 0.35]",,,,,1,0,1,0,0,2,2,1,,,,,,,,,,,,,,,,,,,,,,,,,,,,,,,,,,,37.15088720002677,37.15088720002677,37.15088720002677,37.15088720002677,berko,o,0.7997257999377325,,,,,,,,,,,,,,,,,,,,,,,,,,331405,001,2023-09-22_03h53.29.968,generalizability,2022.2.5,59.955632814952125,
kudom,kudom,stems_all/8.PNG,"[0.35, 0.35]",,,,,1,0,1,0,0,3,3,7,,,,,,,,,,,,,,,,,,,,,,,,,,,,,,,,,,,38.234204299980775,38.234204299980775,38.234204299980775,38.234204299980775,kudom,m,1.629873999976553,,,,,,,,,,,,,,,,,,,,,,,,,,331405,001,2023-09-22_03h53.29.968,generalizability,2022.2.5,59.955632814952125,
nako,nako,stems_all/4.PNG,"[0.35, 0.35]",,,,,1,0,1,0,0,4,4,3,,,,,,,,,,,,,,,,,,,,,,,,,,,,,,,,,,,40.134277799981646,40.134277799981646,40.134277799981646,40.134277799981646,nako,o,0.8650216000387445,,,,,,,,,,,,,,,,,,,,,,,,,,331405,001,2023-09-22_03h53.29.968,generalizability,2022.2.5,59.955632814952125,
kora,kora,stems_all/3.PNG,"[0.35, 0.35]",,,,,1,0,1,0,0,5,5,2,,,,,,,,,,,,,,,,,,,,,,,,,,,,,,,,,,,41.26760949997697,41.26760949997697,41.26760949997697,41.26760949997697,kora,a,0.8209253000095487,,,,,,,,,,,,,,,,,,,,,,,,,,331405,001,2023-09-22_03h53.29.968,generalizability,2022.2.5,59.955632814952125,
bani,bani,stems_all/6.PNG,"[0.35, 0.35]",,,,,1,0,1,0,0,6,6,5,,,,,,,,,,,,,,,,,,,,,,,,,,,,,,,,,,,42.367633100016974,42.367633100016974,42.367633100016974,42.367633100016974,bani,i,1.4013189999386668,,,,,,,,,,,,,,,,,,,,,,,,,,331405,001,2023-09-22_03h53.29.968,generalizability,2022.2.5,59.955632814952125,
bal,bal,stems_all/1.PNG,"[0.35, 0.35]",,,,,1,0,1,0,0,7,7,0,,,,,,,,,,,,,,,,,,,,,,,,,,,,,,,,,,,44.03432380000595,44.03432380000595,44.03432380000595,44.03432380000595,bal,l,0.6718233999563381,,,,,,,,,,,,,,,,,,,,,,,,,,331405,001,2023-09-22_03h53.29.968,generalizability,2022.2.5,59.955632814952125,
chool,chool,stems_all/7.PNG,"[0.35, 0.35]",,,,,1,0,1,0,0,8,8,6,,,,,,,,,,,,,,,,,,,,,,,,,,,,,,,,,,,45.001005699974485,45.001005699974485,45.001005699974485,45.001005699974485,chool,l,0.9704362000338733,,,,,,,,,,,,,,,,,,,,,,,,,,331405,001,2023-09-22_03h53.29.968,generalizability,2022.2.5,59.955632814952125,
osto,osto,stems_all/9.PNG,"[0.35, 0.35]",,,,,1,0,1,0,0,9,9,8,,,,,,,,,,,,,,,,,,,,,,,,,,,,,,,,,,,46.25111469998956,46.25111469998956,46.25111469998956,46.25111469998956,osto,o,0.7815475000534207,,,,,,,,,,,,,,,,,,,,,,,,,,331405,001,2023-09-22_03h53.29.968,generalizability,2022.2.5,59.955632814952125,
bal,bal,stems_all/1.PNG,"[0.35, 0.35]",,,,,1,0,1,0,,,,,0,0,0,0,,,,,,,,,,,,,,,,,,,,,,,,,,,,,,,,,,,,,,47.067819399992004,47.067819399992004,return,0.42494860000442713,47.75115010002628,47.75115010002628,47.75115010002628,47.75115010002628,bal,return,1.5240216000238433,,,,,,,,,,,,,,,331405,001,2023-09-22_03h53.29.968,generalizability,2022.2.5,59.955632814952125,
berko,berko,stems_all/2.PNG,"[0.35, 0.35]",,,,,1,0,1,0,,,,,0,1,1,1,,,,,,,,,,,,,,,,,,,,,,,,,,,,,,,,,,,,,,,,,,49.534407799947076,49.534407799947076,49.534407799947076,49.534407799947076,berko,return,1.1390514000086114,,,,,,,,,,,,,,,331405,001,2023-09-22_03h53.29.968,generalizability,2022.2.5,59.955632814952125,
kora,kora,stems_all/3.PNG,"[0.35, 0.35]",,,,,1,0,1,0,,,,,0,2,2,2,,,,,,,,,,,,,,,,,,,,,,,,,,,,,,,,,,,,,,,,,,50.93441929994151,50.93441929994151,50.93441929994151,50.93441929994151,kora,return,1.3964795999927446,,,,,,,,,,,,,,,331405,001,2023-09-22_03h53.29.968,generalizability,2022.2.5,59.955632814952125,
nako,nako,stems_all/4.PNG,"[0.35, 0.35]",,,,,1,0,1,0,,,,,0,3,3,3,,,,,,,,,,,,,,,,,,,,,,,,,,,,,,,,,,,,,,,,,,52.58445379999466,52.58445379999466,52.58445379999466,52.58445379999466,nako,return,1.7728638999396935,,,,,,,,,,,,,,,331405,001,2023-09-22_03h53.29.968,generalizability,2022.2.5,59.955632814952125,
pipa,pipa,stems_all/5.PNG,"[0.35, 0.35]",,,,,1,0,1,0,,,,,0,4,4,4,,,,,,,,,,,,,,,,,,,,,,,,,,,,,,,,,,,,,,,,,,54.617777599953115,54.617777599953115,54.617777599953115,54.617777599953115,pipa,return,0.8268490000627935,,,,,,,,,,,,,,,331405,001,2023-09-22_03h53.29.968,generalizability,2022.2.5,59.955632814952125,
bani,bani,stems_all/6.PNG,"[0.35, 0.35]",,,,,1,0,1,0,,,,,0,5,5,5,,,,,,,,,,,,,,,,,,,,,,,,,,,,,,,,,,,,,,,,,,55.70116339996457,55.70116339996457,55.70116339996457,55.70116339996457,"
",return,0.1855086999712512,,,,,,,,,,,,,,,331405,001,2023-09-22_03h53.29.968,generalizability,2022.2.5,59.955632814952125,
chool,chool,stems_all/7.PNG,"[0.35, 0.35]",,,,,1,0,1,0,,,,,0,6,6,6,,,,,,,,,,,,,,,,,,,,,,,,,,,,,,,,,,,,,,,,,,56.151169599965215,56.151169599965215,56.151169599965215,56.151169599965215,"
",return,0.10058239998761564,,,,,,,,,,,,,,,331405,001,2023-09-22_03h53.29.968,generalizability,2022.2.5,59.955632814952125,
kudom,kudom,stems_all/8.PNG,"[0.35, 0.35]",,,,,1,0,1,0,,,,,0,7,7,7,,,,,,,,,,,,,,,,,,,,,,,,,,,,,,,,,,,,,,,,,,56.51784809993114,56.51784809993114,56.51784809993114,56.51784809993114,,return,0.13805529999081045,,,,,,,,,,,,,,,331405,001,2023-09-22_03h53.29.968,generalizability,2022.2.5,59.955632814952125,
osto,osto,stems_all/9.PNG,"[0.35, 0.35]",,,,,1,0,1,0,,,,,0,8,8,8,,,,,,,,,,,,,,,,,,,,,,,,,,,,,,,,,,,,,,,,,,56.91780509997625,56.91780509997625,56.91780509997625,56.91780509997625,"
",return,0.2341473000124097,,,,,,,,,,,,,,,331405,001,2023-09-22_03h53.29.968,generalizability,2022.2.5,59.955632814952125,
vorke,vorke,stems_all/10.PNG,"[0.35, 0.35]",,,,,1,0,1,0,,,,,0,9,9,9,,,,,,,,,,,,,,,,,,,,,,,,,,,,,,,,,,,,,,,,,,57.41787100001238,57.41787100001238,57.41787100001238,57.41787100001238,,return,0.17818889999762177,,,,,,,,,,,,,,,331405,001,2023-09-22_03h53.29.968,generalizability,2022.2.5,59.955632814952125,
,,,,,,,,1,0,1,0,,,,,,,,,,,,,,,,,,,,,,,,,,,,,,,,,,,,,,,,,,,,,,,,,,,,,,,,,57.61786320002284,57.61786320002284,return,1.0854433999629691,,,,,,,,,,,331405,001,2023-09-22_03h53.29.968,generalizability,2022.2.5,59.955632814952125,
chool,chool,stems_all/7.PNG,"[0.35, 0.35]",,,,,2,0,2,0,0,0,0,6,,,,,,,,,,,,,,,,,,,,,,,,,,,,,,,58.73452840000391,58.73452840000391,return,0.4948963000206277,59.484529500012286,59.484529500012286,59.484529500012286,59.484529500012286,chool,l,1.071187000023201,,,,,,,,,,,,,,,,,,,,,,,,,,331405,001,2023-09-22_03h53.29.968,generalizability,2022.2.5,59.955632814952125,
osto,osto,stems_all/9.PNG,"[0.35, 0.35]",,,,,2,0,2,0,0,1,1,8,,,,,,,,,,,,,,,,,,,,,,,,,,,,,,,,,,,60.834526899969205,60.834526899969205,60.834526899969205,60.834526899969205,osto,o,1.4826026000082493,,,,,,,,,,,,,,,,,,,,,,,,,,331405,001,2023-09-22_03h53.29.968,generalizability,2022.2.5,59.955632814952125,
berko,berko,stems_all/2.PNG,"[0.35, 0.35]",,,,,2,0,2,0,0,2,2,1,,,,,,,,,,,,,,,,,,,,,,,,,,,,,,,,,,,62.584566200035624,62.584566200035624,62.584566200035624,62.584566200035624,berko,o,1.2268843000056222,,,,,,,,,,,,,,,,,,,,,,,,,,331405,001,2023-09-22_03h53.29.968,generalizability,2022.2.5,59.955632814952125,
nako,nako,stems_all/4.PNG,"[0.35, 0.35]",,,,,2,0,2,0,0,3,3,3,,,,,,,,,,,,,,,,,,,,,,,,,,,,,,,,,,,64.08530319994316,64.08530319994316,64.08530319994316,64.08530319994316,nako,o,0.8453943999484181,,,,,,,,,,,,,,,,,,,,,,,,,,331405,001,2023-09-22_03h53.29.968,generalizability,2022.2.5,59.955632814952125,
bani,bani,stems_all/6.PNG,"[0.35, 0.35]",,,,,2,0,2,0,0,4,4,5,,,,,,,,,,,,,,,,,,,,,,,,,,,,,,,,,,,65.20128689997364,65.20128689997364,65.20128689997364,65.20128689997364,bani,i,1.2958063000114635,,,,,,,,,,,,,,,,,,,,,,,,,,331405,001,2023-09-22_03h53.29.968,generalizability,2022.2.5,59.955632814952125,
bal,bal,stems_all/1.PNG,"[0.35, 0.35]",,,,,2,0,2,0,0,5,5,0,,,,,,,,,,,,,,,,,,,,,,,,,,,,,,,,,,,66.76794910000172,66.76794910000172,66.76794910000172,66.76794910000172,bal,l,0.686320299981162,,,,,,,,,,,,,,,,,,,,,,,,,,331405,001,2023-09-22_03h53.29.968,generalizability,2022.2.5,59.955632814952125,
pipa,pipa,stems_all/5.PNG,"[0.35, 0.35]",,,,,2,0,2,0,0,6,6,4,,,,,,,,,,,,,,,,,,,,,,,,,,,,,,,,,,,67.73465579992626,67.73465579992626,67.73465579992626,67.73465579992626,pipa,a,1.4669930998934433,,,,,,,,,,,,,,,,,,,,,,,,,,331405,001,2023-09-22_03h53.29.968,generalizability,2022.2.5,59.955632814952125,
kora,kora,stems_all/3.PNG,"[0.35, 0.35]",,,,,2,0,2,0,0,7,7,2,,,,,,,,,,,,,,,,,,,,,,,,,,,,,,,,,,,69.46798529999796,69.46798529999796,69.46798529999796,69.46798529999796,kora,a,0.8248927000677213,,,,,,,,,,,,,,,,,,,,,,,,,,331405,001,2023-09-22_03h53.29.968,generalizability,2022.2.5,59.955632814952125,
kudom,kudom,stems_all/8.PNG,"[0.35, 0.35]",,,,,2,0,2,0,0,8,8,7,,,,,,,,,,,,,,,,,,,,,,,,,,,,,,,,,,,70.56810159992892,70.56810159992892,70.56810159992892,70.56810159992892,kudom,m,0.9411034999648109,,,,,,,,,,,,,,,,,,,,,,,,,,331405,001,2023-09-22_03h53.29.968,generalizability,2022.2.5,59.955632814952125,
vorke,vorke,stems_all/10.PNG,"[0.35, 0.35]",,,,,2,0,2,0,0,9,9,9,,,,,,,,,,,,,,,,,,,,,,,,,,,,,,,,,,,71.78472330002114,71.78472330002114,71.78472330002114,71.78472330002114,vorke,e,1.0377509999088943,,,,,,,,,,,,,,,,,,,,,,,,,,331405,001,2023-09-22_03h53.29.968,generalizability,2022.2.5,59.955632814952125,
bal,bal,stems_all/1.PNG,"[0.35, 0.35]",,,,,2,0,2,0,,,,,0,0,0,0,,,,,,,,,,,,,,,,,,,,,,,,,,,,,,,,,,,,,,72.8681399000343,72.8681399000343,return,0.1453861000481993,73.28475260001142,73.28475260001142,73.28475260001142,73.28475260001142,bal,return,1.7792554999468848,,,,,,,,,,,,,,,331405,001,2023-09-22_03h53.29.968,generalizability,2022.2.5,59.955632814952125,
berko,berko,stems_all/2.PNG,"[0.35, 0.35]",,,,,2,0,2,0,,,,,0,1,1,1,,,,,,,,,,,,,,,,,,,,,,,,,,,,,,,,,,,,,,,,,,75.31810149992816,75.31810149992816,75.31810149992816,75.31810149992816,berko,return,0.7431168999755755,,,,,,,,,,,,,,,331405,001,2023-09-22_03h53.29.968,generalizability,2022.2.5,59.955632814952125,
kora,kora,stems_all/3.PNG,"[0.35, 0.35]",,,,,2,0,2,0,,,,,0,2,2,2,,,,,,,,,,,,,,,,,,,,,,,,,,,,,,,,,,,,,,,,,,76.31810909998603,76.31810909998603,76.31810909998603,76.31810909998603,kora,return,2.0326601000269875,,,,,,,,,,,,,,,331405,001,2023-09-22_03h53.29.968,generalizability,2022.2.5,59.955632814952125,
nako,nako,stems_all/4.PNG,"[0.35, 0.35]",,,,,2,0,2,0,,,,,0,3,3,3,,,,,,,,,,,,,,,,,,,,,,,,,,,,,,,,,,,,,,,,,,78.6014809999615,78.6014809999615,78.6014809999615,78.6014809999615,nako,return,1.0555517000611871,,,,,,,,,,,,,,,331405,001,2023-09-22_03h53.29.968,generalizability,2022.2.5,59.955632814952125,
pipa,pipa,stems_all/5.PNG,"[0.35, 0.35]",,,,,2,0,2,0,,,,,0,4,4,4,,,,,,,,,,,,,,,,,,,,,,,,,,,,,,,,,,,,,,,,,,79.9181342999218,79.9181342999218,79.9181342999218,79.9181342999218,pipa,return,0.8251434999983758,,,,,,,,,,,,,,,331405,001,2023-09-22_03h53.29.968,generalizability,2022.2.5,59.955632814952125,
bani,bani,stems_all/6.PNG,"[0.35, 0.35]",,,,,2,0,2,0,,,,,0,5,5,5,,,,,,,,,,,,,,,,,,,,,,,,,,,,,,,,,,,,,,,,,,81.00151470000856,81.00151470000856,81.00151470000856,81.00151470000856,bani,return,0.7749944999814034,,,,,,,,,,,,,,,331405,001,2023-09-22_03h53.29.968,generalizability,2022.2.5,59.955632814952125,
chool,chool,stems_all/7.PNG,"[0.35, 0.35]",,,,,2,0,2,0,,,,,0,6,6,6,,,,,,,,,,,,,,,,,,,,,,,,,,,,,,,,,,,,,,,,,,82.03489130001981,82.03489130001981,82.03489130001981,82.03489130001981,"
",return,0.22272359998896718,,,,,,,,,,,,,,,331405,001,2023-09-22_03h53.29.968,generalizability,2022.2.5,59.955632814952125,
kudom,kudom,stems_all/8.PNG,"[0.35, 0.35]",,,,,2,0,2,0,,,,,0,7,7,7,,,,,,,,,,,,,,,,,,,,,,,,,,,,,,,,,,,,,,,,,,82.51820900000166,82.51820900000166,82.51820900000166,82.51820900000166,,return,0.15950569999404252,,,,,,,,,,,,,,,331405,001,2023-09-22_03h53.29.968,generalizability,2022.2.5,59.955632814952125,
osto,osto,stems_all/9.PNG,"[0.35, 0.35]",,,,,2,0,2,0,,,,,0,8,8,8,,,,,,,,,,,,,,,,,,,,,,,,,,,,,,,,,,,,,,,,,,82.93488169996999,82.93488169996999,82.93488169996999,82.93488169996999,,return,0.17192029999569058,,,,,,,,,,,,,,,331405,001,2023-09-22_03h53.29.968,generalizability,2022.2.5,59.955632814952125,
vorke,vorke,stems_all/10.PNG,"[0.35, 0.35]",,,,,2,0,2,0,,,,,0,9,9,9,,,,,,,,,,,,,,,,,,,,,,,,,,,,,,,,,,,,,,,,,,83.36818280001171,83.36818280001171,83.36818280001171,83.36818280001171,,return,0.2587453000014648,,,,,,,,,,,,,,,331405,001,2023-09-22_03h53.29.968,generalizability,2022.2.5,59.955632814952125,
,,,,,,,,2,0,2,0,,,,,,,,,,,,,,,,,,,,,,,,,,,,,,,,,,,,,,,,,,,,,,,,,,,,,,,,,83.6515272000106,83.6515272000106,return,1.1796730000060052,,,,,,,,,,,331405,001,2023-09-22_03h53.29.968,generalizability,2022.2.5,59.955632814952125,
vorke,vorke,stems_all/10.PNG,"[0.35, 0.35]",,,,,3,0,3,0,0,0,0,9,,,,,,,,,,,,,,,,,,,,,,,,,,,,,,,84.8515488000121,84.8515488000121,return,0.7378281999845058,85.85156089998782,85.85156089998782,85.85156089998782,85.85156089998782,vorke,e,1.1191190999234095,,,,,,,,,,,,,,,,,,,,,,,,,,331405,001,2023-09-22_03h53.29.968,generalizability,2022.2.5,59.955632814952125,
chool,chool,stems_all/7.PNG,"[0.35, 0.35]",,,,,3,0,3,0,0,1,1,6,,,,,,,,,,,,,,,,,,,,,,,,,,,,,,,,,,,87.2516059000045,87.2516059000045,87.2516059000045,87.2516059000045,chool,l,0.8923593999352306,,,,,,,,,,,,,,,,,,,,,,,,,,331405,001,2023-09-22_03h53.29.968,generalizability,2022.2.5,59.955632814952125,
kora,kora,stems_all/3.PNG,"[0.35, 0.35]",,,,,3,0,3,0,0,2,2,2,,,,,,,,,,,,,,,,,,,,,,,,,,,,,,,,,,,88.41838619997725,88.41838619997725,88.41838619997725,88.41838619997725,kora,a,0.7087684000143781,,,,,,,,,,,,,,,,,,,,,,,,,,331405,001,2023-09-22_03h53.29.968,generalizability,2022.2.5,59.955632814952125,
bal,bal,stems_all/1.PNG,"[0.35, 0.35]",,,,,3,0,3,0,0,3,3,0,,,,,,,,,,,,,,,,,,,,,,,,,,,,,,,,,,,89.40164870000444,89.40164870000444,89.40164870000444,89.40164870000444,bal,l,0.6237275999737903,,,,,,,,,,,,,,,,,,,,,,,,,,331405,001,2023-09-22_03h53.29.968,generalizability,2022.2.5,59.955632814952125,
nako,nako,stems_all/4.PNG,"[0.35, 0.35]",,,,,3,0,3,0,0,4,4,3,,,,,,,,,,,,,,,,,,,,,,,,,,,,,,,,,,,90.30161439999938,90.30161439999938,90.30161439999938,90.30161439999938,nako,o,0.9069898999296129,,,,,,,,,,,,,,,,,,,,,,,,,,331405,001,2023-09-22_03h53.29.968,generalizability,2022.2.5,59.955632814952125,
osto,osto,stems_all/9.PNG,"[0.35, 0.35]",,,,,3,0,3,0,0,5,5,8,,,,,,,,,,,,,,,,,,,,,,,,,,,,,,,,,,,91.48500340001192,91.48500340001192,91.48500340001192,91.48500340001192,osto,o,0.7038833999540657,,,,,,,,,,,,,,,,,,,,,,,,,,331405,001,2023-09-22_03h53.29.968,generalizability,2022.2.5,59.955632814952125,
pipa,pipa,stems_all/5.PNG,"[0.35, 0.35]",,,,,3,0,3,0,0,6,6,4,,,,,,,,,,,,,,,,,,,,,,,,,,,,,,,,,,,92.46831020002719,92.46831020002719,92.46831020002719,92.46831020002719,pipa,a,0.8058067000238225,,,,,,,,,,,,,,,,,,,,,,,,,,331405,001,2023-09-22_03h53.29.968,generalizability,2022.2.5,59.955632814952125,
kudom,kudom,stems_all/8.PNG,"[0.35, 0.35]",,,,,3,0,3,0,0,7,7,7,,,,,,,,,,,,,,,,,,,,,,,,,,,,,,,,,,,93.55170169996563,93.55170169996563,93.55170169996563,93.55170169996563,kudom,m,0.9786804000614211,,,,,,,,,,,,,,,,,,,,,,,,,,331405,001,2023-09-22_03h53.29.968,generalizability,2022.2.5,59.955632814952125,
bani,bani,stems_all/6.PNG,"[0.35, 0.35]",,,,,3,0,3,0,0,8,8,5,,,,,,,,,,,,,,,,,,,,,,,,,,,,,,,,,,,94.80170609999914,94.80170609999914,94.80170609999914,94.80170609999914,bani,i,0.7489342000335455,,,,,,,,,,,,,,,,,,,,,,,,,,331405,001,2023-09-22_03h53.29.968,generalizability,2022.2.5,59.955632814952125,
berko,berko,stems_all/2.PNG,"[0.35, 0.35]",,,,,3,0,3,0,0,9,9,1,,,,,,,,,,,,,,,,,,,,,,,,,,,,,,,,,,,95.81839249993209,95.81839249993209,95.81839249993209,95.81839249993209,berko,o,0.7804553000023589,,,,,,,,,,,,,,,,,,,,,,,,,,331405,001,2023-09-22_03h53.29.968,generalizability,2022.2.5,59.955632814952125,
bal,bal,stems_all/1.PNG,"[0.35, 0.35]",,,,,3,0,3,0,,,,,0,0,0,0,,,,,,,,,,,,,,,,,,,,,,,,,,,,,,,,,,,,,,96.63512230000924,96.63512230000924,return,0.7239035000093281,97.61848039994948,97.61848039994948,97.61848039994948,97.61848039994948,bal,return,1.2118804999627173,,,,,,,,,,,,,,,331405,001,2023-09-22_03h53.29.968,generalizability,2022.2.5,59.955632814952125,
berko,berko,stems_all/2.PNG,"[0.35, 0.35]",,,,,3,0,3,0,,,,,0,1,1,1,,,,,,,,,,,,,,,,,,,,,,,,,,,,,,,,,,,,,,,,,,99.08510559995193,99.08510559995193,99.08510559995193,99.08510559995193,berko,return,2.202840399928391,,,,,,,,,,,,,,,331405,001,2023-09-22_03h53.29.968,generalizability,2022.2.5,59.955632814952125,
kora,kora,stems_all/3.PNG,"[0.35, 0.35]",,,,,3,0,3,0,,,,,0,2,2,2,,,,,,,,,,,,,,,,,,,,,,,,,,,,,,,,,,,,,,,,,,101.55180399992969,101.55180399992969,101.55180399992969,101.55180399992969,kora,return,0.5532952999928966,,,,,,,,,,,,,,,331405,001,2023-09-22_03h53.29.968,generalizability,2022.2.5,59.955632814952125,
nako,nako,stems_all/4.PNG,"[0.35, 0.35]",,,,,3,0,3,0,,,,,0,3,3,3,,,,,,,,,,,,,,,,,,,,,,,,,,,,,,,,,,,,,,,,,,102.36852060002275,102.36852060002275,102.36852060002275,102.36852060002275,nako,return,0.9528549000388011,,,,,,,,,,,,,,,331405,001,2023-09-22_03h53.29.968,generalizability,2022.2.5,59.955632814952125,
pipa,pipa,stems_all/5.PNG,"[0.35, 0.35]",,,,,3,0,3,0,,,,,0,4,4,4,,,,,,,,,,,,,,,,,,,,,,,,,,,,,,,,,,,,,,,,,,103.58517430000938,103.58517430000938,103.58517430000938,103.58517430000938,pipa,return,1.0635017999447882,,,,,,,,,,,,,,,331405,001,2023-09-22_03h53.29.968,generalizability,2022.2.5,59.955632814952125,
bani,bani,stems_all/6.PNG,"[0.35, 0.35]",,,,,3,0,3,0,,,,,0,5,5,5,,,,,,,,,,,,,,,,,,,,,,,,,,,,,,,,,,,,,,,,,,104.90183669992257,104.90183669992257,104.90183669992257,104.90183669992257,"bani
",return,0.8170773999299854,,,,,,,,,,,,,,,331405,001,2023-09-22_03h53.29.968,generalizability,2022.2.5,59.955632814952125,
chool,chool,stems_all/7.PNG,"[0.35, 0.35]",,,,,3,0,3,0,,,,,0,6,6,6,,,,,,,,,,,,,,,,,,,,,,,,,,,,,,,,,,,,,,,,,,105.98518269998021,105.98518269998021,105.98518269998021,105.98518269998021,chool,return,0.923013300052844,,,,,,,,,,,,,,,331405,001,2023-09-22_03h53.29.968,generalizability,2022.2.5,59.955632814952125,
kudom,kudom,stems_all/8.PNG,"[0.35, 0.35]",,,,,3,0,3,0,,,,,0,7,7,7,,,,,,,,,,,,,,,,,,,,,,,,,,,,,,,,,,,,,,,,,,107.16859270003624,107.16859270003624,107.16859270003624,107.16859270003624,kudom,return,0.8368418000172824,,,,,,,,,,,,,,,331405,001,2023-09-22_03h53.29.968,generalizability,2022.2.5,59.955632814952125,
osto,osto,stems_all/9.PNG,"[0.35, 0.35]",,,,,3,0,3,0,,,,,0,8,8,8,,,,,,,,,,,,,,,,,,,,,,,,,,,,,,,,,,,,,,,,,,108.26863459998276,108.26863459998276,108.26863459998276,108.26863459998276,osto,return,1.3571371999569237,,,,,,,,,,,,,,,331405,001,2023-09-22_03h53.29.968,generalizability,2022.2.5,59.955632814952125,
vorke,vorke,stems_all/10.PNG,"[0.35, 0.35]",,,,,3,0,3,0,,,,,0,9,9,9,,,,,,,,,,,,,,,,,,,,,,,,,,,,,,,,,,,,,,,,,,109.8852779000299,109.8852779000299,109.8852779000299,109.8852779000299,vorke,return,1.1118171999696642,,,,,,,,,,,,,,,331405,001,2023-09-22_03h53.29.968,generalizability,2022.2.5,59.955632814952125,
,,,,,,,,3,0,3,0,,,,,,,,,,,,,,,,,,,,,,,,,,,,,,,,,,,,,,,,,,,,,,,,,,,,,,,,,,,None,,,,,,,,,,,,331405,001,2023-09-22_03h53.29.968,generalizability,2022.2.5,59.955632814952125,
,,,,,,,,,,,,,,,,,,,,,,,,,,,,,,,,,,,,,,,,,,,,,,,,,,,,,,,,,,,,,,,,,,,,,,,,111.01861239993013,111.01861239993013,space,9.802731700008735,,,,,,,331405,001,2023-09-22_03h53.29.968,generalizability,2022.2.5,59.955632814952125,
,,,,,,,,,,,,,,,,,,,,,,,,,,,,,,,,,,,,,,,,,,,,,,,,,,,,,,,,,,,,,,,,,,,,,,,,,,,,120.85205350001343,120.85205350001343,space,1.3025734999682754,,,331405,001,2023-09-22_03h53.29.968,generalizability,2022.2.5,59.955632814952125,
,,,,,,,,,,,,,,,,,,,,,,,,,,,,,,,,,,,,,,,,,,,,,,,,,,,,,,,,,,,,,,,,,,,,,,,,,,,,,,,,122.18541659996845,122.18541659996845,,,,,,,
