﻿demo_info.thisRepN,demo_info.thisTrialN,demo_info.thisN,demo_info.thisIndex,pretraining_plus_test.thisRepN,pretraining_plus_test.thisTrialN,pretraining_plus_test.thisN,pretraining_plus_test.thisIndex,which_condition.thisRepN,which_condition.thisTrialN,which_condition.thisN,which_condition.thisIndex,select_condition,training_block.thisRepN,training_block.thisTrialN,training_block.thisN,training_block.thisIndex,stem,suffix,label,stem_filename,file,filepath,image_size,pretraining,condition,begin_text.started,key_resp_11.started,key_resp_11.keys,key_resp_11.rt,instructions_text.started,key_resp_4.started,key_resp_4.keys,key_resp_4.rt,experiment_start.started,experiment_start_resp.started,experiment_start_resp.keys,experiment_start_resp.rt,image.started,text_11.started,textbox_7.started,key_resp_18.started,textbox_7.text,key_resp_18.keys,key_resp_18.rt,image_8.started,text_17.started,textbox_8.started,participant,session,date,expName,psychopyVersion,frameRate,
,,,,,,,,,,,,,,,,,,,,,,,,0,6,7.682012500008568,7.682012500008568,space,0.3452181000029668,,,,,,,,,,,,,,,,,,,346205,001,2023-09-26_18h06.53.889,generalizability,2022.2.5,59.96879224025063,
,,,,,,,,,,,,,,,,,,,,,,,,,,,,,,8.06433520000428,8.06433520000428,space,0.17493400000967085,,,,,,,,,,,,,,,346205,001,2023-09-26_18h06.53.889,generalizability,2022.2.5,59.96879224025063,
,,,,,,,,,,,,,,,,,,,,,,,,,,,,,,,,,,8.2642993000336,8.2642993000336,space,0.47604630002751946,,,,,,,,,,,346205,001,2023-09-26_18h06.53.889,generalizability,2022.2.5,59.96879224025063,
,,,,,,,,,,,,,,,,,,,,,,,,,,,,,,,,,,,,,,8.997654400067404,9.497674499987625,9.497674499987625,9.497674499987625,berkodan,n,1.1050761999795213,10.647644600016065,10.647644600016065,10.647644600016065,,,,,,,
