﻿select_condition,stem,suffix,label,stem_filename,file,filepath,image_size,demo_info.thisRepN,demo_info.thisTrialN,demo_info.thisN,demo_info.thisIndex,pretraining_plus_test.thisRepN,pretraining_plus_test.thisTrialN,pretraining_plus_test.thisN,pretraining_plus_test.thisIndex,which_condition.thisRepN,which_condition.thisTrialN,which_condition.thisN,which_condition.thisIndex,training_block.thisRepN,training_block.thisTrialN,training_block.thisN,training_block.thisIndex,pretraining,condition,begin_text.started,key_resp_11.started,key_resp_11.keys,key_resp_11.rt,instructions_text.started,key_resp_4.started,key_resp_4.keys,key_resp_4.rt,experiment_start.started,experiment_start_resp.started,experiment_start_resp.keys,experiment_start_resp.rt,image.started,text_11.started,textbox_7.started,key_resp_18.started,textbox_7.text,key_resp_18.keys,key_resp_18.rt,image_8.started,text_17.started,textbox_8.started,image_8.stopped,text_17.stopped,textbox_8.stopped,text_25.started,text_25.stopped,participant,session,date,expName,psychopyVersion,frameRate,
,,,,,,,,,,,,,,,,,,,,,,,,100,2,8.11131179984659,8.11131179984659,space,0.516452900134027,,,,,,,,,,,,,,,,,,,,,,,,365623,001,2023-10-04_18h11.49.136,generalizability,2022.2.5,60.02433386855881,
,,,,,,,,,,,,,,,,,,,,,,,,,,,,,,8.661147499922663,8.661147499922663,space,0.2126183002255857,,,,,,,,,,,,,,,,,,,,365623,001,2023-10-04_18h11.49.136,generalizability,2022.2.5,60.02433386855881,
,,,,,,,,,,,,,,,,,,,,,,,,,,,,,,,,,,8.894147699931636,8.894147699931636,space,0.21069410000927746,,,,,,,,,,,,,,,,365623,001,2023-10-04_18h11.49.136,generalizability,2022.2.5,60.02433386855881,
Condition2.csv,berko,nem,berkonem,2,2_dim_sg.PNG,stems_all/2_dim_sg.PNG,"[0.2, 0.2]",,,,,,,,,0,0,0,0,0,0,0,13,,,,,,,,,,,,,,,9.360826099989936,10.610903699882329,10.610903699882329,10.610903699882329,berkonem,return,1.4485600001644343,12.077537399949506,12.077537399949506,12.077537399949506,13.077515799785033,13.077515799785033,13.077515799785033,13.077515799785033,13.827527899993584,365623,001,2023-10-04_18h11.49.136,generalizability,2022.2.5,60.02433386855881,
Condition2.csv,bal,dan,baldan,1,1_2.PNG,stems_all/1_2.PNG,"[0.35, 0.35]",,,,,,,,,0,0,0,0,0,1,1,1,,,,,,,,,,,,,,,14.06089249998331,15.310875599971041,15.310875599971041,15.310875599971041,baldan,return,1.102602400118485,16.44423299981281,16.44423299981281,16.44423299981281,17.444279699819162,17.444279699819162,17.444279699819162,17.444279699819162,18.19428459997289,365623,001,2023-10-04_18h11.49.136,generalizability,2022.2.5,60.02433386855881,
Condition2.csv,bal,dan,baldan,1,1_2.PNG,stems_all/1_2.PNG,"[0.35, 0.35]",,,,,,,,,0,0,0,0,0,2,2,3,,,,,,,,,,,,,,,18.427711699856445,19.677632699953392,19.677632699953392,19.677632699953392,baldan,return,2.0820566001348197,21.777670899871737,21.777670899871737,21.777670899871737,22.77779969992116,22.77779969992116,22.77779969992116,22.77779969992116,23.527679899940267,365623,001,2023-10-04_18h11.49.136,generalizability,2022.2.5,60.02433386855881,
,,,,,,,,,,,,,,,,,,,,,,,,,,,,,,,,,,,,,,23.761029799934477,25.027708699926734,25.027708699926734,25.027708699926734,balshoon,return,1.8001668001525104,26.84448719979264,26.84448719979264,26.84448719979264,27.844669400015846,27.844669400015846,27.844669400015846,27.844669400015846,,,,,,,,
