﻿prod_label,file,prod_image1,prod_image2,prod_condition,alt_image1,alt_image2,prod_image2_size,alt_image2_size,prod_image2_location,alt_image1_location,alt_image2_location,demo_info.thisRepN,demo_info.thisTrialN,demo_info.thisN,demo_info.thisIndex,which_condition.thisRepN,which_condition.thisTrialN,which_condition.thisN,which_condition.thisIndex,production_block.thisRepN,production_block.thisTrialN,production_block.thisN,production_block.thisIndex,begin_text.started,key_resp_11.started,key_resp_11.keys,key_resp_11.rt,instructions_text.started,key_resp_4.started,key_resp_4.keys,key_resp_4.rt,experiment_start.started,experiment_start_resp.started,experiment_start_resp.keys,experiment_start_resp.rt,instr.started,key_resp_14.started,key_resp_14.keys,key_resp_14.rt,image_prod1.started,image_2.started,alternate_image2.started,image_3.started,image_prod1.stopped,production_text.started,production_image.started,prod_resp.started,text_12.started,key_resp_15.started,image_2.stopped,alternate_image2.stopped,image_3.stopped,prod_resp.text,key_resp_15.keys,key_resp_15.rt,participant,session,date,expName,psychopyVersion,frameRate,
,,,,,,,,,,,,,,,,,,,,,,,,8.30131939984858,8.30131939984858,space,0.5015828998293728,,,,,,,,,,,,,,,,,,,,,,,,,,,,,366885,001,2023-09-08_15h47.47.088,Recognizability_SONA,2022.2.5,60.49423791235885,
,,,,,,,,,,,,,,,,,,,,,,,,,,,,8.850372399901971,8.850372399901971,space,0.5586528000421822,,,,,,,,,,,,,,,,,,,,,,,,,366885,001,2023-09-08_15h47.47.088,Recognizability_SONA,2022.2.5,60.49423791235885,
,,,,,,,,,,,,,,,,,,,,,,,,,,,,,,,,9.433693799888715,9.433693799888715,space,0.7225031999405473,,,,,,,,,,,,,,,,,,,,,366885,001,2023-09-08_15h47.47.088,Recognizability_SONA,2022.2.5,60.49423791235885,
,,,,,,,,,,,,,,,,,,,,,,,,,,,,,,,,,,,,10.183715200051665,10.183715200051665,space,0.8886863000225276,,,,,,,,,,,,,,,,,366885,001,2023-09-08_15h47.47.088,Recognizability_SONA,2022.2.5,60.49423791235885,
kora,3_dim_sg.PNG,stems_all/3.PNG,stems_all/3_dim_sg.PNG,familiar,stems_all/3_dim_pl.PNG,stems_all/3_2.PNG,"[0.2, 0.2]","[0.35, 0.35]",prod_image_locations[3],prod_image_locations[1],prod_image_locations[2],,,,,,,,,0,0,0,2,,,,,,,,,,,,,,,,,11.133769100066274,11.583754800027236,11.583754800027236,11.583754800027236,11.633817999856547,12.083828399889171,12.083828399889171,12.083828399889171,12.083828399889171,12.083828399889171,12.083828399889171,12.083828399889171,12.083828399889171,koranem,return,8.70728880004026,366885,001,2023-09-08_15h47.47.088,Recognizability_SONA,2022.2.5,60.49423791235885,
,,,,,,,,,,,,,,,,,,,,,,,,,,,,,,,,,,,,,,,,20.833947299979627,21.300559599883854,21.300559599883854,21.300559599883854,21.33395850006491,21.800562599906698,21.800562599906698,21.800562599906698,21.800562599906698,21.800562599906698,21.800562599906698,21.800562599906698,21.800562599906698,,,,,,,,,,
