﻿demo_info.thisRepN,demo_info.thisTrialN,demo_info.thisN,demo_info.thisIndex,which_condition.thisRepN,which_condition.thisTrialN,which_condition.thisN,which_condition.thisIndex,production_block.thisRepN,production_block.thisTrialN,production_block.thisN,production_block.thisIndex,prod_label,file,prod_image1,prod_image2,prod_condition,alt_image1,alt_image2,begin_text.started,key_resp_11.started,key_resp_11.keys,key_resp_11.rt,instructions_text.started,key_resp_4.started,key_resp_4.keys,key_resp_4.rt,experiment_start.started,experiment_start_resp.started,experiment_start_resp.keys,experiment_start_resp.rt,instr.started,key_resp_14.started,key_resp_14.keys,key_resp_14.rt,participant,session,date,expName,psychopyVersion,frameRate,
,,,,,,,,,,,,,,,,,,,9.21016169997165,9.21016169997165,space,1.1857694000354968,,,,,,,,,,,,,419449,001,2023-08-26_17h36.16.224,Recognizability_SONA,2022.2.5,60.00873728279078,
,,,,,,,,,,,,,,,,,,,,,,,10.44268059998285,10.44268059998285,space,0.4743631000164896,,,,,,,,,419449,001,2023-08-26_17h36.16.224,Recognizability_SONA,2022.2.5,60.00873728279078,
,,,,,,,,,,,,,,,,,,,,,,,,,,,10.942728199996054,10.942728199996054,space,0.3844118000124581,,,,,419449,001,2023-08-26_17h36.16.224,Recognizability_SONA,2022.2.5,60.00873728279078,
,,,,,,,,,,,,,,,,,,,,,,,,,,,,,,,11.359391300007701,11.359391300007701,space,0.40784509998047724,419449,001,2023-08-26_17h36.16.224,Recognizability_SONA,2022.2.5,60.00873728279078,
