﻿demo_info.thisRepN,demo_info.thisTrialN,demo_info.thisN,demo_info.thisIndex,which_condition.thisRepN,which_condition.thisTrialN,which_condition.thisN,which_condition.thisIndex,production_block.thisRepN,production_block.thisTrialN,production_block.thisN,production_block.thisIndex,comprehension_block.thisRepN,comprehension_block.thisTrialN,comprehension_block.thisN,comprehension_block.thisIndex,stem,left_label,left_suffix,right_label,right_suffix,comp_image,comp_condition_stem,comp_condition_suffix,begin_text.started,key_resp_11.started,key_resp_11.keys,key_resp_11.rt,instructions_text.started,key_resp_4.started,key_resp_4.keys,key_resp_4.rt,experiment_start.started,experiment_start_resp.started,experiment_start_resp.keys,experiment_start_resp.rt,instr.started,key_resp_14.started,key_resp_14.keys,key_resp_14.rt,text_13.started,text_13.stopped,image_comp.started,text_14.started,label_right.started,key_resp_16.started,text_15.started,participant,session,date,expName,psychopyVersion,frameRate,
,,,,,,,,,,,,,,,,,,,,,,,,9.647325500031002,9.647325500031002,space,3.146571599994786,,,,,,,,,,,,,,,,,,,,427706,001,2023-08-26_16h21.55.232,Recognizability_SONA,2022.2.5,59.98886607246478,
,,,,,,,,,,,,,,,,,,,,,,,,,,,,12.846209599985741,12.846209599985741,space,3.311400600010529,,,,,,,,,,,,,,,,427706,001,2023-08-26_16h21.55.232,Recognizability_SONA,2022.2.5,59.98886607246478,
,,,,,,,,,,,,,,,,,,,,,,,,,,,,,,,,16.179586999991443,16.179586999991443,space,0.9942539000185207,,,,,,,,,,,,427706,001,2023-08-26_16h21.55.232,Recognizability_SONA,2022.2.5,59.98886607246478,
,,,,,,,,,,,,,,,,,,,,,,,,,,,,,,,,,,,,17.196225600026082,17.196225600026082,space,2.617219399951864,,,,,,,,427706,001,2023-08-26_16h21.55.232,Recognizability_SONA,2022.2.5,59.98886607246478,
,,,,,,,,,,,,,,,,,,,,,,,,,,,,,,,,,,,,,,,,19.846292999980506,20.862969500012696,20.862969500012696,20.862969500012696,20.862969500012696,20.862969500012696,20.862969500012696,,,,,,,
