﻿prod_label,file,prod_image,prod_condition,which_condition.thisRepN,which_condition.thisTrialN,which_condition.thisN,which_condition.thisIndex,production_block.thisRepN,production_block.thisTrialN,production_block.thisN,production_block.thisIndex,begin_text.started,key_resp_11.started,key_resp_11.keys,key_resp_11.rt,consent_image.started,text_10.started,consent_resp.started,consent_resp.keys,consent_resp.rt,demographic_instr.started,text_9.started,key_resp_3.started,key_resp_3.keys,key_resp_3.rt,age_text.started,textbox.started,key_resp_5.started,text_3.started,textbox.text,key_resp_5.keys,key_resp_5.rt,age_text_2.started,textbox_2.started,key_resp_6.started,text_4.started,textbox_2.text,key_resp_6.keys,key_resp_6.rt,age_text_3.started,textbox_3.started,key_resp_7.started,text_5.started,textbox_3.text,key_resp_7.keys,key_resp_7.rt,age_text_5.started,textbox_5.started,key_resp_9.started,text_7.started,textbox_5.text,key_resp_9.keys,key_resp_9.rt,age_text_6.started,textbox_6.started,key_resp_10.started,text_8.started,textbox_6.text,key_resp_10.keys,key_resp_10.rt,age_text_4.started,textbox_4.started,key_resp_8.started,text_6.started,textbox_4.text,key_resp_8.keys,key_resp_8.rt,instructions_text.started,key_resp_4.started,key_resp_4.keys,key_resp_4.rt,experiment_start.started,experiment_start_resp.started,experiment_start_resp.keys,experiment_start_resp.rt,instr.started,key_resp_14.started,key_resp_14.keys,key_resp_14.rt,production_text.started,production_image.started,prod_resp.started,text_12.started,key_resp_15.started,prod_resp.text,key_resp_15.keys,key_resp_15.rt,participant,session,date,expName,psychopyVersion,frameRate,
,,,,,,,,,,,,8.225105200021062,8.225105200021062,space,0.838548100029584,,,,,,,,,,,,,,,,,,,,,,,,,,,,,,,,,,,,,,,,,,,,,,,,,,,,,,,,,,,,,,,,,,,,,,,,,460675,001,2023-08-25_16h00.17.463,Recognizability_SONA,2022.2.5,59.948480288520905,
,,,,,,,,,,,,,,,,9.090872700035106,9.090872700035106,9.090872700035106,space,0.3698434999678284,,,,,,,,,,,,,,,,,,,,,,,,,,,,,,,,,,,,,,,,,,,,,,,,,,,,,,,,,,,,,,,,,,,,460675,001,2023-08-25_16h00.17.463,Recognizability_SONA,2022.2.5,59.948480288520905,
,,,,,,,,,,,,,,,,,,,,,9.507595800037961,9.507595800037961,9.507595800037961,space,0.5672946000122465,,,,,,,,,,,,,,,,,,,,,,,,,,,,,,,,,,,,,,,,,,,,,,,,,,,,,,,,,,,,,,,460675,001,2023-08-25_16h00.17.463,Recognizability_SONA,2022.2.5,59.948480288520905,
,,,,,,,,,,,,,,,,,,,,,,,,,,10.107500199985225,10.107500199985225,10.107500199985225,10.107500199985225, ,tab,0.3754538000212051,,,,,,,,,,,,,,,,,,,,,,,,,,,,,,,,,,,,,,,,,,,,,,,,,,,,,,,,460675,001,2023-08-25_16h00.17.463,Recognizability_SONA,2022.2.5,59.948480288520905,
,,,,,,,,,,,,,,,,,,,,,,,,,,,,,,,,,10.507504499983042,10.507504499983042,10.507504499983042,10.507504499983042,,tab,0.21251440001651645,,,,,,,,,,,,,,,,,,,,,,,,,,,,,,,,,,,,,,,,,,,,,,,,,460675,001,2023-08-25_16h00.17.463,Recognizability_SONA,2022.2.5,59.948480288520905,
,,,,,,,,,,,,,,,,,,,,,,,,,,,,,,,,,,,,,,,,10.740863699989859,10.740863699989859,10.740863699989859,10.740863699989859,,tab,0.16118619998451322,,,,,,,,,,,,,,,,,,,,,,,,,,,,,,,,,,,,,,,,,,460675,001,2023-08-25_16h00.17.463,Recognizability_SONA,2022.2.5,59.948480288520905,
,,,,,,,,,,,,,,,,,,,,,,,,,,,,,,,,,,,,,,,,,,,,,,,10.92417180002667,10.92417180002667,10.92417180002667,10.92417180002667,,tab,0.18992619996424764,,,,,,,,,,,,,,,,,,,,,,,,,,,,,,,,,,,460675,001,2023-08-25_16h00.17.463,Recognizability_SONA,2022.2.5,59.948480288520905,
,,,,,,,,,,,,,,,,,,,,,,,,,,,,,,,,,,,,,,,,,,,,,,,,,,,,,,11.140871300012805,11.140871300012805,11.140871300012805,11.140871300012805,,tab,0.39433140004985034,,,,,,,,,,,,,,,,,,,,,,,,,,,,460675,001,2023-08-25_16h00.17.463,Recognizability_SONA,2022.2.5,59.948480288520905,
,,,,,,,,,,,,,,,,,,,,,,,,,,,,,,,,,,,,,,,,,,,,,,,,,,,,,,,,,,,,,11.557518600020558,11.557518600020558,11.557518600020558,11.557518600020558,,tab,0.36976319999666885,,,,,,,,,,,,,,,,,,,,,460675,001,2023-08-25_16h00.17.463,Recognizability_SONA,2022.2.5,59.948480288520905,
,,,,,,,,,,,,,,,,,,,,,,,,,,,,,,,,,,,,,,,,,,,,,,,,,,,,,,,,,,,,,,,,,,,,11.957537100010086,11.957537100010086,space,0.5558836000273004,,,,,,,,,,,,,,,,,460675,001,2023-08-25_16h00.17.463,Recognizability_SONA,2022.2.5,59.948480288520905,
,,,,,,,,,,,,,,,,,,,,,,,,,,,,,,,,,,,,,,,,,,,,,,,,,,,,,,,,,,,,,,,,,,,,,,,,12.540892100019846,12.540892100019846,space,0.43464430002495646,,,,,,,,,,,,,460675,001,2023-08-25_16h00.17.463,Recognizability_SONA,2022.2.5,59.948480288520905,
,,,,,,,,,,,,,,,,,,,,,,,,,,,,,,,,,,,,,,,,,,,,,,,,,,,,,,,,,,,,,,,,,,,,,,,,,,,,13.0075618000119,13.0075618000119,space,2.0764391000266187,,,,,,,,,460675,001,2023-08-25_16h00.17.463,Recognizability_SONA,2022.2.5,59.948480288520905,
berko,2_dim_pl.PNG,stems_all/2_dim_pl.PNG,familiar,,,,,0,0,0,7,,,,,,,,,,,,,,,,,,,,,,,,,,,,,,,,,,,,,,,,,,,,,,,,,,,,,,,,,,,,,,,,,,,,,15.124219799996354,15.124219799996354,15.124219799996354,15.124219799996354,15.124219799996354, ,space,8.211621600028593,460675,001,2023-08-25_16h00.17.463,Recognizability_SONA,2022.2.5,59.948480288520905,
,,,,,,,,,,,,,,,,,,,,,,,,,,,,,,,,,,,,,,,,,,,,,,,,,,,,,,,,,,,,,,,,,,,,,,,,,,,,,,,,23.374334099993575,23.374334099993575,23.374334099993575,23.374334099993575,23.374334099993575,,,,,,,,,,
