﻿prod_label,file,prod_image1,prod_image2,prod_condition,alt_image1,alt_image2,demo_info.thisRepN,demo_info.thisTrialN,demo_info.thisN,demo_info.thisIndex,which_condition.thisRepN,which_condition.thisTrialN,which_condition.thisN,which_condition.thisIndex,production_block.thisRepN,production_block.thisTrialN,production_block.thisN,production_block.thisIndex,begin_text.started,key_resp_11.started,key_resp_11.keys,key_resp_11.rt,instructions_text.started,key_resp_4.started,key_resp_4.keys,key_resp_4.rt,experiment_start.started,experiment_start_resp.started,experiment_start_resp.keys,experiment_start_resp.rt,instr.started,key_resp_14.started,key_resp_14.keys,key_resp_14.rt,image_prod1.started,production_text.started,image_prod1.stopped,production_image.started,prod_resp.started,text_12.started,key_resp_15.started,image_2.started,alternate_image2.started,image_3.started,image_2.stopped,alternate_image2.stopped,image_3.stopped,prod_resp.text,key_resp_15.keys,key_resp_15.rt,participant,session,date,expName,psychopyVersion,frameRate,
,,,,,,,,,,,,,,,,,,,8.41879860003246,8.41879860003246,space,0.8400571000529453,,,,,,,,,,,,,,,,,,,,,,,,,,,,,483503,001,2023-08-26_17h39.41.927,Recognizability_SONA,2022.2.5,59.49236356630202,
,,,,,,,,,,,,,,,,,,,,,,,9.301343800034374,9.301343800034374,space,0.19362589996308088,,,,,,,,,,,,,,,,,,,,,,,,,483503,001,2023-08-26_17h39.41.927,Recognizability_SONA,2022.2.5,59.49236356630202,
,,,,,,,,,,,,,,,,,,,,,,,,,,,9.518004800018389,9.518004800018389,space,0.19392420002259314,,,,,,,,,,,,,,,,,,,,,483503,001,2023-08-26_17h39.41.927,Recognizability_SONA,2022.2.5,59.49236356630202,
,,,,,,,,,,,,,,,,,,,,,,,,,,,,,,,9.734658600005787,9.734658600005787,space,0.273348500020802,,,,,,,,,,,,,,,,,483503,001,2023-08-26_17h39.41.927,Recognizability_SONA,2022.2.5,59.49236356630202,
shinti,14_dim_pl.PNG,stems_all/14.PNG,stems_all/14_dim_pl.PNG,novel,stems_all/14_dim_sg.PNG,stems_all/14_2.PNG,,,,,,,,,0,0,0,10,,,,,,,,,,,,,,,,,10.051343600032851,10.118037900014315,10.151325100043323,10.21805000002496,10.21805000002496,10.21805000002496,10.21805000002496,10.21805000002496,10.21805000002496,10.21805000002496,10.418261800019536,10.418261800019536,10.418261800019536,shintidan ,space,7.817783500009682,483503,001,2023-08-26_17h39.41.927,Recognizability_SONA,2022.2.5,59.49236356630202,
,,,,,,,,,,,,,,,,,,,,,,,,,,,,,,,,,,,18.084754100011196,18.15146389999427,18.18478850001702,18.251462000014726,18.251462000014726,18.251462000014726,18.251462000014726,18.251462000014726,18.251462000014726,18.251462000014726,18.45146020001266,18.45146020001266,18.45146020001266,,,,,,,,,,
