﻿prod_label,file,prod_image1,prod_image2,prod_condition,alt_image1,alt_image2,prod_image2_size,alt_image2_size,prod_image2_location,alt_image1_location,alt_image2_location,demo_info.thisRepN,demo_info.thisTrialN,demo_info.thisN,demo_info.thisIndex,pretraining_plus_test.thisRepN,pretraining_plus_test.thisTrialN,pretraining_plus_test.thisN,pretraining_plus_test.thisIndex,which_condition.thisRepN,which_condition.thisTrialN,which_condition.thisN,which_condition.thisIndex,production_block.thisRepN,production_block.thisTrialN,production_block.thisN,production_block.thisIndex,pretraining,condition,begin_text.started,key_resp_11.started,key_resp_11.keys,key_resp_11.rt,instructions_text.started,key_resp_4.started,key_resp_4.keys,key_resp_4.rt,experiment_start.started,experiment_start_resp.started,experiment_start_resp.keys,experiment_start_resp.rt,instr.started,key_resp_14.started,key_resp_14.keys,key_resp_14.rt,image_prod1_2.started,production_text_2.started,production_text_2.stopped,production_image.started,image_2.started,alternate_image2.started,image_3.started,prod_resp.started,text_12.started,key_resp_15.started,image_2.stopped,alternate_image2.stopped,image_3.stopped,prod_resp.text,key_resp_15.keys,key_resp_15.rt,text_25.started,text_25.stopped,image_prod1_2.stopped,participant,session,date,expName,psychopyVersion,frameRate,
,,,,,,,,,,,,,,,,,,,,,,,,,,,,100,1,9.626293099950999,9.626293099950999,space,0.45308029977604747,,,,,,,,,,,,,,,,,,,,,,,,,,,,,,,,496376,001,2023-10-04_19h10.18.710,generalizability,2022.2.5,59.96947554188729,
,,,,,,,,,,,,,,,,,,,,,,,,,,,,,,,,,,10.125085599953309,10.125085599953309,return,0.945434499764815,,,,,,,,,,,,,,,,,,,,,,,,,,,,496376,001,2023-10-04_19h10.18.710,generalizability,2022.2.5,59.96947554188729,
,,,,,,,,,,,,,,,,,,,,,,,,,,,,,,,,,,,,,,11.091772800078616,11.091772800078616,return,0.3528338996693492,,,,,,,,,,,,,,,,,,,,,,,,496376,001,2023-10-04_19h10.18.710,generalizability,2022.2.5,59.96947554188729,
,,,,,,,,,,,,,,,,,,,,,,,,,,,,,,,,,,,,,,,,,,11.475074399961159,11.475074399961159,return,0.5687147998251021,,,,,,,,,,,,,,,,,,,,496376,001,2023-10-04_19h10.18.710,generalizability,2022.2.5,59.96947554188729,
bal,1_dim_sg.PNG,stems_all/1.PNG,stems_all/1_dim_sg.PNG,familiar,stems_all/1_dim_pl.PNG,stems_all/1_2.PNG,"[0.2, 0.2]","[0.35, 0.35]","[0.2, 0.22]","[0.2, -0.18]","[-0.2, -0.18]",,,,,,,,,,,,,0,0,0,0,,,,,,,,,,,,,,,,,,,12.077414700062945,13.558710800018162,15.058483500033617,15.108484799973667,15.108484799973667,15.108484799973667,15.108484799973667,15.808495200006291,15.808495200006291,15.808495200006291,15.858485199976712,15.858485199976712,15.858485199976712,,return,0.728279999922961,16.558696700027213,17.30849019996822,,496376,001,2023-10-04_19h10.18.710,generalizability,2022.2.5,59.96947554188729,
pil,13_dim_pl.PNG,stems_all/13.PNG,stems_all/13_dim_pl.PNG,novel,stems_all/13_dim_sg.PNG,stems_all/13_2.PNG,"[0.2, 0.2]","[0.35, 0.35]","[0.2, -0.18]","[0.2, 0.22]","[-0.2, -0.18]",,,,,,,,,,,,,0,1,1,9,,,,,,,,,,,,,,,,,,,17.30849019996822,18.791915700072423,20.29188819997944,20.32527400017716,20.32527400017716,20.32527400017716,20.32527400017716,21.04190760012716,21.04190760012716,21.04190760012716,21.075204900000244,21.075204900000244,21.075204900000244,,return,0.7940463998820633,21.858566400129348,22.608556600054726,20.32527400017716,496376,001,2023-10-04_19h10.18.710,generalizability,2022.2.5,59.96947554188729,
,,,,,,,,,,,,,,,,,,,,,,,,,,,,,,,,,,,,,,,,,,,,,,22.608556600054726,24.091932900017127,25.591967000160366,25.625283899949864,25.625283899949864,25.625283899949864,25.625283899949864,26.341931600123644,26.341931600123644,26.341931600123644,26.37526370002888,26.37526370002888,26.37526370002888,,,,,,25.625283899949864,,,,,,,
