﻿demo_info.thisRepN,demo_info.thisTrialN,demo_info.thisN,demo_info.thisIndex,which_condition.thisRepN,which_condition.thisTrialN,which_condition.thisN,which_condition.thisIndex,production_block.thisRepN,production_block.thisTrialN,production_block.thisN,production_block.thisIndex,comprehension_block.thisRepN,comprehension_block.thisTrialN,comprehension_block.thisN,comprehension_block.thisIndex,begin_text.started,key_resp_11.started,key_resp_11.keys,key_resp_11.rt,instructions_text.started,key_resp_4.started,key_resp_4.keys,key_resp_4.rt,experiment_start.started,experiment_start_resp.started,experiment_start_resp.keys,experiment_start_resp.rt,instr.started,key_resp_14.started,key_resp_14.keys,key_resp_14.rt,text_13.started,text_13.stopped,experiment_over.started,key_resp_13.started,key_resp_13.keys,key_resp_13.rt,participant,session,date,expName,psychopyVersion,frameRate,
,,,,,,,,,,,,,,,,8.537674200022593,8.537674200022593,space,1.3882876000134274,,,,,,,,,,,,,,,,,,,504078,001,2023-08-26_17h34.51.279,Recognizability_SONA,2022.2.5,59.989729749901365,
,,,,,,,,,,,,,,,,,,,,9.970110099995509,9.970110099995509,space,0.6680096000200137,,,,,,,,,,,,,,,504078,001,2023-08-26_17h34.51.279,Recognizability_SONA,2022.2.5,59.989729749901365,
,,,,,,,,,,,,,,,,,,,,,,,,10.670118000009097,10.670118000009097,space,0.5611572999623604,,,,,,,,,,,504078,001,2023-08-26_17h34.51.279,Recognizability_SONA,2022.2.5,59.989729749901365,
,,,,,,,,,,,,,,,,,,,,,,,,,,,,11.253428800031543,11.253428800031543,space,0.6629867000156082,,,,,,,504078,001,2023-08-26_17h34.51.279,Recognizability_SONA,2022.2.5,59.989729749901365,
,,,,,,,,,,,,,,,,,,,,,,,,,,,,,,,,11.936750799999572,12.936753700021654,12.936753700021654,12.936753700021654,space,1.2002342999912798,504078,001,2023-08-26_17h34.51.279,Recognizability_SONA,2022.2.5,59.989729749901365,
