﻿stem,label,filepath,image_size,select_condition,suffix,stem_filename,file,demo_info.thisRepN,demo_info.thisTrialN,demo_info.thisN,demo_info.thisIndex,pretraining_plus_test.thisRepN,pretraining_plus_test.thisTrialN,pretraining_plus_test.thisN,pretraining_plus_test.thisIndex,pretraining_loop.thisRepN,pretraining_loop.thisTrialN,pretraining_loop.thisN,pretraining_loop.thisIndex,test_loop.thisRepN,test_loop.thisTrialN,test_loop.thisN,test_loop.thisIndex,which_condition.thisRepN,which_condition.thisTrialN,which_condition.thisN,which_condition.thisIndex,training_block.thisRepN,training_block.thisTrialN,training_block.thisN,training_block.thisIndex,pretraining,condition,begin_text.started,key_resp_11.started,key_resp_11.keys,key_resp_11.rt,consent_image.started,text_10.started,consent_resp.started,consent_resp.keys,consent_resp.rt,demographic_instr.started,text_9.started,key_resp_3.started,key_resp_3.keys,key_resp_3.rt,age_text.started,textbox.started,key_resp_5.started,text_3.started,textbox.text,key_resp_5.keys,key_resp_5.rt,age_text_5.started,textbox_5.started,key_resp_9.started,text_7.started,textbox_5.text,key_resp_9.keys,key_resp_9.rt,age_text_6.started,textbox_6.started,key_resp_10.started,text_8.started,textbox_6.text,key_resp_10.keys,key_resp_10.rt,instructions_text.started,key_resp_4.started,text_31.started,key_resp_4.keys,key_resp_4.rt,experiment_start.started,experiment_start_resp.started,text_32.started,experiment_start_resp.keys,experiment_start_resp.rt,text_23.started,key_resp_24.started,text_30.started,key_resp_24.keys,key_resp_24.rt,text_21.started,key_resp_22.started,text_33.started,key_resp_22.keys,key_resp_22.rt,image_6.started,text_20.started,textbox_10.started,key_resp_21.started,textbox_10.text,key_resp_21.keys,key_resp_21.rt,key_resp_23.keys,textbox_7.started,key_resp_18.started,text_28.started,image.started,text_11.started,textbox_7.text,key_resp_18.keys,key_resp_18.rt,image_8.started,text_17.started,textbox_8.started,text_29.started,image_8.stopped,text_17.stopped,textbox_8.stopped,text_29.stopped,participant,session,date,expName,psychopyVersion,frameRate,
,,,,,,,,,,,,,,,,,,,,,,,,,,,,,,,,0,2,8.367910099681467,8.367910099681467,space,0.49239830020815134,,,,,,,,,,,,,,,,,,,,,,,,,,,,,,,,,,,,,,,,,,,,,,,,,,,,,,,,,,,,,,,,,,,,,,,,,,,,524438,001,2023-10-10_15h30.24.772,generalizability,2022.2.5,60.00099601014786,
,,,,,,,,0,0,0,0,,,,,,,,,,,,,,,,,,,,,,,,,,,8.883896899875253,8.883896899875253,8.883896899875253,space,0.42255689995363355,9.350176599808037,9.350176599808037,9.350176599808037,space,0.4793119002133608,9.850230799987912,9.850230799987912,9.850230799987912,9.850230799987912, ,return,0.4993355995975435,10.36683510011062,10.36683510011062,10.36683510011062,10.36683510011062,"
",return,0.17178979981690645,10.566879999823868,10.566879999823868,10.566879999823868,10.566879999823868,"
",return,0.12275649979710579,,,,,,,,,,,,,,,,,,,,,,,,,,,,,,,,,,,,,,,,,,,,,524438,001,2023-10-10_15h30.24.772,generalizability,2022.2.5,60.00099601014786,
,,,,,,,,,,,,,,,,,,,,,,,,,,,,,,,,,,,,,,,,,,,,,,,,,,,,,,,,,,,,,,,,,,,,,10.733602500054985,13.700267899781466,13.700267899781466,return,0.4031544001773,,,,,,,,,,,,,,,,,,,,,,,,,,,,,,,,,,,,,,,,524438,001,2023-10-10_15h30.24.772,generalizability,2022.2.5,60.00099601014786,
,,,,,,,,,,,,,,,,,,,,,,,,,,,,,,,,,,,,,,,,,,,,,,,,,,,,,,,,,,,,,,,,,,,,,,,,,,14.133570599835366,17.11697269976139,17.11697269976139,return,0.21517679980024695,,,,,,,,,,,,,,,,,,,,,,,,,,,,,,,,,,,524438,001,2023-10-10_15h30.24.772,generalizability,2022.2.5,60.00099601014786,
berko,berko,stems_all/2.PNG,"[0.35, 0.35]",,,,,,,,,0,0,0,0,,,,,0,0,0,1,,,,,,,,,,,,,,,,,,,,,,,,,,,,,,,,,,,,,,,,,,,,,,,,,,,,,,,,17.350305600091815,20.333672999870032,20.333672999870032,return,0.28322859993204474,20.633631699718535,23.617025499697775,23.617025499697775,return,0.24759830022230744,24.117009799927473,24.117009799927473,24.117009799927473,24.117009799927473,berko,return,9.730871200095862,,,,,,,,,,,,,,,,,,524438,001,2023-10-10_15h30.24.772,generalizability,2022.2.5,60.00099601014786,
kudom,kudom,stems_all/8.PNG,"[0.35, 0.35]",,,,,,,,,0,0,0,0,,,,,0,1,1,7,,,,,,,,,,,,,,,,,,,,,,,,,,,,,,,,,,,,,,,,,,,,,,,,,,,,,,,,,,,,,,,,,,34.117161199916154,34.117161199916154,34.117161199916154,34.117161199916154,kudom,return,1.409141699783504,,,,,,,,,,,,,,,,,,524438,001,2023-10-10_15h30.24.772,generalizability,2022.2.5,60.00099601014786,
bani,bani,stems_all/6.PNG,"[0.35, 0.35]",,,,,,,,,0,0,0,0,,,,,0,2,2,5,,,,,,,,,,,,,,,,,,,,,,,,,,,,,,,,,,,,,,,,,,,,,,,,,,,,,,,,,,,,,,,,,,35.78389799967408,35.78389799967408,35.78389799967408,35.78389799967408,bani,return,2.828052599914372,,,,,,,,,,,,,,,,,,524438,001,2023-10-10_15h30.24.772,generalizability,2022.2.5,60.00099601014786,
chool,chool,stems_all/7.PNG,"[0.35, 0.35]",,,,,,,,,0,0,0,0,,,,,0,3,3,6,,,,,,,,,,,,,,,,,,,,,,,,,,,,,,,,,,,,,,,,,,,,,,,,,,,,,,,,,,,,,,,,,,38.86723760003224,38.86723760003224,38.86723760003224,38.86723760003224,chool,return,4.129713099915534,,,,,,,,,,,,,,,,,,524438,001,2023-10-10_15h30.24.772,generalizability,2022.2.5,60.00099601014786,
nako,nako,stems_all/4.PNG,"[0.35, 0.35]",,,,,,,,,0,0,0,0,,,,,0,4,4,3,,,,,,,,,,,,,,,,,,,,,,,,,,,,,,,,,,,,,,,,,,,,,,,,,,,,,,,,,,,,,,,,,,43.25059140007943,43.25059140007943,43.25059140007943,43.25059140007943,nako,return,1.2326826001517475,,,,,,,,,,,,,,,,,,524438,001,2023-10-10_15h30.24.772,generalizability,2022.2.5,60.00099601014786,
pipa,pipa,stems_all/5.PNG,"[0.35, 0.35]",,,,,,,,,0,0,0,0,,,,,0,5,5,4,,,,,,,,,,,,,,,,,,,,,,,,,,,,,,,,,,,,,,,,,,,,,,,,,,,,,,,,,,,,,,,,,,44.73396549979225,44.73396549979225,44.73396549979225,44.73396549979225,pipa,return,3.0285629997961223,,,,,,,,,,,,,,,,,,524438,001,2023-10-10_15h30.24.772,generalizability,2022.2.5,60.00099601014786,
vorke,vorke,stems_all/10.PNG,"[0.35, 0.35]",,,,,,,,,0,0,0,0,,,,,0,6,6,9,,,,,,,,,,,,,,,,,,,,,,,,,,,,,,,,,,,,,,,,,,,,,,,,,,,,,,,,,,,,,,,,,,48.034008499700576,48.034008499700576,48.034008499700576,48.034008499700576,vorke,return,6.392016999889165,,,,,,,,,,,,,,,,,,524438,001,2023-10-10_15h30.24.772,generalizability,2022.2.5,60.00099601014786,
kora,kora,stems_all/3.PNG,"[0.35, 0.35]",,,,,,,,,0,0,0,0,,,,,0,7,7,2,,,,,,,,,,,,,,,,,,,,,,,,,,,,,,,,,,,,,,,,,,,,,,,,,,,,,,,,,,,,,,,,,,54.68443170003593,54.68443170003593,54.68443170003593,54.68443170003593,kora,return,3.6134468000382185,,,,,,,,,,,,,,,,,,524438,001,2023-10-10_15h30.24.772,generalizability,2022.2.5,60.00099601014786,
,,,,,,,,,,,,0,0,0,0,,,,,,,,,,,,,,,,,,,,,,,,,,,,,,,,,,,,,,,,,,,,,,,,,,,,,,,,,,,,,,,,,,,,,,,,,,,,,,,,,None,,,,,,,,,,,,,,,,,524438,001,2023-10-10_15h30.24.772,generalizability,2022.2.5,60.00099601014786,
berko,berkodan,stems_all/2_2.PNG,"[0.35, 0.35]",Condition2.csv,dan,2,2_2.PNG,,,,,,,,,,,,,,,,,0,0,0,0,0,0,0,4,,,,,,,,,,,,,,,,,,,,,,,,,,,,,,,,,,,,,,,,,,,,,,,,,,,,,,,,,,,,,,,,,,58.33420699974522,58.33420699974522,58.33420699974522,58.567447300069034,59.81752419983968,berkodan,return,10.07197040040046,68.45099420007318,68.45099420007318,68.45099420007318,68.45099420007318,68.9677164000459,68.9677164000459,68.9677164000459,68.9677164000459,524438,001,2023-10-10_15h30.24.772,generalizability,2022.2.5,60.00099601014786,
,,,,,,,,,,,,,,,,,,,,,,,,,,,,,,,,,,,,,,,,,,,,,,,,,,,,,,,,,,,,,,,,,,,,,,,,,,,,,,,,,,,,,,,,,,,,,,,,,68.9677164000459,68.9677164000459,68.9677164000459,68.9677164000459,68.9677164000459,balshoon,return,4.253534800373018,73.2510357000865,73.2510357000865,73.2510357000865,73.2510357000865,,,,,,,,,,,
