﻿select_condition,stem,suffix,label,stem_filename,file,filepath,which_condition.thisRepN,which_condition.thisTrialN,which_condition.thisN,which_condition.thisIndex,training_block.thisRepN,training_block.thisTrialN,training_block.thisN,training_block.thisIndex,begin_text.started,key_resp_11.started,key_resp_11.keys,key_resp_11.rt,consent_image.started,text_10.started,consent_resp.started,consent_resp.keys,consent_resp.rt,demographic_instr.started,text_9.started,key_resp_3.started,key_resp_3.keys,key_resp_3.rt,age_text.started,textbox.started,key_resp_5.started,text_3.started,textbox.text,key_resp_5.keys,key_resp_5.rt,age_text_2.started,textbox_2.started,key_resp_6.started,text_4.started,textbox_2.text,key_resp_6.keys,key_resp_6.rt,age_text_3.started,textbox_3.started,key_resp_7.started,text_5.started,textbox_3.text,key_resp_7.keys,key_resp_7.rt,age_text_5.started,textbox_5.started,key_resp_9.started,text_7.started,textbox_5.text,key_resp_9.keys,key_resp_9.rt,age_text_6.started,textbox_6.started,key_resp_10.started,text_8.started,textbox_6.text,key_resp_10.keys,key_resp_10.rt,age_text_4.started,textbox_4.started,key_resp_8.started,text_6.started,textbox_4.text,key_resp_8.keys,key_resp_8.rt,instructions_text.started,key_resp_4.started,key_resp_4.keys,key_resp_4.rt,experiment_start.started,experiment_start_resp.started,experiment_start_resp.keys,experiment_start_resp.rt,image.started,text_11.started,text_12.started,image.stopped,text_11.stopped,participant,session,date,expName,psychopyVersion,frameRate,
,,,,,,,,,,,,,,,10.507785600028,10.507785600028,space,0.40173039998626336,,,,,,,,,,,,,,,,,,,,,,,,,,,,,,,,,,,,,,,,,,,,,,,,,,,,,,,,,,,,,,,,,,530803,001,2023-08-25_15h17.09.718,Recognizability_SONA,2022.2.5,60.00254411327206,
,,,,,,,,,,,,,,,,,,,10.940131500014104,10.940131500014104,10.940131500014104,space,0.3554499000310898,,,,,,,,,,,,,,,,,,,,,,,,,,,,,,,,,,,,,,,,,,,,,,,,,,,,,,,,,,,,,530803,001,2023-08-25_15h17.09.718,Recognizability_SONA,2022.2.5,60.00254411327206,
,,,,,,,,,,,,,,,,,,,,,,,,11.340150200005155,11.340150200005155,11.340150200005155,space,0.27266230003442615,,,,,,,,,,,,,,,,,,,,,,,,,,,,,,,,,,,,,,,,,,,,,,,,,,,,,,,,530803,001,2023-08-25_15h17.09.718,Recognizability_SONA,2022.2.5,60.00254411327206,
,,,,,,,,,,,,,,,,,,,,,,,,,,,,,11.640163900039624,11.640163900039624,11.640163900039624,11.640163900039624, ,tab,0.3368250000057742,,,,,,,,,,,,,,,,,,,,,,,,,,,,,,,,,,,,,,,,,,,,,,,,,530803,001,2023-08-25_15h17.09.718,Recognizability_SONA,2022.2.5,60.00254411327206,
,,,,,,,,,,,,,,,,,,,,,,,,,,,,,,,,,,,,12.006826800003182,12.006826800003182,12.006826800003182,12.006826800003182,,tab,0.15211249998537824,,,,,,,,,,,,,,,,,,,,,,,,,,,,,,,,,,,,,,,,,,530803,001,2023-08-25_15h17.09.718,Recognizability_SONA,2022.2.5,60.00254411327206,
,,,,,,,,,,,,,,,,,,,,,,,,,,,,,,,,,,,,,,,,,,,12.190177700016648,12.190177700016648,12.190177700016648,12.190177700016648,,tab,0.12779480003518984,,,,,,,,,,,,,,,,,,,,,,,,,,,,,,,,,,,530803,001,2023-08-25_15h17.09.718,Recognizability_SONA,2022.2.5,60.00254411327206,
,,,,,,,,,,,,,,,,,,,,,,,,,,,,,,,,,,,,,,,,,,,,,,,,,,12.340137600025628,12.340137600025628,12.340137600025628,12.340137600025628,,tab,0.1458878999692388,,,,,,,,,,,,,,,,,,,,,,,,,,,,530803,001,2023-08-25_15h17.09.718,Recognizability_SONA,2022.2.5,60.00254411327206,
,,,,,,,,,,,,,,,,,,,,,,,,,,,,,,,,,,,,,,,,,,,,,,,,,,,,,,,,,12.506848699995317,12.506848699995317,12.506848699995317,12.506848699995317,,tab,0.12218959996243939,,,,,,,,,,,,,,,,,,,,,530803,001,2023-08-25_15h17.09.718,Recognizability_SONA,2022.2.5,60.00254411327206,
,,,,,,,,,,,,,,,,,,,,,,,,,,,,,,,,,,,,,,,,,,,,,,,,,,,,,,,,,,,,,,,,12.656839600007515,12.656839600007515,12.656839600007515,12.656839600007515,,tab,0.13023900002008304,,,,,,,,,,,,,,530803,001,2023-08-25_15h17.09.718,Recognizability_SONA,2022.2.5,60.00254411327206,
,,,,,,,,,,,,,,,,,,,,,,,,,,,,,,,,,,,,,,,,,,,,,,,,,,,,,,,,,,,,,,,,,,,,,,,12.807644899992738,12.807644899992738,space,0.576580399996601,,,,,,,,,,530803,001,2023-08-25_15h17.09.718,Recognizability_SONA,2022.2.5,60.00254411327206,
,,,,,,,,,,,,,,,,,,,,,,,,,,,,,,,,,,,,,,,,,,,,,,,,,,,,,,,,,,,,,,,,,,,,,,,,,,,13.406815199996345,13.406815199996345,space,0.33851110003888607,,,,,,530803,001,2023-08-25_15h17.09.718,Recognizability_SONA,2022.2.5,60.00254411327206,
Condition5.csv,bal,sil,balsil,1,1_2.PNG,stems_all/1_2.PNG,0,0,0,0,0,0,0,15,,,,,,,,,,,,,,,,,,,,,,,,,,,,,,,,,,,,,,,,,,,,,,,,,,,,,,,,,,,,,,,,,13.790327000024263,13.790327000024263,13.790327000024263,15.790233600011561,15.790233600011561,530803,001,2023-08-25_15h17.09.718,Recognizability_SONA,2022.2.5,60.00254411327206,
Condition5.csv,berko,nem,berkonem,2,2_dim_sg.PNG,stems_all/2_dim_sg.PNG,0,0,0,0,0,1,1,5,,,,,,,,,,,,,,,,,,,,,,,,,,,,,,,,,,,,,,,,,,,,,,,,,,,,,,,,,,,,,,,,,16.04019289999269,16.04019289999269,16.04019289999269,18.040248800010886,18.040248800010886,530803,001,2023-08-25_15h17.09.718,Recognizability_SONA,2022.2.5,60.00254411327206,
Condition5.csv,kora,nem,koranem,3,3_dim_sg.PNG,stems_all/3_dim_sg.PNG,0,0,0,0,0,2,2,11,,,,,,,,,,,,,,,,,,,,,,,,,,,,,,,,,,,,,,,,,,,,,,,,,,,,,,,,,,,,,,,,,18.290194600005634,18.290194600005634,18.290194600005634,20.290258900029585,20.290258900029585,530803,001,2023-08-25_15h17.09.718,Recognizability_SONA,2022.2.5,60.00254411327206,
,,,,,,,,,,,,,,,,,,,,,,,,,,,,,,,,,,,,,,,,,,,,,,,,,,,,,,,,,,,,,,,,,,,,,,,,,,,,,,,20.540235100022983,20.540235100022983,20.540235100022983,22.540299300046172,22.540299300046172,,,,,,,
