﻿demo_info.thisRepN,demo_info.thisTrialN,demo_info.thisN,demo_info.thisIndex,pretraining_plus_test.thisRepN,pretraining_plus_test.thisTrialN,pretraining_plus_test.thisN,pretraining_plus_test.thisIndex,which_condition.thisRepN,which_condition.thisTrialN,which_condition.thisN,which_condition.thisIndex,select_condition,training_block.thisRepN,training_block.thisTrialN,training_block.thisN,training_block.thisIndex,stem,suffix,label,stem_filename,file,filepath,image_size,pretraining,condition,begin_text.started,key_resp_11.started,key_resp_11.keys,key_resp_11.rt,consent_image.started,text_10.started,consent_resp.started,consent_resp.keys,consent_resp.rt,demographic_instr.started,text_9.started,key_resp_3.started,key_resp_3.keys,key_resp_3.rt,age_text.started,textbox.started,key_resp_5.started,text_3.started,textbox.text,key_resp_5.keys,key_resp_5.rt,age_text_5.started,textbox_5.started,key_resp_9.started,text_7.started,textbox_5.text,key_resp_9.keys,key_resp_9.rt,age_text_6.started,textbox_6.started,key_resp_10.started,text_8.started,textbox_6.text,key_resp_10.keys,key_resp_10.rt,instructions_text.started,key_resp_4.started,key_resp_4.keys,key_resp_4.rt,experiment_start.started,experiment_start_resp.started,experiment_start_resp.keys,experiment_start_resp.rt,text_28.started,image.started,text_11.started,textbox_7.started,key_resp_18.started,textbox_7.text,key_resp_18.keys,key_resp_18.rt,image_8.started,text_17.started,textbox_8.started,text_29.started,text_25.started,participant,session,date,expName,psychopyVersion,frameRate,
,,,,,,,,,,,,,,,,,,,,,,,,0,6,8.900765200145543,8.900765200145543,space,0.2839255998842418,,,,,,,,,,,,,,,,,,,,,,,,,,,,,,,,,,,,,,,,,,,,,,,,,,,,,568476,001,2023-10-05_00h58.37.719,generalizability,2022.2.5,60.00160799945796,
0,0,0,0,,,,,,,,,,,,,,,,,,,,,,,,,,,9.21650330000557,9.21650330000557,9.21650330000557,space,0.15118689998053014,9.41645979997702,9.41645979997702,9.41645979997702,space,0.15528599987737834,9.599802999990061,9.599802999990061,9.599802999990061,9.599802999990061,  ,return,0.294007099699229,9.916557300137356,9.916557300137356,9.916557300137356,9.916557300137356,"
",return,0.15330339991487563,10.099812000058591,10.099812000058591,10.099812000058591,10.099812000058591,"
",return,0.10607029986567795,,,,,,,,,,,,,,,,,,,,,,568476,001,2023-10-05_00h58.37.719,generalizability,2022.2.5,60.00160799945796,
,,,,,,,,,,,,,,,,,,,,,,,,,,,,,,,,,,,,,,,,,,,,,,,,,,,,,,,,,,,,,10.249824400059879,10.249824400059879,return,0.11509369988925755,,,,,,,,,,,,,,,,,,568476,001,2023-10-05_00h58.37.719,generalizability,2022.2.5,60.00160799945796,
,,,,,,,,,,,,,,,,,,,,,,,,,,,,,,,,,,,,,,,,,,,,,,,,,,,,,,,,,,,,,,,,,10.383182100020349,10.383182100020349,return,0.12476899987086654,,,,,,,,,,,,,,568476,001,2023-10-05_00h58.37.719,generalizability,2022.2.5,60.00160799945796,
,,,,,,,,,,,,,,,,,,,,,,,,,,,,,,,,,,,,,,,,,,,,,,,,,,,,,,,,,,,,,,,,,,,,,10.549438400194049,10.766526099992916,12.016558200120926,12.016558200120926,12.016558200120926,koradan,return,2.789367000106722,14.849924300098792,14.849924300098792,14.849924300098792,14.849924300098792,15.84991870005615,,,,,,,
