﻿demo_info.thisRepN,demo_info.thisTrialN,demo_info.thisN,demo_info.thisIndex,pretraining_plus_test.thisRepN,pretraining_plus_test.thisTrialN,pretraining_plus_test.thisN,pretraining_plus_test.thisIndex,which_condition.thisRepN,which_condition.thisTrialN,which_condition.thisN,which_condition.thisIndex,select_condition,training_block.thisRepN,training_block.thisTrialN,training_block.thisN,training_block.thisIndex,stem,suffix,label,stem_filename,file,filepath,image_size,pretraining,condition,begin_text.started,key_resp_11.started,key_resp_11.keys,key_resp_11.rt,instructions_text.started,key_resp_4.started,key_resp_4.keys,key_resp_4.rt,experiment_start.started,experiment_start_resp.started,experiment_start_resp.keys,experiment_start_resp.rt,image.started,text_11.started,textbox_7.started,key_resp_18.started,textbox_7.text,key_resp_18.keys,key_resp_18.rt,image_8.started,text_17.started,textbox_8.started,participant,session,date,expName,psychopyVersion,frameRate,
,,,,,,,,,,,,,,,,,,,,,,,,0,3,8.642892399802804,8.642892399802804,space,0.67329529998824,,,,,,,,,,,,,,,,,,,609768,001,2023-10-04_18h05.12.574,generalizability,2022.2.5,60.000528036607136,
,,,,,,,,,,,,,,,,,,,,,,,,,,,,,,9.358709099935368,9.358709099935368,space,0.2085351999849081,,,,,,,,,,,,,,,609768,001,2023-10-04_18h05.12.574,generalizability,2022.2.5,60.000528036607136,
,,,,,,,,,,,,,,,,,,,,,,,,,,,,,,,,,,9.592067299876362,9.592067299876362,space,0.1842120001092553,,,,,,,,,,,609768,001,2023-10-04_18h05.12.574,generalizability,2022.2.5,60.000528036607136,
,,,,,,,,,,,,,,,,,,,,,,,,,,,,,,,,,,,,,,10.042115999851376,10.792082599829882,10.792082599829882,10.792082599829882,chooldan,return,12.824314800091088,23.65894029987976,23.65894029987976,23.65894029987976,,,,,,,
