﻿stem,label,filepath,image_size,demo_info.thisRepN,demo_info.thisTrialN,demo_info.thisN,demo_info.thisIndex,pretraining_plus_test.thisRepN,pretraining_plus_test.thisTrialN,pretraining_plus_test.thisN,pretraining_plus_test.thisIndex,pretraining_loop.thisRepN,pretraining_loop.thisTrialN,pretraining_loop.thisN,pretraining_loop.thisIndex,pretraining,condition,begin_text.started,key_resp_11.started,key_resp_11.keys,key_resp_11.rt,instructions_text.started,key_resp_4.started,key_resp_4.keys,key_resp_4.rt,experiment_start.started,experiment_start_resp.started,experiment_start_resp.keys,experiment_start_resp.rt,text_23.started,key_resp_24.started,key_resp_24.keys,key_resp_24.rt,image_5.started,text_19.started,textbox_9.started,key_resp_20.started,textbox_9.text,key_resp_20.keys,key_resp_20.rt,image_4.started,text_18.started,textbox_12.started,image_4.stopped,text_18.stopped,textbox_12.stopped,participant,session,date,expName,psychopyVersion,frameRate,
,,,,,,,,,,,,,,,,0,5,7.803783299983479,7.803783299983479,space,0.43633710010908544,,,,,,,,,,,,,,,,,,,,,,,,,,628487,001,2023-09-25_00h33.53.374,generalizability,2022.2.5,60.00063599761446,
,,,,,,,,,,,,,,,,,,,,,,8.286172599997371,8.286172599997371,space,0.16998989996500313,,,,,,,,,,,,,,,,,,,,,,628487,001,2023-09-25_00h33.53.374,generalizability,2022.2.5,60.00063599761446,
,,,,,,,,,,,,,,,,,,,,,,,,,,8.486176699982025,8.486176699982025,space,0.2680739000206813,,,,,,,,,,,,,,,,,,628487,001,2023-09-25_00h33.53.374,generalizability,2022.2.5,60.00063599761446,
osto,osto,stems_all/9.PNG,"[0.35, 0.35]",,,,,0,0,0,0,0,0,0,8,,,,,,,,,,,,,,,8.786198900081217,8.786198900081217,return,0.5151649999897927,9.552856900030747,9.552856900030747,9.552856900030747,9.552856900030747,osto,o,1.4408763999817893,11.03618280007504,11.03618280007504,11.03618280007504,12.06958080001641,12.06958080001641,12.06958080001641,628487,001,2023-09-25_00h33.53.374,generalizability,2022.2.5,60.00063599761446,
kudom,kudom,stems_all/8.PNG,"[0.35, 0.35]",,,,,0,0,0,0,0,1,1,7,,,,,,,,,,,,,,,,,,,12.06958080001641,12.06958080001641,12.06958080001641,12.06958080001641,kudom,m,1.034652499947697,13.136239100014791,13.136239100014791,13.136239100014791,14.136218599975109,14.136218599975109,14.136218599975109,628487,001,2023-09-25_00h33.53.374,generalizability,2022.2.5,60.00063599761446,
,,,,,,,,,,,,,,,,,,,,,,,,,,,,,,,,,,14.136218599975109,14.136218599975109,14.136218599975109,14.136218599975109,bal,l,0.6743887999327853,14.852956100017764,14.852956100017764,14.852956100017764,,,,,,,,,,
