﻿demo_info.thisRepN,demo_info.thisTrialN,demo_info.thisN,demo_info.thisIndex,which_condition.thisRepN,which_condition.thisTrialN,which_condition.thisN,which_condition.thisIndex,production_block.thisRepN,production_block.thisTrialN,production_block.thisN,production_block.thisIndex,comprehension_block.thisRepN,comprehension_block.thisTrialN,comprehension_block.thisN,comprehension_block.thisIndex,stem,left_label,left_suffix,right_label,right_suffix,comp_image,comp_condition_stem,comp_condition_suffix,image1,begin_text.started,key_resp_11.started,key_resp_11.keys,key_resp_11.rt,instructions_text.started,key_resp_4.started,key_resp_4.keys,key_resp_4.rt,experiment_start.started,experiment_start_resp.started,experiment_start_resp.keys,experiment_start_resp.rt,instr.started,key_resp_14.started,key_resp_14.keys,key_resp_14.rt,text_13.started,text_13.stopped,participant,session,date,expName,psychopyVersion,frameRate,
,,,,,,,,,,,,,,,,,,,,,,,,,8.733836300030816,8.733836300030816,space,8.39106829999946,,,,,,,,,,,,,,,648711,001,2023-08-26_17h26.37.867,Recognizability_SONA,2022.2.5,60.01590421694492,
,,,,,,,,,,,,,,,,,,,,,,,,,,,,,17.166339299990796,17.166339299990796,space,0.7717482000007294,,,,,,,,,,,648711,001,2023-08-26_17h26.37.867,Recognizability_SONA,2022.2.5,60.01590421694492,
,,,,,,,,,,,,,,,,,,,,,,,,,,,,,,,,,17.966368700028397,17.966368700028397,space,0.47982050001155585,,,,,,,648711,001,2023-08-26_17h26.37.867,Recognizability_SONA,2022.2.5,60.01590421694492,
,,,,,,,,,,,,,,,,,,,,,,,,,,,,,,,,,,,,,18.466357199999038,18.466357199999038,space,0.700002699973993,,,648711,001,2023-08-26_17h26.37.867,Recognizability_SONA,2022.2.5,60.01590421694492,
,,,,,,,,,,,,,,,,,,,,,,,,,,,,,,,,,,,,,,,,,19.1830273999949,,,,,,,,
