﻿demo_info.thisRepN,demo_info.thisTrialN,demo_info.thisN,demo_info.thisIndex,pretraining_plus_test.thisRepN,pretraining_plus_test.thisTrialN,pretraining_plus_test.thisN,pretraining_plus_test.thisIndex,which_condition.thisRepN,which_condition.thisTrialN,which_condition.thisN,which_condition.thisIndex,production_block.thisRepN,production_block.thisTrialN,production_block.thisN,production_block.thisIndex,prod_label,file,prod_image1,prod_image2,prod_condition,alt_image1,alt_image2,prod_image2_size,alt_image2_size,prod_image2_location,alt_image1_location,alt_image2_location,pretraining,condition,begin_text.started,key_resp_11.started,key_resp_11.keys,key_resp_11.rt,instructions_text.started,key_resp_4.started,key_resp_4.keys,key_resp_4.rt,experiment_start.started,experiment_start_resp.started,experiment_start_resp.keys,experiment_start_resp.rt,instr.started,key_resp_14.started,key_resp_14.keys,key_resp_14.rt,image_prod1.started,participant,session,date,expName,psychopyVersion,frameRate,
,,,,,,,,,,,,,,,,,,,,,,,,,,,,100,2,8.414622199954465,8.414622199954465,space,0.5080560001078993,,,,,,,,,,,,,,653269,001,2023-10-04_18h22.02.796,generalizability,2022.2.5,60.014571509185,
,,,,,,,,,,,,,,,,,,,,,,,,,,,,,,,,,,8.963665699819103,8.963665699819103,space,0.278077200287953,,,,,,,,,,653269,001,2023-10-04_18h22.02.796,generalizability,2022.2.5,60.014571509185,
,,,,,,,,,,,,,,,,,,,,,,,,,,,,,,,,,,,,,,9.26366880000569,9.26366880000569,space,0.33713690005242825,,,,,,653269,001,2023-10-04_18h22.02.796,generalizability,2022.2.5,60.014571509185,
,,,,,,,,,,,,,,,,,,,,,,,,,,,,,,,,,,,,,,,,,,9.630337900016457,9.630337900016457,space,0.4976017000153661,,653269,001,2023-10-04_18h22.02.796,generalizability,2022.2.5,60.014571509185,
