﻿demo_info.thisRepN,demo_info.thisTrialN,demo_info.thisN,demo_info.thisIndex,which_condition.thisRepN,which_condition.thisTrialN,which_condition.thisN,which_condition.thisIndex,select_condition,training_block.thisRepN,training_block.thisTrialN,training_block.thisN,training_block.thisIndex,stem,suffix,label,stem_filename,file,filepath,begin_text.started,key_resp_11.started,key_resp_11.keys,key_resp_11.rt,instructions_text.started,key_resp_4.started,key_resp_4.keys,key_resp_4.rt,experiment_start.started,experiment_start_resp.started,experiment_start_resp.keys,experiment_start_resp.rt,image.started,text_11.started,participant,session,date,expName,psychopyVersion,frameRate,
,,,,,,,,,,,,,,,,,,,11.27043589996174,11.27043589996174,space,0.5923293000087142,,,,,,,,,,,672723,001,2023-09-06_10h50.46.362,Recognizability_SONA,2022.2.5,60.13587091521816,
,,,,,,,,,,,,,,,,,,,,,,,11.90258919983171,11.90258919983171,space,0.26725490018725395,,,,,,,672723,001,2023-09-06_10h50.46.362,Recognizability_SONA,2022.2.5,60.13587091521816,
,,,,,,,,,,,,,,,,,,,,,,,,,,,12.202819699887186,12.202819699887186,space,0.43410869990475476,,,672723,001,2023-09-06_10h50.46.362,Recognizability_SONA,2022.2.5,60.13587091521816,
,,,,,,,,,,,,,,,,,,,,,,,,,,,,,,,12.902669499861076,12.902669499861076,,,,,,,
