﻿select_condition,stem,suffix,label,stem_filename,file,filepath,which_condition.thisRepN,which_condition.thisTrialN,which_condition.thisN,which_condition.thisIndex,training_block.thisRepN,training_block.thisTrialN,training_block.thisN,training_block.thisIndex,begin_text.started,key_resp_11.started,key_resp_11.keys,key_resp_11.rt,consent_image.started,text_10.started,consent_resp.started,consent_resp.keys,consent_resp.rt,demographic_instr.started,text_9.started,key_resp_3.started,key_resp_3.keys,key_resp_3.rt,age_text.started,textbox.started,key_resp_5.started,text_3.started,textbox.text,key_resp_5.keys,key_resp_5.rt,age_text_2.started,textbox_2.started,key_resp_6.started,text_4.started,textbox_2.text,key_resp_6.keys,key_resp_6.rt,age_text_3.started,textbox_3.started,key_resp_7.started,text_5.started,textbox_3.text,key_resp_7.keys,key_resp_7.rt,age_text_5.started,textbox_5.started,key_resp_9.started,text_7.started,textbox_5.text,key_resp_9.keys,key_resp_9.rt,age_text_6.started,textbox_6.started,key_resp_10.started,text_8.started,textbox_6.text,key_resp_10.keys,key_resp_10.rt,age_text_4.started,textbox_4.started,key_resp_8.started,text_6.started,textbox_4.text,key_resp_8.keys,key_resp_8.rt,instructions_text.started,key_resp_4.started,key_resp_4.keys,key_resp_4.rt,experiment_start.started,experiment_start_resp.started,experiment_start_resp.keys,experiment_start_resp.rt,image.started,text_11.started,image.stopped,text_11.stopped,participant,session,date,expName,psychopyVersion,frameRate,
,,,,,,,,,,,,,,,8.566978199989535,8.566978199989535,space,0.2982588000013493,,,,,,,,,,,,,,,,,,,,,,,,,,,,,,,,,,,,,,,,,,,,,,,,,,,,,,,,,,,,,,,,,712141,001,2023-08-25_15h18.30.302,Recognizability_SONA,2022.2.5,59.98098601532278,
,,,,,,,,,,,,,,,,,,,8.882746999966912,8.882746999966912,8.882746999966912,space,0.1815558999660425,,,,,,,,,,,,,,,,,,,,,,,,,,,,,,,,,,,,,,,,,,,,,,,,,,,,,,,,,,,,712141,001,2023-08-25_15h18.30.302,Recognizability_SONA,2022.2.5,59.98098601532278,
,,,,,,,,,,,,,,,,,,,,,,,,9.09944279998308,9.09944279998308,9.09944279998308,space,0.2829127999721095,,,,,,,,,,,,,,,,,,,,,,,,,,,,,,,,,,,,,,,,,,,,,,,,,,,,,,,712141,001,2023-08-25_15h18.30.302,Recognizability_SONA,2022.2.5,59.98098601532278,
,,,,,,,,,,,,,,,,,,,,,,,,,,,,,9.399467799987178,9.399467799987178,9.399467799987178,9.399467799987178, ,tab,0.33096870000008494,,,,,,,,,,,,,,,,,,,,,,,,,,,,,,,,,,,,,,,,,,,,,,,,712141,001,2023-08-25_15h18.30.302,Recognizability_SONA,2022.2.5,59.98098601532278,
,,,,,,,,,,,,,,,,,,,,,,,,,,,,,,,,,,,,9.749435200006701,9.749435200006701,9.749435200006701,9.749435200006701,,tab,0.14804539998294786,,,,,,,,,,,,,,,,,,,,,,,,,,,,,,,,,,,,,,,,,712141,001,2023-08-25_15h18.30.302,Recognizability_SONA,2022.2.5,59.98098601532278,
,,,,,,,,,,,,,,,,,,,,,,,,,,,,,,,,,,,,,,,,,,,9.916082500014454,9.916082500014454,9.916082500014454,9.916082500014454,,tab,0.13941290002549067,,,,,,,,,,,,,,,,,,,,,,,,,,,,,,,,,,712141,001,2023-08-25_15h18.30.302,Recognizability_SONA,2022.2.5,59.98098601532278,
,,,,,,,,,,,,,,,,,,,,,,,,,,,,,,,,,,,,,,,,,,,,,,,,,,10.082769999979064,10.082769999979064,10.082769999979064,10.082769999979064,,tab,0.11684410000452772,,,,,,,,,,,,,,,,,,,,,,,,,,,712141,001,2023-08-25_15h18.30.302,Recognizability_SONA,2022.2.5,59.98098601532278,
,,,,,,,,,,,,,,,,,,,,,,,,,,,,,,,,,,,,,,,,,,,,,,,,,,,,,,,,,10.23276139999507,10.23276139999507,10.23276139999507,10.23276139999507,,tab,0.10080509999534115,,,,,,,,,,,,,,,,,,,,712141,001,2023-08-25_15h18.30.302,Recognizability_SONA,2022.2.5,59.98098601532278,
,,,,,,,,,,,,,,,,,,,,,,,,,,,,,,,,,,,,,,,,,,,,,,,,,,,,,,,,,,,,,,,,10.366099999984726,10.366099999984726,10.366099999984726,10.366099999984726,,tab,0.11653240001760423,,,,,,,,,,,,,712141,001,2023-08-25_15h18.30.302,Recognizability_SONA,2022.2.5,59.98098601532278,
,,,,,,,,,,,,,,,,,,,,,,,,,,,,,,,,,,,,,,,,,,,,,,,,,,,,,,,,,,,,,,,,,,,,,,,10.499944299983326,10.499944299983326,space,0.37576079997234046,,,,,,,,,712141,001,2023-08-25_15h18.30.302,Recognizability_SONA,2022.2.5,59.98098601532278,
,,,,,,,,,,,,,,,,,,,,,,,,,,,,,,,,,,,,,,,,,,,,,,,,,,,,,,,,,,,,,,,,,,,,,,,,,,,10.899462300003506,10.899462300003506,space,0.37533609999809414,,,,,712141,001,2023-08-25_15h18.30.302,Recognizability_SONA,2022.2.5,59.98098601532278,
Condition6.csv,bal,sil,balsil,1,1_2.PNG,stems_all/1_2.PNG,0,0,0,0,0,0,0,15,,,,,,,,,,,,,,,,,,,,,,,,,,,,,,,,,,,,,,,,,,,,,,,,,,,,,,,,,,,,,,,,,11.54948049999075,11.54948049999075,13.299490500008687,13.299490500008687,712141,001,2023-08-25_15h18.30.302,Recognizability_SONA,2022.2.5,59.98098601532278,
Condition6.csv,kora,sil,korasil,3,3_2.PNG,stems_all/3_2.PNG,0,0,0,0,0,1,1,17,,,,,,,,,,,,,,,,,,,,,,,,,,,,,,,,,,,,,,,,,,,,,,,,,,,,,,,,,,,,,,,,,13.549482100002933,13.549482100002933,15.299482500005979,15.299482500005979,712141,001,2023-08-25_15h18.30.302,Recognizability_SONA,2022.2.5,59.98098601532278,
Condition6.csv,vorke,nem,vorkenem,10,10_dim_sg.PNG,stems_all/10_dim_sg.PNG,0,0,0,0,0,2,2,9,,,,,,,,,,,,,,,,,,,,,,,,,,,,,,,,,,,,,,,,,,,,,,,,,,,,,,,,,,,,,,,,,15.549507699965034,15.549507699965034,17.299497800006066,17.299497800006066,712141,001,2023-08-25_15h18.30.302,Recognizability_SONA,2022.2.5,59.98098601532278,
Condition6.csv,berko,sil,berkosil,2,2_2.PNG,stems_all/2_2.PNG,0,0,0,0,0,3,3,16,,,,,,,,,,,,,,,,,,,,,,,,,,,,,,,,,,,,,,,,,,,,,,,,,,,,,,,,,,,,,,,,,17.549526899994817,17.549526899994817,19.299561299965717,19.299561299965717,712141,001,2023-08-25_15h18.30.302,Recognizability_SONA,2022.2.5,59.98098601532278,
Condition6.csv,kora,shoon,korashoon,3,3_dim_sg.PNG,stems_all/3_dim_sg.PNG,0,0,0,0,0,4,4,20,,,,,,,,,,,,,,,,,,,,,,,,,,,,,,,,,,,,,,,,,,,,,,,,,,,,,,,,,,,,,,,,,19.549555299978238,19.549555299978238,21.299558500002604,21.299558500002604,712141,001,2023-08-25_15h18.30.302,Recognizability_SONA,2022.2.5,59.98098601532278,
Condition6.csv,chool,nem,choolnem,7,7_dim_sg.PNG,stems_all/7_dim_sg.PNG,0,0,0,0,0,5,5,6,,,,,,,,,,,,,,,,,,,,,,,,,,,,,,,,,,,,,,,,,,,,,,,,,,,,,,,,,,,,,,,,,21.549580899998546,21.549580899998546,23.299655699986033,23.299655699986033,712141,001,2023-08-25_15h18.30.302,Recognizability_SONA,2022.2.5,59.98098601532278,
Condition6.csv,kora,nem,koranem,3,3_dim_sg.PNG,stems_all/3_dim_sg.PNG,0,0,0,0,0,6,6,2,,,,,,,,,,,,,,,,,,,,,,,,,,,,,,,,,,,,,,,,,,,,,,,,,,,,,,,,,,,,,,,,,23.549620200006757,23.549620200006757,25.29958120000083,25.29958120000083,712141,001,2023-08-25_15h18.30.302,Recognizability_SONA,2022.2.5,59.98098601532278,
Condition6.csv,kora,dan,koradan,3,3_2.PNG,stems_all/3_2.PNG,0,0,0,0,0,7,7,14,,,,,,,,,,,,,,,,,,,,,,,,,,,,,,,,,,,,,,,,,,,,,,,,,,,,,,,,,,,,,,,,,25.549623199971393,25.549623199971393,27.29961430002004,27.29961430002004,712141,001,2023-08-25_15h18.30.302,Recognizability_SONA,2022.2.5,59.98098601532278,
Condition6.csv,berko,dan,berkodan,2,2_2.PNG,stems_all/2_2.PNG,0,0,0,0,0,8,8,13,,,,,,,,,,,,,,,,,,,,,,,,,,,,,,,,,,,,,,,,,,,,,,,,,,,,,,,,,,,,,,,,,27.549649299995508,27.549649299995508,29.29964139999356,29.29964139999356,712141,001,2023-08-25_15h18.30.302,Recognizability_SONA,2022.2.5,59.98098601532278,
Condition6.csv,bani,nem,baninem,6,6_dim_sg.PNG,stems_all/6_dim_sg.PNG,0,0,0,0,0,9,9,5,,,,,,,,,,,,,,,,,,,,,,,,,,,,,,,,,,,,,,,,,,,,,,,,,,,,,,,,,,,,,,,,,29.54969269997673,29.54969269997673,31.29965070000617,31.29965070000617,712141,001,2023-08-25_15h18.30.302,Recognizability_SONA,2022.2.5,59.98098601532278,
Condition6.csv,nako,nem,nakonem,4,4_dim_sg.PNG,stems_all/4_dim_sg.PNG,0,0,0,0,0,10,10,3,,,,,,,,,,,,,,,,,,,,,,,,,,,,,,,,,,,,,,,,,,,,,,,,,,,,,,,,,,,,,,,,,31.54966229997808,31.54966229997808,33.29967909998959,33.29967909998959,712141,001,2023-08-25_15h18.30.302,Recognizability_SONA,2022.2.5,59.98098601532278,
Condition6.csv,kudom,nem,kudomnem,8,8_dim_sg.PNG,stems_all/8_dim_sg.PNG,0,0,0,0,0,11,11,7,,,,,,,,,,,,,,,,,,,,,,,,,,,,,,,,,,,,,,,,,,,,,,,,,,,,,,,,,,,,,,,,,33.549716699984856,33.549716699984856,35.29969790001633,35.29969790001633,712141,001,2023-08-25_15h18.30.302,Recognizability_SONA,2022.2.5,59.98098601532278,
Condition6.csv,osto,nem,ostonem,9,9_dim_sg.PNG,stems_all/9_dim_sg.PNG,0,0,0,0,0,12,12,8,,,,,,,,,,,,,,,,,,,,,,,,,,,,,,,,,,,,,,,,,,,,,,,,,,,,,,,,,,,,,,,,,35.549752999970224,35.549752999970224,37.29982790001668,37.29982790001668,712141,001,2023-08-25_15h18.30.302,Recognizability_SONA,2022.2.5,59.98098601532278,
Condition6.csv,berko,nem,berkonem,2,2_dim_sg.PNG,stems_all/2_dim_sg.PNG,0,0,0,0,0,13,13,1,,,,,,,,,,,,,,,,,,,,,,,,,,,,,,,,,,,,,,,,,,,,,,,,,,,,,,,,,,,,,,,,,37.54977729998063,37.54977729998063,39.29977699997835,39.29977699997835,712141,001,2023-08-25_15h18.30.302,Recognizability_SONA,2022.2.5,59.98098601532278,
Condition6.csv,bin,nem,binnem,11,11_dim_sg.PNG,stems_all/11_dim_sg.PNG,0,0,0,0,0,14,14,10,,,,,,,,,,,,,,,,,,,,,,,,,,,,,,,,,,,,,,,,,,,,,,,,,,,,,,,,,,,,,,,,,39.54978750000009,39.54978750000009,41.29980510001769,41.29980510001769,712141,001,2023-08-25_15h18.30.302,Recognizability_SONA,2022.2.5,59.98098601532278,
Condition6.csv,berko,shoon,berkoshoon,2,2_dim_sg.PNG,stems_all/2_dim_sg.PNG,0,0,0,0,0,15,15,19,,,,,,,,,,,,,,,,,,,,,,,,,,,,,,,,,,,,,,,,,,,,,,,,,,,,,,,,,,,,,,,,,41.54980599996634,41.54980599996634,43.29980490001617,43.29980490001617,712141,001,2023-08-25_15h18.30.302,Recognizability_SONA,2022.2.5,59.98098601532278,
Condition6.csv,bal,shoon,balshoon,1,1_dim_sg.PNG,stems_all/1_dim_sg.PNG,0,0,0,0,0,16,16,18,,,,,,,,,,,,,,,,,,,,,,,,,,,,,,,,,,,,,,,,,,,,,,,,,,,,,,,,,,,,,,,,,43.549788300006185,43.549788300006185,45.29986979998648,45.29986979998648,712141,001,2023-08-25_15h18.30.302,Recognizability_SONA,2022.2.5,59.98098601532278,
Condition6.csv,pipa,nem,pipanem,5,5_dim_sg.PNG,stems_all/5_dim_sg.PNG,0,0,0,0,0,17,17,4,,,,,,,,,,,,,,,,,,,,,,,,,,,,,,,,,,,,,,,,,,,,,,,,,,,,,,,,,,,,,,,,,45.54981860000407,45.54981860000407,47.299848499998916,47.299848499998916,712141,001,2023-08-25_15h18.30.302,Recognizability_SONA,2022.2.5,59.98098601532278,
Condition6.csv,mero,nem,meronem,12,12_dim_sg.PNG,stems_all/12_dim_sg.PNG,0,0,0,0,0,18,18,11,,,,,,,,,,,,,,,,,,,,,,,,,,,,,,,,,,,,,,,,,,,,,,,,,,,,,,,,,,,,,,,,,47.54985030001262,47.54985030001262,49.29987160000019,49.29987160000019,712141,001,2023-08-25_15h18.30.302,Recognizability_SONA,2022.2.5,59.98098601532278,
Condition6.csv,bal,dan,baldan,1,1_2.PNG,stems_all/1_2.PNG,0,0,0,0,0,19,19,12,,,,,,,,,,,,,,,,,,,,,,,,,,,,,,,,,,,,,,,,,,,,,,,,,,,,,,,,,,,,,,,,,49.549874100019224,49.549874100019224,51.29987719998462,51.29987719998462,712141,001,2023-08-25_15h18.30.302,Recognizability_SONA,2022.2.5,59.98098601532278,
Condition6.csv,bal,nem,balnem,1,1_dim_sg.PNG,stems_all/1_dim_sg.PNG,0,0,0,0,0,20,20,0,,,,,,,,,,,,,,,,,,,,,,,,,,,,,,,,,,,,,,,,,,,,,,,,,,,,,,,,,,,,,,,,,51.5499527999782,51.5499527999782,53.299917299998924,53.299917299998924,712141,001,2023-08-25_15h18.30.302,Recognizability_SONA,2022.2.5,59.98098601532278,
Condition6.csv,bal,nem,balnem,1,1_dim_sg.PNG,stems_all/1_dim_sg.PNG,0,0,0,0,1,0,21,0,,,,,,,,,,,,,,,,,,,,,,,,,,,,,,,,,,,,,,,,,,,,,,,,,,,,,,,,,,,,,,,,,53.549949800013565,53.549949800013565,55.29996919998666,55.29996919998666,712141,001,2023-08-25_15h18.30.302,Recognizability_SONA,2022.2.5,59.98098601532278,
Condition6.csv,kudom,nem,kudomnem,8,8_dim_sg.PNG,stems_all/8_dim_sg.PNG,0,0,0,0,1,1,22,7,,,,,,,,,,,,,,,,,,,,,,,,,,,,,,,,,,,,,,,,,,,,,,,,,,,,,,,,,,,,,,,,,55.54996899998514,55.54996899998514,57.29996179998852,57.29996179998852,712141,001,2023-08-25_15h18.30.302,Recognizability_SONA,2022.2.5,59.98098601532278,
Condition6.csv,bal,sil,balsil,1,1_2.PNG,stems_all/1_2.PNG,0,0,0,0,1,2,23,15,,,,,,,,,,,,,,,,,,,,,,,,,,,,,,,,,,,,,,,,,,,,,,,,,,,,,,,,,,,,,,,,,57.54999329999555,57.54999329999555,59.29998920002254,59.29998920002254,712141,001,2023-08-25_15h18.30.302,Recognizability_SONA,2022.2.5,59.98098601532278,
Condition6.csv,berko,nem,berkonem,2,2_dim_sg.PNG,stems_all/2_dim_sg.PNG,0,0,0,0,1,3,24,1,,,,,,,,,,,,,,,,,,,,,,,,,,,,,,,,,,,,,,,,,,,,,,,,,,,,,,,,,,,,,,,,,59.55000909999944,59.55000909999944,61.299996999965515,61.299996999965515,712141,001,2023-08-25_15h18.30.302,Recognizability_SONA,2022.2.5,59.98098601532278,
Condition6.csv,berko,shoon,berkoshoon,2,2_dim_sg.PNG,stems_all/2_dim_sg.PNG,0,0,0,0,1,4,25,19,,,,,,,,,,,,,,,,,,,,,,,,,,,,,,,,,,,,,,,,,,,,,,,,,,,,,,,,,,,,,,,,,61.55003879999276,61.55003879999276,63.300158599973656,63.300158599973656,712141,001,2023-08-25_15h18.30.302,Recognizability_SONA,2022.2.5,59.98098601532278,
Condition6.csv,kora,nem,koranem,3,3_dim_sg.PNG,stems_all/3_dim_sg.PNG,0,0,0,0,1,5,26,2,,,,,,,,,,,,,,,,,,,,,,,,,,,,,,,,,,,,,,,,,,,,,,,,,,,,,,,,,,,,,,,,,63.550085599999875,63.550085599999875,65.30007890000707,65.30007890000707,712141,001,2023-08-25_15h18.30.302,Recognizability_SONA,2022.2.5,59.98098601532278,
Condition6.csv,chool,nem,choolnem,7,7_dim_sg.PNG,stems_all/7_dim_sg.PNG,0,0,0,0,1,6,27,6,,,,,,,,,,,,,,,,,,,,,,,,,,,,,,,,,,,,,,,,,,,,,,,,,,,,,,,,,,,,,,,,,65.5500863000052,65.5500863000052,67.30008080002153,67.30008080002153,712141,001,2023-08-25_15h18.30.302,Recognizability_SONA,2022.2.5,59.98098601532278,
Condition6.csv,nako,nem,nakonem,4,4_dim_sg.PNG,stems_all/4_dim_sg.PNG,0,0,0,0,1,7,28,3,,,,,,,,,,,,,,,,,,,,,,,,,,,,,,,,,,,,,,,,,,,,,,,,,,,,,,,,,,,,,,,,,67.55011770001147,67.55011770001147,69.30013360001612,69.30013360001612,712141,001,2023-08-25_15h18.30.302,Recognizability_SONA,2022.2.5,59.98098601532278,
Condition6.csv,kora,shoon,korashoon,3,3_dim_sg.PNG,stems_all/3_dim_sg.PNG,0,0,0,0,1,8,29,20,,,,,,,,,,,,,,,,,,,,,,,,,,,,,,,,,,,,,,,,,,,,,,,,,,,,,,,,,,,,,,,,,69.55013950000284,69.55013950000284,71.30018889997154,71.30018889997154,712141,001,2023-08-25_15h18.30.302,Recognizability_SONA,2022.2.5,59.98098601532278,
Condition6.csv,berko,sil,berkosil,2,2_2.PNG,stems_all/2_2.PNG,0,0,0,0,1,9,30,16,,,,,,,,,,,,,,,,,,,,,,,,,,,,,,,,,,,,,,,,,,,,,,,,,,,,,,,,,,,,,,,,,71.55015359999379,71.55015359999379,73.30017319996841,73.30017319996841,712141,001,2023-08-25_15h18.30.302,Recognizability_SONA,2022.2.5,59.98098601532278,
Condition6.csv,kora,sil,korasil,3,3_2.PNG,stems_all/3_2.PNG,0,0,0,0,1,10,31,17,,,,,,,,,,,,,,,,,,,,,,,,,,,,,,,,,,,,,,,,,,,,,,,,,,,,,,,,,,,,,,,,,73.55017810000572,73.55017810000572,75.30019129998982,75.30019129998982,712141,001,2023-08-25_15h18.30.302,Recognizability_SONA,2022.2.5,59.98098601532278,
Condition6.csv,osto,nem,ostonem,9,9_dim_sg.PNG,stems_all/9_dim_sg.PNG,0,0,0,0,1,11,32,8,,,,,,,,,,,,,,,,,,,,,,,,,,,,,,,,,,,,,,,,,,,,,,,,,,,,,,,,,,,,,,,,,75.5502117999713,75.5502117999713,77.30021509999642,77.30021509999642,712141,001,2023-08-25_15h18.30.302,Recognizability_SONA,2022.2.5,59.98098601532278,
Condition6.csv,vorke,nem,vorkenem,10,10_dim_sg.PNG,stems_all/10_dim_sg.PNG,0,0,0,0,1,12,33,9,,,,,,,,,,,,,,,,,,,,,,,,,,,,,,,,,,,,,,,,,,,,,,,,,,,,,,,,,,,,,,,,,77.55022480001207,77.55022480001207,79.30025119998027,79.30025119998027,712141,001,2023-08-25_15h18.30.302,Recognizability_SONA,2022.2.5,59.98098601532278,
Condition6.csv,bal,dan,baldan,1,1_2.PNG,stems_all/1_2.PNG,0,0,0,0,1,13,34,12,,,,,,,,,,,,,,,,,,,,,,,,,,,,,,,,,,,,,,,,,,,,,,,,,,,,,,,,,,,,,,,,,79.55025219998788,79.55025219998788,81.30027409998002,81.30027409998002,712141,001,2023-08-25_15h18.30.302,Recognizability_SONA,2022.2.5,59.98098601532278,
Condition6.csv,mero,nem,meronem,12,12_dim_sg.PNG,stems_all/12_dim_sg.PNG,0,0,0,0,1,14,35,11,,,,,,,,,,,,,,,,,,,,,,,,,,,,,,,,,,,,,,,,,,,,,,,,,,,,,,,,,,,,,,,,,81.55029079999076,81.55029079999076,83.30025410000235,83.30025410000235,712141,001,2023-08-25_15h18.30.302,Recognizability_SONA,2022.2.5,59.98098601532278,
Condition6.csv,berko,dan,berkodan,2,2_2.PNG,stems_all/2_2.PNG,0,0,0,0,1,15,36,13,,,,,,,,,,,,,,,,,,,,,,,,,,,,,,,,,,,,,,,,,,,,,,,,,,,,,,,,,,,,,,,,,83.55032540002139,83.55032540002139,85.30028680001851,85.30028680001851,712141,001,2023-08-25_15h18.30.302,Recognizability_SONA,2022.2.5,59.98098601532278,
Condition6.csv,bani,nem,baninem,6,6_dim_sg.PNG,stems_all/6_dim_sg.PNG,0,0,0,0,1,16,37,5,,,,,,,,,,,,,,,,,,,,,,,,,,,,,,,,,,,,,,,,,,,,,,,,,,,,,,,,,,,,,,,,,85.5503214999917,85.5503214999917,87.30029749998357,87.30029749998357,712141,001,2023-08-25_15h18.30.302,Recognizability_SONA,2022.2.5,59.98098601532278,
Condition6.csv,pipa,nem,pipanem,5,5_dim_sg.PNG,stems_all/5_dim_sg.PNG,0,0,0,0,1,17,38,4,,,,,,,,,,,,,,,,,,,,,,,,,,,,,,,,,,,,,,,,,,,,,,,,,,,,,,,,,,,,,,,,,87.55034419998992,87.55034419998992,89.30032109998865,89.30032109998865,712141,001,2023-08-25_15h18.30.302,Recognizability_SONA,2022.2.5,59.98098601532278,
Condition6.csv,kora,dan,koradan,3,3_2.PNG,stems_all/3_2.PNG,0,0,0,0,1,18,39,14,,,,,,,,,,,,,,,,,,,,,,,,,,,,,,,,,,,,,,,,,,,,,,,,,,,,,,,,,,,,,,,,,89.55036679998739,89.55036679998739,91.30044239998097,91.30044239998097,712141,001,2023-08-25_15h18.30.302,Recognizability_SONA,2022.2.5,59.98098601532278,
Condition6.csv,bin,nem,binnem,11,11_dim_sg.PNG,stems_all/11_dim_sg.PNG,0,0,0,0,1,19,40,10,,,,,,,,,,,,,,,,,,,,,,,,,,,,,,,,,,,,,,,,,,,,,,,,,,,,,,,,,,,,,,,,,91.55042049998883,91.55042049998883,93.30040820001159,93.30040820001159,712141,001,2023-08-25_15h18.30.302,Recognizability_SONA,2022.2.5,59.98098601532278,
Condition6.csv,bal,shoon,balshoon,1,1_dim_sg.PNG,stems_all/1_dim_sg.PNG,0,0,0,0,1,20,41,18,,,,,,,,,,,,,,,,,,,,,,,,,,,,,,,,,,,,,,,,,,,,,,,,,,,,,,,,,,,,,,,,,93.55037020001328,93.55037020001328,95.30040130001726,95.30040130001726,712141,001,2023-08-25_15h18.30.302,Recognizability_SONA,2022.2.5,59.98098601532278,
Condition6.csv,bal,sil,balsil,1,1_2.PNG,stems_all/1_2.PNG,0,0,0,0,2,0,42,15,,,,,,,,,,,,,,,,,,,,,,,,,,,,,,,,,,,,,,,,,,,,,,,,,,,,,,,,,,,,,,,,,95.53375140001299,95.53375140001299,97.28375579998828,97.28375579998828,712141,001,2023-08-25_15h18.30.302,Recognizability_SONA,2022.2.5,59.98098601532278,
Condition6.csv,kora,sil,korasil,3,3_2.PNG,stems_all/3_2.PNG,0,0,0,0,2,1,43,17,,,,,,,,,,,,,,,,,,,,,,,,,,,,,,,,,,,,,,,,,,,,,,,,,,,,,,,,,,,,,,,,,97.53376109997043,97.53376109997043,99.28377380000893,99.28377380000893,712141,001,2023-08-25_15h18.30.302,Recognizability_SONA,2022.2.5,59.98098601532278,
Condition6.csv,berko,nem,berkonem,2,2_dim_sg.PNG,stems_all/2_dim_sg.PNG,0,0,0,0,2,2,44,1,,,,,,,,,,,,,,,,,,,,,,,,,,,,,,,,,,,,,,,,,,,,,,,,,,,,,,,,,,,,,,,,,99.53385000000708,99.53385000000708,101.2838457999751,101.2838457999751,712141,001,2023-08-25_15h18.30.302,Recognizability_SONA,2022.2.5,59.98098601532278,
,,,,,,,,,,,,,,,,,,,,,,,,,,,,,,,,,,,,,,,,,,,,,,,,,,,,,,,,,,,,,,,,,,,,,,,,,,,,,,,101.53380919998745,101.53380919998745,,,,,,,,,
