﻿select_condition,stem,suffix,label,stem_filename,file,filepath,image_size,demo_info.thisRepN,demo_info.thisTrialN,demo_info.thisN,demo_info.thisIndex,which_condition.thisRepN,which_condition.thisTrialN,which_condition.thisN,which_condition.thisIndex,training_block.thisRepN,training_block.thisTrialN,training_block.thisN,training_block.thisIndex,begin_text.started,key_resp_11.started,key_resp_11.keys,key_resp_11.rt,instructions_text.started,key_resp_4.started,key_resp_4.keys,key_resp_4.rt,experiment_start.started,experiment_start_resp.started,experiment_start_resp.keys,experiment_start_resp.rt,image.started,text_11.started,textbox_7.started,key_resp_18.started,textbox_7.text,key_resp_18.keys,key_resp_18.rt,participant,session,date,expName,psychopyVersion,frameRate,
,,,,,,,,,,,,,,,,,,,,7.795986499986611,7.795986499986611,space,0.31143960007466376,,,,,,,,,,,,,,,,734504,001,2023-09-21_14h27.14.692,Recognizability_SONA,2022.2.5,59.99538034847444,
,,,,,,,,,,,,,,,,,,,,,,,,8.14511429995764,8.14511429995764,space,0.157314500072971,,,,,,,,,,,,734504,001,2023-09-21_14h27.14.692,Recognizability_SONA,2022.2.5,59.99538034847444,
,,,,,,,,,,,,,,,,,,,,,,,,,,,,8.328384599997662,8.328384599997662,space,0.15707980003207922,,,,,,,,734504,001,2023-09-21_14h27.14.692,Recognizability_SONA,2022.2.5,59.99538034847444,
Condition1.csv,bal,dan,baldan,1,1_2.PNG,stems_all/1_2.PNG,"[0.35, 0.35]",,,,,0,0,0,0,0,0,0,0,,,,,,,,,,,,,8.74508679995779,8.74508679995779,8.74508679995779,8.74508679995779,baldan,return,3.8523188999388367,734504,001,2023-09-21_14h27.14.692,Recognizability_SONA,2022.2.5,59.99538034847444,
Condition1.csv,berko,dan,berkodan,2,2_2.PNG,stems_all/2_2.PNG,"[0.35, 0.35]",,,,,0,0,0,0,0,1,1,1,,,,,,,,,,,,,12.861770599964075,12.861770599964075,12.861770599964075,12.861770599964075,berkodan,return,1.5271570000331849,734504,001,2023-09-21_14h27.14.692,Recognizability_SONA,2022.2.5,59.99538034847444,
,,,,,,,,,,,,,,,,,,,,,,,,,,,,,,,,14.661852700053714,14.661852700053714,14.661852700053714,14.661852700053714,,,,,,,,,,
