﻿stem,label,filepath,image_size,demo_info.thisRepN,demo_info.thisTrialN,demo_info.thisN,demo_info.thisIndex,pretraining_plus_test.thisRepN,pretraining_plus_test.thisTrialN,pretraining_plus_test.thisN,pretraining_plus_test.thisIndex,pretraining_loop.thisRepN,pretraining_loop.thisTrialN,pretraining_loop.thisN,pretraining_loop.thisIndex,pretraining,condition,begin_text.started,key_resp_11.started,key_resp_11.keys,key_resp_11.rt,consent_image.started,text_10.started,consent_resp.started,consent_resp.keys,consent_resp.rt,demographic_instr.started,text_9.started,key_resp_3.started,key_resp_3.keys,key_resp_3.rt,age_text.started,textbox.started,key_resp_5.started,text_3.started,textbox.text,key_resp_5.keys,key_resp_5.rt,age_text_5.started,textbox_5.started,key_resp_9.started,text_7.started,textbox_5.text,key_resp_9.keys,key_resp_9.rt,age_text_6.started,textbox_6.started,key_resp_10.started,text_8.started,textbox_6.text,key_resp_10.keys,key_resp_10.rt,instructions_text.started,key_resp_4.started,key_resp_4.keys,key_resp_4.rt,experiment_start.started,experiment_start_resp.started,experiment_start_resp.keys,experiment_start_resp.rt,text_23.started,key_resp_24.started,key_resp_24.keys,key_resp_24.rt,image_5.started,text_16.started,text_19.started,textbox_9.started,key_resp_20.started,textbox_9.text,key_resp_20.keys,key_resp_20.rt,image_4.started,text_18.started,textbox_12.started,image_4.stopped,text_18.stopped,textbox_12.stopped,participant,session,date,expName,psychopyVersion,frameRate,
,,,,,,,,,,,,,,,,0,5,8.867657799972221,8.867657799972221,space,0.27951659983955324,,,,,,,,,,,,,,,,,,,,,,,,,,,,,,,,,,,,,,,,,,,,,,,,,,,,,,,,,,741168,001,2023-10-05_00h53.07.448,generalizability,2022.2.5,59.13611602119015,
,,,,0,0,0,0,,,,,,,,,,,,,,,9.183682000031695,9.183682000031695,9.183682000031695,space,0.18049249984323978,9.40058990009129,9.40058990009129,9.40058990009129,space,0.48564349999651313,9.916828700108454,9.916828700108454,9.916828700108454,9.916828700108454," 
",return,0.23554199980571866,10.183574999915436,10.183574999915436,10.183574999915436,10.183574999915436,,return,0.14982439973391593,10.350316199939698,10.350316199939698,10.350316199939698,10.350316199939698,"

",return,0.13402520003728569,,,,,,,,,,,,,,,,,,,,,,,,,,,741168,001,2023-10-05_00h53.07.448,generalizability,2022.2.5,59.13611602119015,
,,,,,,,,,,,,,,,,,,,,,,,,,,,,,,,,,,,,,,,,,,,,,,,,,,,,,10.533516200026497,10.533516200026497,return,0.09897449985146523,,,,,,,,,,,,,,,,,,,,,,,741168,001,2023-10-05_00h53.07.448,generalizability,2022.2.5,59.13611602119015,
,,,,,,,,,,,,,,,,,,,,,,,,,,,,,,,,,,,,,,,,,,,,,,,,,,,,,,,,,10.650191799970344,10.650191799970344,return,0.1272860998287797,,,,,,,,,,,,,,,,,,,741168,001,2023-10-05_00h53.07.448,generalizability,2022.2.5,59.13611602119015,
chool,chool,stems_all/7.PNG,"[0.35, 0.35]",,,,,0,0,0,0,0,0,0,6,,,,,,,,,,,,,,,,,,,,,,,,,,,,,,,,,,,,,,,,,,,,,,10.800182400038466,10.800182400038466,return,0.296388000017032,11.116888700053096,11.116888700053096,12.60021540010348,12.60021540010348,12.60021540010348,chool,return,4.850766399875283,17.483626100001857,17.483626100001857,17.483626100001857,18.483639399986714,18.483639399986714,18.483639399986714,741168,001,2023-10-05_00h53.07.448,generalizability,2022.2.5,59.13611602119015,
,,,,,,,,,,,,,,,,,,,,,,,,,,,,,,,,,,,,,,,,,,,,,,,,,,,,,,,,,,,,,,,,,18.483639399986714,18.483639399986714,19.716965100029483,19.716965100029483,19.716965100029483,berko,return,6.714038100093603,26.45039470004849,26.45039470004849,26.45039470004849,,,,,,,,,,
