﻿stem,label,filepath,image_size,demo_info.thisRepN,demo_info.thisTrialN,demo_info.thisN,demo_info.thisIndex,pretraining_plus_test.thisRepN,pretraining_plus_test.thisTrialN,pretraining_plus_test.thisN,pretraining_plus_test.thisIndex,pretraining_loop.thisRepN,pretraining_loop.thisTrialN,pretraining_loop.thisN,pretraining_loop.thisIndex,pretraining,condition,begin_text.started,key_resp_11.started,key_resp_11.keys,key_resp_11.rt,instructions_text.started,key_resp_4.started,text_31.started,key_resp_4.keys,key_resp_4.rt,experiment_start.started,experiment_start_resp.started,text_32.started,experiment_start_resp.keys,experiment_start_resp.rt,text_23.started,key_resp_24.started,text_30.started,key_resp_24.keys,key_resp_24.rt,image_5.started,textbox_9.started,text_16.started,text_19.started,key_resp_20.started,textbox_9.text,key_resp_20.keys,key_resp_20.rt,image_4.started,text_18.started,textbox_12.started,text_27.started,image_4.stopped,text_18.stopped,textbox_12.stopped,text_27.stopped,participant,session,date,expName,psychopyVersion,frameRate,
,,,,,,,,,,,,,,,,0,5,8.646339599974453,8.646339599974453,space,0.5104529997333884,,,,,,,,,,,,,,,,,,,,,,,,,,,,,,,,745777,001,2023-10-10_13h22.46.775,generalizability,2022.2.5,59.98091416519468,
,,,,,,,,,,,,,,,,,,,,,,9.195344899781048,12.161946599837393,12.161946599837393,return,0.32360100001096725,,,,,,,,,,,,,,,,,,,,,,,,,,,745777,001,2023-10-10_13h22.46.775,generalizability,2022.2.5,59.98091416519468,
,,,,,,,,,,,,,,,,,,,,,,,,,,,12.511994999833405,15.495275599882007,15.495275599882007,return,0.2889845999889076,,,,,,,,,,,,,,,,,,,,,,745777,001,2023-10-10_13h22.46.775,generalizability,2022.2.5,59.98091416519468,
kora,kora,stems_all/3.PNG,"[0.35, 0.35]",,,,,0,0,0,0,0,0,0,2,,,,,,,,,,,,,,,,,15.811946299858391,18.79535279981792,18.79535279981792,return,0.2516410001553595,19.09537349967286,19.09537349967286,19.09537349967286,20.562054299749434,20.562054299749434,kora,return,1.213592799846083,21.795481899753213,21.795481899753213,21.795481899753213,21.795481899753213,22.312414600048214,22.312414600048214,22.312414600048214,22.312414600048214,745777,001,2023-10-10_13h22.46.775,generalizability,2022.2.5,59.98091416519468,
kudom,kudom,stems_all/8.PNG,"[0.35, 0.35]",,,,,0,0,0,0,0,1,1,7,,,,,,,,,,,,,,,,,,,,,,22.312414600048214,22.312414600048214,22.312414600048214,22.312414600048214,22.312414600048214,kudom,return,1.242634099908173,23.57887570001185,23.57887570001185,23.57887570001185,23.57887570001185,24.09542839974165,24.09542839974165,24.09542839974165,24.09542839974165,745777,001,2023-10-10_13h22.46.775,generalizability,2022.2.5,59.98091416519468,
pipa,pipa,stems_all/5.PNG,"[0.35, 0.35]",,,,,0,0,0,0,0,2,2,4,,,,,,,,,,,,,,,,,,,,,,24.09542839974165,24.09542839974165,24.09542839974165,24.09542839974165,24.09542839974165,pipa,return,0.9899451001547277,25.112122599966824,25.112122599966824,25.112122599966824,25.112122599966824,25.612099399790168,25.612099399790168,25.612099399790168,25.612099399790168,745777,001,2023-10-10_13h22.46.775,generalizability,2022.2.5,59.98091416519468,
,,,,,,,,,,,,,,,,,,,,,,,,,,,,,,,,,,,,,25.612099399790168,25.612099399790168,25.612099399790168,25.612099399790168,25.612099399790168,nako,return,1.6508098999038339,27.295478699728847,27.295478699728847,27.295478699728847,27.295478699728847,,,,,,,,,,,
