﻿prod_label,file,prod_image1,prod_image2,prod_condition,alt_image1,alt_image2,prod_image2_size,alt_image2_size,prod_image2_location,alt_image1_location,alt_image2_location,demo_info.thisRepN,demo_info.thisTrialN,demo_info.thisN,demo_info.thisIndex,pretraining_plus_test.thisRepN,pretraining_plus_test.thisTrialN,pretraining_plus_test.thisN,pretraining_plus_test.thisIndex,which_condition.thisRepN,which_condition.thisTrialN,which_condition.thisN,which_condition.thisIndex,production_block.thisRepN,production_block.thisTrialN,production_block.thisN,production_block.thisIndex,pretraining,condition,begin_text.started,key_resp_11.started,key_resp_11.keys,key_resp_11.rt,instructions_text.started,key_resp_4.started,key_resp_4.keys,key_resp_4.rt,experiment_start.started,experiment_start_resp.started,experiment_start_resp.keys,experiment_start_resp.rt,instr.started,key_resp_14.started,key_resp_14.keys,key_resp_14.rt,image_prod1_2.started,production_text_2.started,production_text_2.stopped,image_prod1_2.stopped,production_image.started,image_2.started,alternate_image2.started,image_3.started,prod_resp.started,text_12.started,key_resp_15.started,image_2.stopped,alternate_image2.stopped,image_3.stopped,prod_resp.text,key_resp_15.keys,key_resp_15.rt,text_25.started,text_25.stopped,participant,session,date,expName,psychopyVersion,frameRate,
,,,,,,,,,,,,,,,,,,,,,,,,,,,,0,1,8.54971110005863,8.54971110005863,space,0.609793100040406,,,,,,,,,,,,,,,,,,,,,,,,,,,,,,,,747201,001,2023-10-04_19h01.01.650,generalizability,2022.2.5,60.52495717277084,
,,,,,,,,,,,,,,,,,,,,,,,,,,,,,,,,,,9.199123800033703,9.199123800033703,return,0.9445772999897599,,,,,,,,,,,,,,,,,,,,,,,,,,,,747201,001,2023-10-04_19h01.01.650,generalizability,2022.2.5,60.52495717277084,
,,,,,,,,,,,,,,,,,,,,,,,,,,,,,,,,,,,,,,10.165456099901348,10.165456099901348,return,0.5493675000034273,,,,,,,,,,,,,,,,,,,,,,,,747201,001,2023-10-04_19h01.01.650,generalizability,2022.2.5,60.52495717277084,
,,,,,,,,,,,,,,,,,,,,,,,,,,,,,,,,,,,,,,,,,,10.732058299938217,10.732058299938217,return,0.9239994999952614,,,,,,,,,,,,,,,,,,,,747201,001,2023-10-04_19h01.01.650,generalizability,2022.2.5,60.52495717277084,
bal,1_2.PNG,stems_all/1.PNG,stems_all/1_2.PNG,familiar,stems_all/1_dim_sg.PNG,stems_all/1_dim_pl.PNG,"[0.35, 0.35]","[0.2, 0.2]","[-0.2, -0.18]","[0.2, 0.22]","[0.2, -0.18]",,,,,,,,,,,,,0,0,0,12,,,,,,,,,,,,,,,,,,,11.682370699942112,13.16543579986319,14.665765200043097,14.71576299984008,14.71576299984008,14.71576299984008,14.71576299984008,14.71576299984008,15.415518099907786,15.415518099907786,15.415518099907786,15.465508799999952,15.465508799999952,15.465508799999952,baldan,return,3.1781631999183446,18.61549760005437,19.365527200046927,747201,001,2023-10-04_19h01.01.650,generalizability,2022.2.5,60.52495717277084,
kora,3_dim_sg.PNG,stems_all/3.PNG,stems_all/3_dim_sg.PNG,familiar,stems_all/3_dim_pl.PNG,stems_all/3_2.PNG,"[0.2, 0.2]","[0.35, 0.35]","[0.2, 0.22]","[0.2, -0.18]","[-0.2, -0.18]",,,,,,,,,,,,,0,1,1,2,,,,,,,,,,,,,,,,,,,19.365527200046927,20.84889300004579,22.348907199921086,22.38225909997709,22.38225909997709,22.38225909997709,22.38225909997709,22.38225909997709,23.09890939993784,23.09890939993784,23.09890939993784,23.132227799855173,23.132227799855173,23.132227799855173,koranem,return,1.7520761999767274,24.882275399984792,25.632273599971086,747201,001,2023-10-04_19h01.01.650,generalizability,2022.2.5,60.52495717277084,
,,,,,,,,,,,,,,,,,,,,,,,,,,,,,,,,,,,,,,,,,,,,,,25.632273599971086,27.115639199968427,28.615632799919695,28.648970099864528,28.648970099864528,28.648970099864528,28.648970099864528,28.648970099864528,29.365672399988398,29.365672399988398,29.365672399988398,29.399003699887544,29.399003699887544,29.399003699887544,balsil,return,1.7887658001855016,31.18236509989947,,,,,,,,
