﻿select_condition,stem,suffix,label,stem_filename,file,filepath,image_size,demo_info.thisRepN,demo_info.thisTrialN,demo_info.thisN,demo_info.thisIndex,pretraining_plus_test.thisRepN,pretraining_plus_test.thisTrialN,pretraining_plus_test.thisN,pretraining_plus_test.thisIndex,which_condition.thisRepN,which_condition.thisTrialN,which_condition.thisN,which_condition.thisIndex,training_block.thisRepN,training_block.thisTrialN,training_block.thisN,training_block.thisIndex,pretraining,condition,begin_text.started,key_resp_11.started,key_resp_11.keys,key_resp_11.rt,consent_image.started,text_10.started,consent_resp.started,consent_resp.keys,consent_resp.rt,demographic_instr.started,text_9.started,key_resp_3.started,key_resp_3.keys,key_resp_3.rt,age_text.started,textbox.started,key_resp_5.started,text_3.started,textbox.text,key_resp_5.keys,key_resp_5.rt,age_text_2.started,textbox_2.started,key_resp_6.started,text_4.started,textbox_2.text,key_resp_6.keys,key_resp_6.rt,age_text_3.started,textbox_3.started,key_resp_7.started,text_5.started,textbox_3.text,key_resp_7.keys,key_resp_7.rt,age_text_5.started,textbox_5.started,key_resp_9.started,text_7.started,textbox_5.text,key_resp_9.keys,key_resp_9.rt,age_text_6.started,textbox_6.started,key_resp_10.started,text_8.started,textbox_6.text,key_resp_10.keys,key_resp_10.rt,age_text_4.started,textbox_4.started,key_resp_8.started,text_6.started,textbox_4.text,key_resp_8.keys,key_resp_8.rt,instructions_text.started,key_resp_4.started,key_resp_4.keys,key_resp_4.rt,experiment_start.started,experiment_start_resp.started,experiment_start_resp.keys,experiment_start_resp.rt,image.started,text_11.started,textbox_7.started,key_resp_18.started,textbox_7.text,key_resp_18.keys,key_resp_18.rt,image_8.started,text_17.started,textbox_8.started,image_8.stopped,text_17.stopped,textbox_8.stopped,ISI.started,participant,session,date,expName,psychopyVersion,frameRate,
,,,,,,,,,,,,,,,,,,,,,,,,0,2,13.7535288000945,13.7535288000945,space,1.090101599926129,,,,,,,,,,,,,,,,,,,,,,,,,,,,,,,,,,,,,,,,,,,,,,,,,,,,,,,,,,,,,,,,,,,,,,,,,,,749186,001,2023-09-26_18h05.07.254,generalizability,2022.2.5,59.979906731861526,
,,,,,,,,0,0,0,0,,,,,,,,,,,,,,,,,,,14.869270200026222,14.869270200026222,14.869270200026222,space,0.5794680999824777,15.485892500029877,15.485892500029877,15.485892500029877,space,0.7310137000167742,16.235931700095534,16.235931700095534,16.235931700095534,16.235931700095534, ,return,0.695134999928996,16.952594100032,16.952594100032,16.952594100032,16.952594100032,"
",return,0.1975152000086382,17.16923240001779,17.16923240001779,17.16923240001779,17.16923240001779,"
",return,0.1739229999948293,17.36922690004576,17.36922690004576,17.36922690004576,17.36922690004576,"
",return,0.2289873999543488,17.619258400052786,17.619258400052786,17.619258400052786,17.619258400052786,"
",return,0.23101250000763685,17.869233500096016,17.869233500096016,17.869233500096016,17.869233500096016,"
",return,0.2881171000190079,,,,,,,,,,,,,,,,,,,,,,,749186,001,2023-09-26_18h05.07.254,generalizability,2022.2.5,59.979906731861526,
,,,,,,,,,,,,,,,,,,,,,,,,,,,,,,,,,,,,,,,,,,,,,,,,,,,,,,,,,,,,,,,,,,,,,,,,,,,,,,,,,,18.202573099988513,18.202573099988513,space,1.1460449999431148,,,,,,,,,,,,,,,,,,,749186,001,2023-09-26_18h05.07.254,generalizability,2022.2.5,59.979906731861526,
,,,,,,,,,,,,,,,,,,,,,,,,,,,,,,,,,,,,,,,,,,,,,,,,,,,,,,,,,,,,,,,,,,,,,,,,,,,,,,,,,,,,,,19.36928430001717,19.36928430001717,space,1.3456375999376178,,,,,,,,,,,,,,,749186,001,2023-09-26_18h05.07.254,generalizability,2022.2.5,59.979906731861526,
Condition2.csv,kora,dan,koradan,3,3_2.PNG,stems_all/3_2.PNG,"[0.35, 0.35]",,,,,,,,,0,0,0,0,0,0,0,11,,,,,,,,,,,,,,,,,,,,,,,,,,,,,,,,,,,,,,,,,,,,,,,,,,,,,,,,,,,,,,,,,,,20.969363900017925,21.469292300054803,21.469292300054803,21.469292300054803,koradan,n,1.7641873999964446,23.269308799994178,23.269308799994178,23.269308799994178,24.269303500070237,24.269303500070237,24.269303500070237,-0.00070830003824085,749186,001,2023-09-26_18h05.07.254,generalizability,2022.2.5,59.979906731861526,
Condition2.csv,berko,sil,berkosil,2,2_2.PNG,stems_all/2_2.PNG,"[0.35, 0.35]",,,,,,,,,0,0,0,0,0,1,1,16,,,,,,,,,,,,,,,,,,,,,,,,,,,,,,,,,,,,,,,,,,,,,,,,,,,,,,,,,,,,,,,,,,,26.502801500028,27.00269560003653,27.00269560003653,27.00269560003653,berkosil,l,1.390962699893862,28.436017800006084,28.436017800006084,28.436017800006084,29.436075000092387,29.436075000092387,29.436075000092387,-0.0005373000167310238,749186,001,2023-09-26_18h05.07.254,generalizability,2022.2.5,59.979906731861526,
,,,,,,,,,,,,,,,,,,,,,,,,,,,,,,,,,,,,,,,,,,,,,,,,,,,,,,,,,,,,,,,,,,,,,,,,,,,,,,,,,,,,,,,,,,31.669434600044042,32.16943510004785,32.16943510004785,32.16943510004785,koradan,n,2.1635105999885127,34.36942350002937,34.36942350002937,34.36942350002937,35.36946670000907,35.36946670000907,35.36946670000907,-0.00045389996375888586,,,,,,,
