﻿prod_label,file,prod_image1,prod_image2,prod_condition,alt_image1,alt_image2,prod_image2_size,alt_image2_size,prod_image2_location,alt_image1_location,alt_image2_location,demo_info.thisRepN,demo_info.thisTrialN,demo_info.thisN,demo_info.thisIndex,pretraining_plus_test.thisRepN,pretraining_plus_test.thisTrialN,pretraining_plus_test.thisN,pretraining_plus_test.thisIndex,which_condition.thisRepN,which_condition.thisTrialN,which_condition.thisN,which_condition.thisIndex,production_block.thisRepN,production_block.thisTrialN,production_block.thisN,production_block.thisIndex,pretraining,condition,begin_text.started,key_resp_11.started,key_resp_11.keys,key_resp_11.rt,instructions_text.started,key_resp_4.started,key_resp_4.keys,key_resp_4.rt,experiment_start.started,experiment_start_resp.started,experiment_start_resp.keys,experiment_start_resp.rt,instr.started,key_resp_14.started,key_resp_14.keys,key_resp_14.rt,image_prod1.started,production_text.started,production_text.stopped,production_image.started,image_2.started,alternate_image2.started,image_3.started,image_prod1.stopped,prod_resp.started,text_12.started,key_resp_15.started,image_2.stopped,alternate_image2.stopped,image_3.stopped,production_image.stopped,prod_resp.stopped,text_12.stopped,key_resp_15.stopped,prod_resp.text,key_resp_15.keys,text_25.started,text_25.stopped,key_resp_15.rt,participant,session,date,expName,psychopyVersion,frameRate,
,,,,,,,,,,,,,,,,,,,,,,,,,,,,100,4,11.189247800037265,11.189247800037265,space,1.2148839998990297,,,,,,,,,,,,,,,,,,,,,,,,,,,,,,,,,,,,771150,001,2023-10-04_18h24.46.643,generalizability,2022.2.5,60.006396632789254,
,,,,,,,,,,,,,,,,,,,,,,,,,,,,,,,,,,12.453342500142753,12.453342500142753,space,0.2338280000258237,,,,,,,,,,,,,,,,,,,,,,,,,,,,,,,,771150,001,2023-10-04_18h24.46.643,generalizability,2022.2.5,60.006396632789254,
,,,,,,,,,,,,,,,,,,,,,,,,,,,,,,,,,,,,,,12.719836700009182,12.719836700009182,space,0.27440500003285706,,,,,,,,,,,,,,,,,,,,,,,,,,,,771150,001,2023-10-04_18h24.46.643,generalizability,2022.2.5,60.006396632789254,
,,,,,,,,,,,,,,,,,,,,,,,,,,,,,,,,,,,,,,,,,,13.019810800207779,13.019810800207779,space,0.33452049968764186,,,,,,,,,,,,,,,,,,,,,,,,771150,001,2023-10-04_18h24.46.643,generalizability,2022.2.5,60.006396632789254,
shinti,14_2.PNG,stems_all/14.PNG,stems_all/14_2.PNG,novel,stems_all/14_dim_sg.PNG,stems_all/14_dim_pl.PNG,"[0.35, 0.35]","[0.2, 0.2]","[-0.2, -0.18]","[0.2, 0.22]","[0.2, -0.18]",,,,,,,,,,,,,0,0,0,16,,,,,,,,,,,,,,,,,,,13.40314340009354,14.119855500059202,15.370035200146958,15.370035200146958,15.370035200146958,15.370035200146958,15.370035200146958,15.403420600108802,15.869963600067422,15.869963600067422,15.869963600067422,15.869963600067422,15.869963600067422,15.869963600067422,25.369968600105494,25.870033000130206,25.870033000130206,25.870033000130206,shin,None,25.870033000130206,26.720023200148717,,771150,001,2023-10-04_18h24.46.643,generalizability,2022.2.5,60.006396632789254,
kora,3_2.PNG,stems_all/3.PNG,stems_all/3_2.PNG,familiar,stems_all/3_dim_sg.PNG,stems_all/3_dim_pl.PNG,"[0.35, 0.35]","[0.2, 0.2]","[-0.2, -0.18]","[0.2, 0.22]","[0.2, -0.18]",,,,,,,,,,,,,0,1,1,14,,,,,,,,,,,,,,,,,,,26.720023200148717,27.369987400015816,28.620062300004065,28.620062300004065,28.620062300004065,28.620062300004065,28.620062300004065,28.72005490004085,29.12001690012403,29.12001690012403,29.12001690012403,29.12001690012403,29.12001690012403,29.12001690012403,38.62019850010984,,,,koradan,return,38.936856700107455,39.72021500021219,9.795084599871188,771150,001,2023-10-04_18h24.46.643,generalizability,2022.2.5,60.006396632789254,
,,,,,,,,,,,,,,,,,,,,,,,,,,,,,,,,,,,,,,,,,,,,,,39.72021500021219,,,,,,,,,,,,,,,,,,,,,,,,,,,,,
