﻿select_condition,stem,suffix,label,stem_filename,file,filepath,demo_info.thisRepN,demo_info.thisTrialN,demo_info.thisN,demo_info.thisIndex,which_condition.thisRepN,which_condition.thisTrialN,which_condition.thisN,which_condition.thisIndex,training_block.thisRepN,training_block.thisTrialN,training_block.thisN,training_block.thisIndex,begin_text.started,key_resp_11.started,key_resp_11.keys,key_resp_11.rt,instructions_text.started,key_resp_4.started,key_resp_4.keys,key_resp_4.rt,experiment_start.started,experiment_start_resp.started,experiment_start_resp.keys,experiment_start_resp.rt,image.started,text_11.started,image.stopped,text_11.stopped,participant,session,date,expName,psychopyVersion,frameRate,
,,,,,,,,,,,,,,,,,,,16.127482500160113,16.127482500160113,space,1.5998751998413354,,,,,,,,,,,,,800258,001,2023-09-06_10h33.52.545,Recognizability_SONA,2022.2.5,59.867728223751975,
,,,,,,,,,,,,,,,,,,,,,,,17.774416800122708,17.774416800122708,space,1.087200399953872,,,,,,,,,800258,001,2023-09-06_10h33.52.545,Recognizability_SONA,2022.2.5,59.867728223751975,
,,,,,,,,,,,,,,,,,,,,,,,,,,,18.891295900102705,18.891295900102705,space,0.7951047997921705,,,,,800258,001,2023-09-06_10h33.52.545,Recognizability_SONA,2022.2.5,59.867728223751975,
Condition6.csv,pipa,nem,pipanem,5,5_dim_sg.PNG,stems_all/5_dim_sg.PNG,,,,,0,0,0,0,0,0,0,4,,,,,,,,,,,,,19.941664800047874,19.941664800047874,21.70795730012469,21.70795730012469,800258,001,2023-09-06_10h33.52.545,Recognizability_SONA,2022.2.5,59.867728223751975,
Condition6.csv,osto,nem,ostonem,9,9_dim_sg.PNG,stems_all/9_dim_sg.PNG,,,,,0,0,0,0,0,1,1,8,,,,,,,,,,,,,21.94125790009275,21.94125790009275,23.708274600096047,23.708274600096047,800258,001,2023-09-06_10h33.52.545,Recognizability_SONA,2022.2.5,59.867728223751975,
Condition6.csv,mero,nem,meronem,12,12_dim_sg.PNG,stems_all/12_dim_sg.PNG,,,,,0,0,0,0,0,2,2,11,,,,,,,,,,,,,23.941297800047323,23.941297800047323,25.691239800071344,25.691239800071344,800258,001,2023-09-06_10h33.52.545,Recognizability_SONA,2022.2.5,59.867728223751975,
Condition6.csv,chool,nem,choolnem,7,7_dim_sg.PNG,stems_all/7_dim_sg.PNG,,,,,0,0,0,0,0,3,3,6,,,,,,,,,,,,,25.941679000156,25.941679000156,27.698059800080955,27.698059800080955,800258,001,2023-09-06_10h33.52.545,Recognizability_SONA,2022.2.5,59.867728223751975,
,,,,,,,,,,,,,,,,,,,,,,,,,,,,,,,27.941577499965206,27.941577499965206,,,,,,,,,
