﻿stem,label,filepath,image_size,demo_info.thisRepN,demo_info.thisTrialN,demo_info.thisN,demo_info.thisIndex,pretraining_plus_test.thisRepN,pretraining_plus_test.thisTrialN,pretraining_plus_test.thisN,pretraining_plus_test.thisIndex,pretraining_loop.thisRepN,pretraining_loop.thisTrialN,pretraining_loop.thisN,pretraining_loop.thisIndex,test_loop.thisRepN,test_loop.thisTrialN,test_loop.thisN,test_loop.thisIndex,pretraining,condition,begin_text.started,key_resp_11.started,key_resp_11.keys,key_resp_11.rt,consent_image.started,text_10.started,consent_resp.started,consent_resp.keys,consent_resp.rt,demographic_instr.started,text_9.started,key_resp_3.started,key_resp_3.keys,key_resp_3.rt,age_text.started,textbox.started,key_resp_5.started,text_3.started,textbox.text,key_resp_5.keys,key_resp_5.rt,age_text_5.started,textbox_5.started,key_resp_9.started,text_7.started,textbox_5.text,key_resp_9.keys,key_resp_9.rt,age_text_6.started,textbox_6.started,key_resp_10.started,text_8.started,textbox_6.text,key_resp_10.keys,key_resp_10.rt,instructions_text.started,key_resp_4.started,text_31.started,key_resp_4.keys,key_resp_4.rt,experiment_start.started,experiment_start_resp.started,text_32.started,experiment_start_resp.keys,experiment_start_resp.rt,text_23.started,key_resp_24.started,text_30.started,key_resp_24.keys,key_resp_24.rt,image_5.started,textbox_9.started,key_resp_20.started,text_16.started,text_19.started,textbox_9.text,key_resp_20.keys,key_resp_20.rt,image_4.started,text_18.started,textbox_12.started,text_27.started,image_4.stopped,text_18.stopped,textbox_12.stopped,text_27.stopped,text_21.started,key_resp_22.started,text_33.started,key_resp_22.keys,key_resp_22.rt,image_6.started,text_20.started,textbox_10.started,key_resp_21.started,textbox_10.text,key_resp_21.keys,key_resp_21.rt,text_22.started,key_resp_23.started,participant,session,date,expName,psychopyVersion,frameRate,
,,,,,,,,,,,,,,,,,,,,100,5,17.382437099702656,17.382437099702656,space,2.5125150005333126,,,,,,,,,,,,,,,,,,,,,,,,,,,,,,,,,,,,,,,,,,,,,,,,,,,,,,,,,,,,,,,,,,,,,,,,,,,,,812760,001,2023-10-10_15h21.55.790,generalizability,2022.2.5,60.03449581838591,
,,,,0,0,0,0,,,,,,,,,,,,,,,,,,,19.914334799628705,19.914334799628705,19.914334799628705,space,0.9327045003883541,20.881082699634135,20.881082699634135,20.881082699634135,space,0.504076300188899,21.414380999747664,21.414380999747664,21.414380999747664,21.414380999747664, ,return,0.1738389004021883,21.61441699974239,21.61441699974239,21.61441699974239,21.61441699974239,"
",return,0.17384730046615005,21.814356099814177,21.814356099814177,21.814356099814177,21.814356099814177,"
",return,0.1409069001674652,,,,,,,,,,,,,,,,,,,,,,,,,,,,,,,,,,,,,,,,,,,,,,812760,001,2023-10-10_15h21.55.790,generalizability,2022.2.5,60.03449581838591,
,,,,,,,,,,,,,,,,,,,,,,,,,,,,,,,,,,,,,,,,,,,,,,,,,,,,,,,,,21.9977549999021,24.964400100056082,24.964400100056082,return,0.22862610034644604,,,,,,,,,,,,,,,,,,,,,,,,,,,,,,,,,,,,,,,,,812760,001,2023-10-10_15h21.55.790,generalizability,2022.2.5,60.03449581838591,
,,,,,,,,,,,,,,,,,,,,,,,,,,,,,,,,,,,,,,,,,,,,,,,,,,,,,,,,,,,,,,25.21436830004677,28.197779699694365,28.197779699694365,return,0.39801410073414445,,,,,,,,,,,,,,,,,,,,,,,,,,,,,,,,,,,,812760,001,2023-10-10_15h21.55.790,generalizability,2022.2.5,60.03449581838591,
chool,chool,stems_all/7.PNG,"[0.35, 0.35]",,,,,0,0,0,0,0,0,0,6,,,,,,,,,,,,,,,,,,,,,,,,,,,,,,,,,,,,,,,,,,,,,,,,,,,,28.614735699724406,31.597825199831277,31.597825199831277,return,0.21869230037555099,31.864512600004673,31.864512600004673,31.864512600004673,31.864512600004673,33.331139399670064,chool,return,2.617596400436014,34.51448819972575,34.51448819972575,34.51448819972575,34.51448819972575,35.014539799652994,35.014539799652994,35.014539799652994,35.014539799652994,,,,,,,,,,,,,,,812760,001,2023-10-10_15h21.55.790,generalizability,2022.2.5,60.03449581838591,
osto,osto,stems_all/9.PNG,"[0.35, 0.35]",,,,,0,0,0,0,0,1,1,8,,,,,,,,,,,,,,,,,,,,,,,,,,,,,,,,,,,,,,,,,,,,,,,,,,,,,,,,,35.014539799652994,35.014539799652994,35.014539799652994,35.014539799652994,35.014539799652994,osto,return,0.9969153003767133,36.03121169982478,36.03121169982478,36.03121169982478,36.03121169982478,36.54788069985807,36.54788069985807,36.54788069985807,36.54788069985807,,,,,,,,,,,,,,,812760,001,2023-10-10_15h21.55.790,generalizability,2022.2.5,60.03449581838591,
bani,bani,stems_all/6.PNG,"[0.35, 0.35]",,,,,0,0,0,0,0,2,2,5,,,,,,,,,,,,,,,,,,,,,,,,,,,,,,,,,,,,,,,,,,,,,,,,,,,,,,,,,36.54788069985807,36.54788069985807,36.54788069985807,36.54788069985807,36.54788069985807,bani,return,0.9170310003682971,37.49787349998951,37.49787349998951,37.49787349998951,37.49787349998951,37.99784730002284,37.99784730002284,37.99784730002284,37.99784730002284,,,,,,,,,,,,,,,812760,001,2023-10-10_15h21.55.790,generalizability,2022.2.5,60.03449581838591,
kora,kora,stems_all/3.PNG,"[0.35, 0.35]",,,,,0,0,0,0,0,3,3,2,,,,,,,,,,,,,,,,,,,,,,,,,,,,,,,,,,,,,,,,,,,,,,,,,,,,,,,,,37.99784730002284,37.99784730002284,37.99784730002284,37.99784730002284,37.99784730002284,kora,return,1.0703030000440776,39.097884099930525,39.097884099930525,39.097884099930525,39.097884099930525,39.59787579998374,39.59787579998374,39.59787579998374,39.59787579998374,,,,,,,,,,,,,,,812760,001,2023-10-10_15h21.55.790,generalizability,2022.2.5,60.03449581838591,
pipa,pipa,stems_all/5.PNG,"[0.35, 0.35]",,,,,0,0,0,0,0,4,4,4,,,,,,,,,,,,,,,,,,,,,,,,,,,,,,,,,,,,,,,,,,,,,,,,,,,,,,,,,39.59787579998374,39.59787579998374,39.59787579998374,39.59787579998374,39.59787579998374,pipa,return,0.9756162003614008,40.59814290003851,40.59814290003851,40.59814290003851,40.59814290003851,41.09788340004161,41.09788340004161,41.09788340004161,41.09788340004161,,,,,,,,,,,,,,,812760,001,2023-10-10_15h21.55.790,generalizability,2022.2.5,60.03449581838591,
kudom,kudom,stems_all/8.PNG,"[0.35, 0.35]",,,,,0,0,0,0,0,5,5,7,,,,,,,,,,,,,,,,,,,,,,,,,,,,,,,,,,,,,,,,,,,,,,,,,,,,,,,,,41.09788340004161,41.09788340004161,41.09788340004161,41.09788340004161,41.09788340004161,kudom,return,1.024950200226158,42.147945899982005,42.147945899982005,42.147945899982005,42.147945899982005,42.64920019963756,42.64920019963756,42.64920019963756,42.64920019963756,,,,,,,,,,,,,,,812760,001,2023-10-10_15h21.55.790,generalizability,2022.2.5,60.03449581838591,
nako,nako,stems_all/4.PNG,"[0.35, 0.35]",,,,,0,0,0,0,0,6,6,3,,,,,,,,,,,,,,,,,,,,,,,,,,,,,,,,,,,,,,,,,,,,,,,,,,,,,,,,,42.64920019963756,42.64920019963756,42.64920019963756,42.64920019963756,42.64920019963756,nako,return,1.3900949005037546,44.06469379970804,44.06469379970804,44.06469379970804,44.06469379970804,44.564648899715394,44.564648899715394,44.564648899715394,44.564648899715394,,,,,,,,,,,,,,,812760,001,2023-10-10_15h21.55.790,generalizability,2022.2.5,60.03449581838591,
vorke,vorke,stems_all/10.PNG,"[0.35, 0.35]",,,,,0,0,0,0,0,7,7,9,,,,,,,,,,,,,,,,,,,,,,,,,,,,,,,,,,,,,,,,,,,,,,,,,,,,,,,,,44.564648899715394,44.564648899715394,44.564648899715394,44.564648899715394,44.564648899715394,vorke,return,1.0589783005416393,45.648008699994534,45.648008699994534,45.648008699994534,45.648008699994534,46.1492412998341,46.1492412998341,46.1492412998341,46.1492412998341,,,,,,,,,,,,,,,812760,001,2023-10-10_15h21.55.790,generalizability,2022.2.5,60.03449581838591,
bal,bal,stems_all/1.PNG,"[0.35, 0.35]",,,,,0,0,0,0,0,8,8,0,,,,,,,,,,,,,,,,,,,,,,,,,,,,,,,,,,,,,,,,,,,,,,,,,,,,,,,,,46.1492412998341,46.1492412998341,46.1492412998341,46.1492412998341,46.1492412998341,bal,return,0.8366962000727654,47.014698300044984,47.014698300044984,47.014698300044984,47.014698300044984,47.514667300041765,47.514667300041765,47.514667300041765,47.514667300041765,,,,,,,,,,,,,,,812760,001,2023-10-10_15h21.55.790,generalizability,2022.2.5,60.03449581838591,
berko,berko,stems_all/2.PNG,"[0.35, 0.35]",,,,,0,0,0,0,0,9,9,1,,,,,,,,,,,,,,,,,,,,,,,,,,,,,,,,,,,,,,,,,,,,,,,,,,,,,,,,,47.514667300041765,47.514667300041765,47.514667300041765,47.514667300041765,47.514667300041765,berko,return,1.116661200299859,48.64804730005562,48.64804730005562,48.64804730005562,48.64804730005562,49.14801699994132,49.14801699994132,49.14801699994132,49.14801699994132,,,,,,,,,,,,,,,812760,001,2023-10-10_15h21.55.790,generalizability,2022.2.5,60.03449581838591,
chool,chool,stems_all/7.PNG,"[0.35, 0.35]",,,,,0,0,0,0,,,,,0,0,0,6,,,,,,,,,,,,,,,,,,,,,,,,,,,,,,,,,,,,,,,,,,,,,,,,,,,,,,,,,,,,,,,,,,,,,49.14801699994132,49.14801699994132,49.14801699994132,return,0.8055978002958,50.21480319974944,50.21480319974944,50.21480319974944,50.21480319974944,chool,return,9.700059700291604,,,812760,001,2023-10-10_15h21.55.790,generalizability,2022.2.5,60.03449581838591,
vorke,vorke,stems_all/10.PNG,"[0.35, 0.35]",,,,,0,0,0,0,,,,,0,1,1,9,,,,,,,,,,,,,,,,,,,,,,,,,,,,,,,,,,,,,,,,,,,,,,,,,,,,,,,,,,,,,,,,,,,,,,,,,,60.181521699763834,60.181521699763834,60.181521699763834,60.181521699763834,vorke,return,4.497332600411028,,,812760,001,2023-10-10_15h21.55.790,generalizability,2022.2.5,60.03449581838591,
nako,nako,stems_all/4.PNG,"[0.35, 0.35]",,,,,0,0,0,0,,,,,0,2,2,3,,,,,,,,,,,,,,,,,,,,,,,,,,,,,,,,,,,,,,,,,,,,,,,,,,,,,,,,,,,,,,,,,,,,,,,,,,64.93166460003704,64.93166460003704,64.93166460003704,64.93166460003704,nako,return,4.745326700154692,,,812760,001,2023-10-10_15h21.55.790,generalizability,2022.2.5,60.03449581838591,
kudom,kudom,stems_all/8.PNG,"[0.35, 0.35]",,,,,0,0,0,0,,,,,0,3,3,7,,,,,,,,,,,,,,,,,,,,,,,,,,,,,,,,,,,,,,,,,,,,,,,,,,,,,,,,,,,,,,,,,,,,,,,,,,69.93160329991952,69.93160329991952,69.93160329991952,69.93160329991952,kudom,return,1.6288211005739868,,,812760,001,2023-10-10_15h21.55.790,generalizability,2022.2.5,60.03449581838591,
bani,bani,stems_all/6.PNG,"[0.35, 0.35]",,,,,0,0,0,0,,,,,0,4,4,5,,,,,,,,,,,,,,,,,,,,,,,,,,,,,,,,,,,,,,,,,,,,,,,,,,,,,,,,,,,,,,,,,,,,,,,,,,71.8149667000398,71.8149667000398,71.8149667000398,71.8149667000398,bani,return,4.422542200423777,,,812760,001,2023-10-10_15h21.55.790,generalizability,2022.2.5,60.03449581838591,
berko,berko,stems_all/2.PNG,"[0.35, 0.35]",,,,,0,0,0,0,,,,,0,5,5,1,,,,,,,,,,,,,,,,,,,,,,,,,,,,,,,,,,,,,,,,,,,,,,,,,,,,,,,,,,,,,,,,,,,,,,,,,,76.51504989992827,76.51504989992827,76.51504989992827,76.51504989992827,berko,return,2.6430843002162874,,,812760,001,2023-10-10_15h21.55.790,generalizability,2022.2.5,60.03449581838591,
osto,osto,stems_all/9.PNG,"[0.35, 0.35]",,,,,0,0,0,0,,,,,0,6,6,8,,,,,,,,,,,,,,,,,,,,,,,,,,,,,,,,,,,,,,,,,,,,,,,,,,,,,,,,,,,,,,,,,,,,,,,,,,79.41508529987186,79.41508529987186,79.41508529987186,79.41508529987186,osto,return,3.2150554000400007,,,812760,001,2023-10-10_15h21.55.790,generalizability,2022.2.5,60.03449581838591,
kora,kora,stems_all/3.PNG,"[0.35, 0.35]",,,,,0,0,0,0,,,,,0,7,7,2,,,,,,,,,,,,,,,,,,,,,,,,,,,,,,,,,,,,,,,,,,,,,,,,,,,,,,,,,,,,,,,,,,,,,,,,,,82.89858709974214,82.89858709974214,82.89858709974214,82.89858709974214,kora,return,1.1376405004411936,,,812760,001,2023-10-10_15h21.55.790,generalizability,2022.2.5,60.03449581838591,
bal,bal,stems_all/1.PNG,"[0.35, 0.35]",,,,,0,0,0,0,,,,,0,8,8,0,,,,,,,,,,,,,,,,,,,,,,,,,,,,,,,,,,,,,,,,,,,,,,,,,,,,,,,,,,,,,,,,,,,,,,,,,,84.29854519991204,84.29854519991204,84.29854519991204,84.29854519991204,bal,return,1.07501620054245,,,812760,001,2023-10-10_15h21.55.790,generalizability,2022.2.5,60.03449581838591,
pipa,pipa,stems_all/5.PNG,"[0.35, 0.35]",,,,,0,0,0,0,,,,,0,9,9,4,,,,,,,,,,,,,,,,,,,,,,,,,,,,,,,,,,,,,,,,,,,,,,,,,,,,,,,,,,,,,,,,,,,,,,,,,,85.63191379979253,85.63191379979253,85.63191379979253,85.63191379979253,pipa,return,5.399894800502807,,,812760,001,2023-10-10_15h21.55.790,generalizability,2022.2.5,60.03449581838591,
,,,,,,,,,,,,,,,,,,,,,,,,,,,,,,,,,,,,,,,,,,,,,,,,,,,,,,,,,,,,,,,,,,,,,,,,,,,,,,,,,,,,,,,,,,,,,,,,,,,,91.0485715996474,91.0485715996474,,,,,,,
