﻿select_condition,stem,suffix,label,stem_filename,file,filepath,image_size,demo_info.thisRepN,demo_info.thisTrialN,demo_info.thisN,demo_info.thisIndex,pretraining_plus_test.thisRepN,pretraining_plus_test.thisTrialN,pretraining_plus_test.thisN,pretraining_plus_test.thisIndex,which_condition.thisRepN,which_condition.thisTrialN,which_condition.thisN,which_condition.thisIndex,training_block.thisRepN,training_block.thisTrialN,training_block.thisN,training_block.thisIndex,pretraining,condition,begin_text.started,key_resp_11.started,key_resp_11.keys,key_resp_11.rt,instructions_text.started,key_resp_4.started,key_resp_4.keys,key_resp_4.rt,experiment_start.started,experiment_start_resp.started,experiment_start_resp.keys,experiment_start_resp.rt,image.started,text_11.started,textbox_7.started,key_resp_18.started,textbox_7.text,key_resp_18.keys,key_resp_18.rt,image_8.started,text_17.started,textbox_8.started,text_25.started,image_8.stopped,text_17.stopped,textbox_8.stopped,text_25.stopped,participant,session,date,expName,psychopyVersion,frameRate,
,,,,,,,,,,,,,,,,,,,,,,,,0,3,8.985031299991533,8.985031299991533,space,0.3657973001245409,,,,,,,,,,,,,,,,,,,,,,,,815632,001,2023-10-04_18h06.39.276,generalizability,2022.2.5,60.01622837198657,
,,,,,,,,,,,,,,,,,,,,,,,,,,,,,,9.400934099918231,9.400934099918231,space,0.15286989999003708,,,,,,,,,,,,,,,,,,,,815632,001,2023-10-04_18h06.39.276,generalizability,2022.2.5,60.01622837198657,
,,,,,,,,,,,,,,,,,,,,,,,,,,,,,,,,,,9.583922100020573,9.583922100020573,space,0.17294870014302433,,,,,,,,,,,,,,,,815632,001,2023-10-04_18h06.39.276,generalizability,2022.2.5,60.01622837198657,
Condition3.csv,nako,dan,nakodan,4,4_2.PNG,stems_all/4_2.PNG,"[0.35, 0.35]",,,,,,,,,0,0,0,0,0,0,0,3,,,,,,,,,,,,,,,10.01725609996356,10.76729610003531,10.76729610003531,10.76729610003531,nakodan,return,5.969129000091925,16.784080900019035,16.784080900019035,16.784080900019035,17.784036899916828,,,,,815632,001,2023-10-04_18h06.39.276,generalizability,2022.2.5,60.01622837198657,
Condition3.csv,bal,sil,balsil,1,1_2.PNG,stems_all/1_2.PNG,"[0.35, 0.35]",,,,,,,,,0,0,0,0,0,1,1,15,,,,,,,,,,,,,,,18.75068399985321,19.50074669998139,19.50074669998139,19.50074669998139,balsil,return,4.240255600307137,23.767449999926612,23.767449999926612,23.767449999926612,24.7674912000075,24.7674912000075,24.7674912000075,24.7674912000075,25.550861799856648,815632,001,2023-10-04_18h06.39.276,generalizability,2022.2.5,60.01622837198657,
