﻿stem,label,filepath,image_size,demo_info.thisRepN,demo_info.thisTrialN,demo_info.thisN,demo_info.thisIndex,pretraining_plus_test.thisRepN,pretraining_plus_test.thisTrialN,pretraining_plus_test.thisN,pretraining_plus_test.thisIndex,pretraining_loop.thisRepN,pretraining_loop.thisTrialN,pretraining_loop.thisN,pretraining_loop.thisIndex,pretraining,condition,begin_text.started,key_resp_11.started,key_resp_11.keys,key_resp_11.rt,consent_image.started,text_10.started,consent_resp.started,consent_resp.keys,consent_resp.rt,demographic_instr.started,text_9.started,key_resp_3.started,key_resp_3.keys,key_resp_3.rt,age_text.started,textbox.started,key_resp_5.started,text_3.started,textbox.text,key_resp_5.keys,key_resp_5.rt,age_text_5.started,textbox_5.started,key_resp_9.started,text_7.started,textbox_5.text,key_resp_9.keys,key_resp_9.rt,age_text_6.started,textbox_6.started,key_resp_10.started,text_8.started,textbox_6.text,key_resp_10.keys,key_resp_10.rt,instructions_text.started,key_resp_4.started,key_resp_4.keys,key_resp_4.rt,experiment_start.started,experiment_start_resp.started,experiment_start_resp.keys,experiment_start_resp.rt,text_23.started,key_resp_24.started,key_resp_24.keys,key_resp_24.rt,image_5.started,text_16.started,text_19.started,textbox_9.started,key_resp_20.started,textbox_9.text,key_resp_20.keys,key_resp_20.rt,image_4.started,text_18.started,textbox_12.started,image_4.stopped,text_18.stopped,textbox_12.stopped,participant,session,date,expName,psychopyVersion,frameRate,
,,,,,,,,,,,,,,,,0,2,8.181628299877048,8.181628299877048,space,0.4547315000090748,,,,,,,,,,,,,,,,,,,,,,,,,,,,,,,,,,,,,,,,,,,,,,,,,,,,,,,,,,879130,001,2023-10-05_00h44.21.367,generalizability,2022.2.5,60.005856560310306,
,,,,0,0,0,0,,,,,,,,,,,,,,,8.663721400080249,8.663721400080249,8.663721400080249,space,0.38270420022308826,9.080439900048077,9.080439900048077,9.080439900048077,space,0.16904010018333793,9.280433299951255,9.280433299951255,9.280433299951255,9.280433299951255, ,return,0.1360805002041161,9.447092300048098,9.447092300048098,9.447092300048098,9.447092300048098,"
",return,0.17246210016310215,9.64710499998182,9.64710499998182,9.64710499998182,9.64710499998182,"

",return,0.13350270013324916,,,,,,,,,,,,,,,,,,,,,,,,,,,879130,001,2023-10-05_00h44.21.367,generalizability,2022.2.5,60.005856560310306,
,,,,,,,,,,,,,,,,,,,,,,,,,,,,,,,,,,,,,,,,,,,,,,,,,,,,,9.830432099988684,9.830432099988684,return,0.09519070014357567,,,,,,,,,,,,,,,,,,,,,,,879130,001,2023-10-05_00h44.21.367,generalizability,2022.2.5,60.005856560310306,
,,,,,,,,,,,,,,,,,,,,,,,,,,,,,,,,,,,,,,,,,,,,,,,,,,,,,,,,,9.94709699996747,9.94709699996747,return,0.13362259999848902,,,,,,,,,,,,,,,,,,,879130,001,2023-10-05_00h44.21.367,generalizability,2022.2.5,60.005856560310306,
berko,berko,stems_all/2.PNG,"[0.35, 0.35]",,,,,0,0,0,0,0,0,0,1,,,,,,,,,,,,,,,,,,,,,,,,,,,,,,,,,,,,,,,,,,,,,,10.097064800094813,10.097064800094813,return,0.33868469996377826,10.480511399917305,10.480511399917305,11.94708100007847,11.94708100007847,11.94708100007847,berko,return,1.760400200029835,15.197123100049794,15.197123100049794,15.197123100049794,16.197261600056663,16.197261600056663,16.197261600056663,879130,001,2023-10-05_00h44.21.367,generalizability,2022.2.5,60.005856560310306,
kora,kora,stems_all/3.PNG,"[0.35, 0.35]",,,,,0,0,0,0,0,1,1,2,,,,,,,,,,,,,,,,,,,,,,,,,,,,,,,,,,,,,,,,,,,,,,,,,,16.197261600056663,16.197261600056663,17.447144200094044,17.447144200094044,17.447144200094044,kora,return,7.422872000141069,28.84730949997902,28.84730949997902,28.84730949997902,29.880697299959138,29.880697299959138,29.880697299959138,879130,001,2023-10-05_00h44.21.367,generalizability,2022.2.5,60.005856560310306,
chool,chool,stems_all/7.PNG,"[0.35, 0.35]",,,,,0,0,0,0,0,2,2,6,,,,,,,,,,,,,,,,,,,,,,,,,,,,,,,,,,,,,,,,,,,,,,,,,,29.880697299959138,29.880697299959138,31.09733540005982,31.09733540005982,31.09733540005982,chool,return,4.030041600111872,36.21410199999809,36.21410199999809,36.21410199999809,37.24743329989724,37.24743329989724,37.24743329989724,879130,001,2023-10-05_00h44.21.367,generalizability,2022.2.5,60.005856560310306,
kudom,kudom,stems_all/8.PNG,"[0.35, 0.35]",,,,,0,0,0,0,0,3,3,7,,,,,,,,,,,,,,,,,,,,,,,,,,,,,,,,,,,,,,,,,,,,,,,,,,37.24743329989724,37.24743329989724,38.44751670002006,38.44751670002006,38.44751670002006,kudom,return,3.544347200077027,44.91422050003894,44.91422050003894,44.91422050003894,45.93089620000683,45.93089620000683,45.93089620000683,879130,001,2023-10-05_00h44.21.367,generalizability,2022.2.5,60.005856560310306,
,,,,,,,,,,,,,,,,,,,,,,,,,,,,,,,,,,,,,,,,,,,,,,,,,,,,,,,,,,,,,,,,,45.93089620000683,45.93089620000683,47.16435809992254,47.16435809992254,47.16435809992254,,,,,,,,,,,,,,,,
