﻿stem,label,filepath,image_size,demo_info.thisRepN,demo_info.thisTrialN,demo_info.thisN,demo_info.thisIndex,pretraining_plus_test.thisRepN,pretraining_plus_test.thisTrialN,pretraining_plus_test.thisN,pretraining_plus_test.thisIndex,pretraining_loop.thisRepN,pretraining_loop.thisTrialN,pretraining_loop.thisN,pretraining_loop.thisIndex,pretraining,condition,begin_text.started,key_resp_11.started,key_resp_11.keys,key_resp_11.rt,consent_image.started,text_10.started,consent_resp.started,consent_resp.keys,consent_resp.rt,demographic_instr.started,text_9.started,key_resp_3.started,key_resp_3.keys,key_resp_3.rt,age_text.started,textbox.started,key_resp_5.started,text_3.started,textbox.text,key_resp_5.keys,key_resp_5.rt,age_text_5.started,textbox_5.started,key_resp_9.started,text_7.started,textbox_5.text,key_resp_9.keys,key_resp_9.rt,age_text_6.started,textbox_6.started,key_resp_10.started,text_8.started,textbox_6.text,key_resp_10.keys,key_resp_10.rt,instructions_text.started,key_resp_4.started,text_31.started,key_resp_4.keys,key_resp_4.rt,experiment_start.started,experiment_start_resp.started,text_32.started,experiment_start_resp.keys,experiment_start_resp.rt,text_23.started,key_resp_24.started,text_30.started,key_resp_24.keys,key_resp_24.rt,image_5.started,text_16.started,text_19.started,textbox_9.started,key_resp_20.started,textbox_9.text,key_resp_20.keys,key_resp_20.rt,image_4.started,text_18.started,textbox_12.started,text_27.started,image_4.stopped,text_18.stopped,textbox_12.stopped,text_27.stopped,text_25.started,participant,session,date,expName,psychopyVersion,frameRate,
,,,,,,,,,,,,,,,,100,2,17.898170799948275,17.898170799948275,space,3.488079499453306,,,,,,,,,,,,,,,,,,,,,,,,,,,,,,,,,,,,,,,,,,,,,,,,,,,,,,,,,,,,,,,,893976,001,2023-10-10_12h51.35.094,generalizability,2022.2.5,59.9859153953492,
,,,,0,0,0,0,,,,,,,,,,,,,,,21.41391360014677,21.41391360014677,21.41391360014677,space,0.6234669997356832,22.08059319993481,22.08059319993481,22.08059319993481,space,0.5559320999309421,22.663930700160563,22.663930700160563,22.663930700160563,22.663930700160563, ,return,0.5696808998472989,23.26393170002848,23.26393170002848,23.26393170002848,23.26393170002848,"
",return,0.17776359943673015,23.463933899998665,23.463933899998665,23.463933899998665,23.463933899998665,"
",return,0.17781509924679995,,,,,,,,,,,,,,,,,,,,,,,,,,,,,,,,,893976,001,2023-10-10_12h51.35.094,generalizability,2022.2.5,59.9859153953492,
,,,,,,,,,,,,,,,,,,,,,,,,,,,,,,,,,,,,,,,,,,,,,,,,,,,,,23.680616999976337,26.64734710007906,26.64734710007906,return,0.26113069988787174,,,,,,,,,,,,,,,,,,,,,,,,,,,,893976,001,2023-10-10_12h51.35.094,generalizability,2022.2.5,59.9859153953492,
,,,,,,,,,,,,,,,,,,,,,,,,,,,,,,,,,,,,,,,,,,,,,,,,,,,,,,,,,,26.93064820021391,29.91408920008689,29.91408920008689,return,0.2561312993057072,,,,,,,,,,,,,,,,,,,,,,,893976,001,2023-10-10_12h51.35.094,generalizability,2022.2.5,59.9859153953492,
osto,osto,stems_all/9.PNG,"[0.35, 0.35]",,,,,0,0,0,0,0,0,0,8,,,,,,,,,,,,,,,,,,,,,,,,,,,,,,,,,,,,,,,,,,,,,,,,30.197347200009972,33.18071540025994,33.18071540025994,return,0.2862491994164884,33.53068599989638,33.53068599989638,34.98068509995937,34.98068509995937,34.98068509995937,osto,return,1.3499241997487843,36.34737590001896,36.34737590001896,36.34737590001896,36.34737590001896,36.847409800160676,36.847409800160676,36.847409800160676,36.847409800160676,36.847409800160676,893976,001,2023-10-10_12h51.35.094,generalizability,2022.2.5,59.9859153953492,
vorke,vorke,stems_all/10.PNG,"[0.35, 0.35]",,,,,0,0,0,0,0,1,1,9,,,,,,,,,,,,,,,,,,,,,,,,,,,,,,,,,,,,,,,,,,,,,,,,,,,,,37.147546200081706,37.147546200081706,38.59739809995517,38.59739809995517,38.59739809995517,vorke,return,2.9983858997002244,41.614103000145406,41.614103000145406,41.614103000145406,41.614103000145406,42.11419299989939,42.11419299989939,42.11419299989939,42.11419299989939,42.11419299989939,893976,001,2023-10-10_12h51.35.094,generalizability,2022.2.5,59.9859153953492,
,,,,,,,,,,,,,,,,,,,,,,,,,,,,,,,,,,,,,,,,,,,,,,,,,,,,,,,,,,,,,,,,,,,,42.39748649997637,42.39748649997637,43.847712100017816,43.847712100017816,43.847712100017816,bani,return,1.8899980997666717,45.76413940032944,45.76413940032944,45.76413940032944,45.76413940032944,,,,,,,,,,,,
