﻿stem,label1,suffix1,label2,suffix2,comp_image,comp_condition_stem,comp_condition_suffix,image1,comp_image_size,alt_image1,alt_image2,comp_image_location,alt_image1_location,alt_image2_location,alt_image1_size,alt_image2_size,demo_info.thisRepN,demo_info.thisTrialN,demo_info.thisN,demo_info.thisIndex,pretraining_plus_test.thisRepN,pretraining_plus_test.thisTrialN,pretraining_plus_test.thisN,pretraining_plus_test.thisIndex,which_condition.thisRepN,which_condition.thisTrialN,which_condition.thisN,which_condition.thisIndex,production_block.thisRepN,production_block.thisTrialN,production_block.thisN,production_block.thisIndex,forced_choice_block.thisRepN,forced_choice_block.thisTrialN,forced_choice_block.thisN,forced_choice_block.thisIndex,pretraining,condition,begin_text.started,key_resp_11.started,key_resp_11.keys,key_resp_11.rt,instructions_text.started,key_resp_4.started,key_resp_4.keys,key_resp_4.rt,experiment_start.started,experiment_start_resp.started,experiment_start_resp.keys,experiment_start_resp.rt,instr.started,key_resp_14.started,key_resp_14.keys,key_resp_14.rt,text_13.started,key_resp_17.started,key_resp_17.keys,key_resp_17.rt,comp_label1_location,comp_label2_location,first_image.started,text_16.started,image_comp.started,text_14.started,label_right.started,key_resp_16.started,text_15.started,text_16.stopped,image_9.started,image_10.started,image_9.stopped,image_10.stopped,first_image.stopped,key_resp_16.keys,key_resp_16.rt,ISI.started,participant,session,date,expName,psychopyVersion,frameRate,
,,,,,,,,,,,,,,,,,,,,,,,,,,,,,,,,,,,,,0,4,9.058349400060251,9.058349400060251,space,0.29545869992580265,,,,,,,,,,,,,,,,,,,,,,,,,,,,,,,,,,,897314,001,2023-09-26_18h23.26.618,generalizability,2022.2.5,61.05144012975532,
,,,,,,,,,,,,,,,,,,,,,,,,,,,,,,,,,,,,,,,,,,,9.39102089998778,9.39102089998778,space,0.14680769992992282,,,,,,,,,,,,,,,,,,,,,,,,,,,,,,,897314,001,2023-09-26_18h23.26.618,generalizability,2022.2.5,61.05144012975532,
,,,,,,,,,,,,,,,,,,,,,,,,,,,,,,,,,,,,,,,,,,,,,,,9.557319600018673,9.557319600018673,space,0.16354670003056526,,,,,,,,,,,,,,,,,,,,,,,,,,,897314,001,2023-09-26_18h23.26.618,generalizability,2022.2.5,61.05144012975532,
,,,,,,,,,,,,,,,,,,,,,,,,,,,,,,,,,,,,,,,,,,,,,,,,,,,9.740619500051253,9.740619500051253,space,0.2993271000450477,,,,,,,,,,,,,,,,,,,,,,,897314,001,2023-09-26_18h23.26.618,generalizability,2022.2.5,61.05144012975532,
,,,,,,,,,,,,,,,,,,,,,,,,,,,,,,,,,,,,,,,,,,,,,,,,,,,,,,,10.057333700009622,10.057333700009622,space,0.6657681000651792,,,,,,,,,,,,,,,,,,,897314,001,2023-09-26_18h23.26.618,generalizability,2022.2.5,61.05144012975532,
runde,rundedan,dan,rundenem,nem,stems_all/18_dim_sg.PNG,novel,dim_sg,stems_all/18.PNG,"[0.2, 0.2]",stems_all/18_2.PNG,stems_all/18_dim_pl.PNG,"[0.2, 0.2]","[-0.2, -0.2]","[0.2, -0.2]","[0.35, 0.35]","[0.2, 0.2]",,,,,,,,,,,,,,,,,0,0,0,23,,,,,,,,,,,,,,,,,,,,,,,right,left,10.774000099976547,11.474004299961962,12.224033200065605,12.224033200065605,12.224033200065605,12.224033200065605,12.224033200065605,12.224033200065605,12.224033200065605,12.224033200065605,12.724275900050998,12.724275900050998,12.773986199987121,left,6.99497729993891,1.3699987903237343e-05,897314,001,2023-09-26_18h23.26.618,generalizability,2022.2.5,61.05144012975532,
kora,korasil,sil,koradan,dan,stems_all/3_2.PNG,familiar,big,stems_all/3.PNG,"[0.35, 0.35]",stems_all/3_dim_sg.PNG,stems_all/3_dim_pl.PNG,"[-0.2, -0.2]","[0.2, 0.2]","[0.2, -0.2]","[0.2, 0.2]","[0.2, 0.2]",,,,,,,,,,,,,,,,,0,1,1,38,,,,,,,,,,,,,,,,,,,,,,,left,right,19.991813500062563,20.724123600055464,21.47413760004565,21.47413760004565,21.47413760004565,21.47413760004565,21.47413760004565,21.47413760004565,21.47413760004565,21.47413760004565,21.974157399963588,21.974157399963588,21.990828200010583,left,3.7632506999652833,1.4299992471933365e-05,897314,001,2023-09-26_18h23.26.618,generalizability,2022.2.5,61.05144012975532,
lucko,luckodan,dan,luckonem,nem,stems_all/17_dim_pl.PNG,novel,dim_pl,stems_all/17.PNG,"[0.2, 0.2]",stems_all/17_2.PNG,stems_all/17_dim_sg.PNG,"[0.2, -0.2]","[-0.2, -0.2]","[0.2, 0.2]","[0.35, 0.35]","[0.2, 0.2]",,,,,,,,,,,,,,,,,0,2,2,4,,,,,,,,,,,,,,,,,,,,,,,left,right,26.007859300007112,26.74086110002827,27.49083290004637,27.49083290004637,27.49083290004637,27.49083290004637,27.49083290004637,27.49083290004637,27.49083290004637,27.49083290004637,27.99088749999646,27.99088749999646,28.007592999958433,right,4.042981100035831,1.2500095181167126e-05,897314,001,2023-09-26_18h23.26.618,generalizability,2022.2.5,61.05144012975532,
lucko,luckosil,sil,luckodan,dan,stems_all/17_2.PNG,novel,big,stems_all/17.PNG,"[0.35, 0.35]",stems_all/17_dim_sg.PNG,stems_all/17_dim_pl.PNG,"[-0.2, -0.2]","[0.2, 0.2]","[0.2, -0.2]","[0.2, 0.2]","[0.2, 0.2]",,,,,,,,,,,,,,,,,0,3,3,40,,,,,,,,,,,,,,,,,,,,,,,left,right,32.30759109999053,33.04094380000606,33.79095649998635,33.79095649998635,33.79095649998635,33.79095649998635,33.79095649998635,33.79095649998635,33.79095649998635,33.79095649998635,34.29095239995513,34.29095239995513,34.30757950001862,right,1.7677891000639647,1.850002445280552e-05,897314,001,2023-09-26_18h23.26.618,generalizability,2022.2.5,61.05144012975532,
bassi,bassishoon,shoon,bassinem,nem,stems_all/16_dim_pl.PNG,novel,dim_pl,stems_all/16.PNG,"[0.2, 0.2]",stems_all/16_2.PNG,stems_all/16_dim_sg.PNG,"[0.2, -0.2]","[-0.2, -0.2]","[0.2, 0.2]","[0.35, 0.35]","[0.2, 0.2]",,,,,,,,,,,,,,,,,0,4,4,9,,,,,,,,,,,,,,,,,,,,,,,right,left,36.37436620006338,37.074321200023405,37.82428950001486,37.82428950001486,37.82428950001486,37.82428950001486,37.82428950001486,37.82428950001486,37.82428950001486,37.82428950001486,38.32434060005471,38.32434060005471,38.37437039997894,right,2.653483900008723,1.3399985618889332e-05,897314,001,2023-09-26_18h23.26.618,generalizability,2022.2.5,61.05144012975532,
,,,,,,,,,,,,,,,,,,,,,,,,,,,,,,,,,,,,,,,,,,,,,,,,,,,,,,,,,,,left,right,41.25791859999299,41.99108149996027,42.74107129999902,42.74107129999902,42.74107129999902,42.74107129999902,42.74107129999902,42.74107129999902,42.74107129999902,42.74107129999902,43.24107410002034,43.24107410002034,43.257739900029264,,,,,,,,,,
