﻿stem,label1,suffix1,label2,suffix2,comp_image,comp_condition_stem,comp_condition_suffix,image1,comp_image_size,alt_image1,alt_image2,comp_image_location,alt_image1_location,alt_image2_location,alt_image1_size,alt_image2_size,demo_info.thisRepN,demo_info.thisTrialN,demo_info.thisN,demo_info.thisIndex,pretraining_plus_test.thisRepN,pretraining_plus_test.thisTrialN,pretraining_plus_test.thisN,pretraining_plus_test.thisIndex,which_condition.thisRepN,which_condition.thisTrialN,which_condition.thisN,which_condition.thisIndex,production_block.thisRepN,production_block.thisTrialN,production_block.thisN,production_block.thisIndex,forced_choice_block.thisRepN,forced_choice_block.thisTrialN,forced_choice_block.thisN,forced_choice_block.thisIndex,pretraining,condition,begin_text.started,key_resp_11.started,key_resp_11.keys,key_resp_11.rt,instructions_text.started,key_resp_4.started,key_resp_4.keys,key_resp_4.rt,experiment_start.started,experiment_start_resp.started,experiment_start_resp.keys,experiment_start_resp.rt,instr.started,key_resp_14.started,key_resp_14.keys,key_resp_14.rt,text_13.started,key_resp_17.started,key_resp_17.keys,key_resp_17.rt,comp_label1_location,comp_label2_location,first_image.started,text_16.started,image_comp.started,text_14.started,label_right.started,key_resp_16.started,text_15.started,text_16.stopped,image_9.started,image_10.started,image_9.stopped,image_10.stopped,first_image.stopped,image_comp.stopped,text_14.stopped,label_right.stopped,key_resp_16.stopped,text_15.stopped,key_resp_16.keys,ISI.started,participant,session,date,expName,psychopyVersion,frameRate,
,,,,,,,,,,,,,,,,,,,,,,,,,,,,,,,,,,,,,0,2,8.461996900034137,8.461996900034137,space,0.40776779991574585,,,,,,,,,,,,,,,,,,,,,,,,,,,,,,,,,,,,,,,906731,001,2023-09-26_18h20.31.784,generalizability,2022.2.5,60.84660754271779,
,,,,,,,,,,,,,,,,,,,,,,,,,,,,,,,,,,,,,,,,,,,8.911012799944729,8.911012799944729,space,0.2178016999969259,,,,,,,,,,,,,,,,,,,,,,,,,,,,,,,,,,,906731,001,2023-09-26_18h20.31.784,generalizability,2022.2.5,60.84660754271779,
,,,,,,,,,,,,,,,,,,,,,,,,,,,,,,,,,,,,,,,,,,,,,,,9.16097660001833,9.16097660001833,space,0.32291430002078414,,,,,,,,,,,,,,,,,,,,,,,,,,,,,,,906731,001,2023-09-26_18h20.31.784,generalizability,2022.2.5,60.84660754271779,
,,,,,,,,,,,,,,,,,,,,,,,,,,,,,,,,,,,,,,,,,,,,,,,,,,,9.51099759992212,9.51099759992212,space,0.5170155999949202,,,,,,,,,,,,,,,,,,,,,,,,,,,906731,001,2023-09-26_18h20.31.784,generalizability,2022.2.5,60.84660754271779,
,,,,,,,,,,,,,,,,,,,,,,,,,,,,,,,,,,,,,,,,,,,,,,,,,,,,,,,10.061015899991617,10.061015899991617,space,0.6971541999373585,,,,,,,,,,,,,,,,,,,,,,,906731,001,2023-09-26_18h20.31.784,generalizability,2022.2.5,60.84660754271779,
runde,rundedan,dan,rundenem,nem,stems_all/18_2.PNG,novel,big,stems_all/18.PNG,"[0.35, 0.35]",stems_all/18_dim_sg.PNG,stems_all/18_dim_pl.PNG,"[-0.2, -0.2]","[0.2, 0.2]","[0.2, -0.2]","[0.2, 0.2]","[0.2, 0.2]",,,,,,,,,,,,,,,,,0,0,0,35,,,,,,,,,,,,,,,,,,,,,,,left,right,10.810992099926807,11.51102209999226,12.260994800017215,12.260994800017215,12.260994800017215,12.260994800017215,12.260994800017215,12.260994800017215,12.260994800017215,12.260994800017215,12.761001599952579,12.761001599952579,12.811043999972753,22.26115709997248,22.26115709997248,22.26115709997248,22.26115709997248,22.26115709997248,None,-0.00041640002746134996,906731,001,2023-09-26_18h20.31.784,generalizability,2022.2.5,60.84660754271779,
berko,berkonem,nem,berkoshoon,shoon,stems_all/2_dim_sg.PNG,familiar,dim_sg,stems_all/2.PNG,"[0.2, 0.2]",stems_all/2_2.PNG,stems_all/2_dim_pl.PNG,"[0.2, 0.2]","[-0.2, -0.2]","[0.2, -0.2]","[0.35, 0.35]","[0.2, 0.2]",,,,,,,,,,,,,,,,,0,1,1,25,,,,,,,,,,,,,,,,,,,,,,,left,right,23.027796100010164,23.761163100018166,24.51118129992392,24.51118129992392,24.51118129992392,24.51118129992392,24.51118129992392,24.51118129992392,24.51118129992392,24.51118129992392,25.011179200024344,25.011179200024344,25.02784969995264,34.51130729995202,34.51130729995202,34.51130729995202,34.51130729995202,34.51130729995202,None,-0.0002802999224513769,906731,001,2023-09-26_18h20.31.784,generalizability,2022.2.5,60.84660754271779,
,,,,,,,,,,,,,,,,,,,,,,,,,,,,,,,,,,,,,,,,,,,,,,,,,,,,,,,,,,,right,left,35.3280020999955,36.011328499997035,36.761399399954826,36.761399399954826,36.761399399954826,36.761399399954826,36.761399399954826,36.761399399954826,36.761399399954826,36.761399399954826,37.26134049997199,37.26134049997199,37.32800750003662,,,,,,,,,,,,,,
