﻿prod_label,file,prod_image1,prod_image2,prod_condition,alt_image1,alt_image2,prod_image2_size,alt_image2_size,prod_image2_location,alt_image1_location,alt_image2_location,demo_info.thisRepN,demo_info.thisTrialN,demo_info.thisN,demo_info.thisIndex,which_condition.thisRepN,which_condition.thisTrialN,which_condition.thisN,which_condition.thisIndex,production_block.thisRepN,production_block.thisTrialN,production_block.thisN,production_block.thisIndex,begin_text.started,key_resp_11.started,key_resp_11.keys,key_resp_11.rt,instructions_text.started,key_resp_4.started,key_resp_4.keys,key_resp_4.rt,experiment_start.started,experiment_start_resp.started,experiment_start_resp.keys,experiment_start_resp.rt,instr.started,key_resp_14.started,key_resp_14.keys,key_resp_14.rt,image_prod1.started,image_2.started,alternate_image2.started,image_3.started,image_prod1.stopped,production_text.started,production_image.started,prod_resp.started,text_12.started,key_resp_15.started,image_2.stopped,alternate_image2.stopped,image_3.stopped,prod_resp.text,key_resp_15.keys,key_resp_15.rt,participant,session,date,expName,psychopyVersion,frameRate,
,,,,,,,,,,,,,,,,,,,,,,,,8.803198700072244,8.803198700072244,space,0.35619309986941516,,,,,,,,,,,,,,,,,,,,,,,,,,,,,921236,001,2023-09-08_16h04.52.742,Recognizability_SONA,2022.2.5,60.01042979431012,
,,,,,,,,,,,,,,,,,,,,,,,,,,,,9.202573799993843,9.202573799993843,space,0.16274119983427227,,,,,,,,,,,,,,,,,,,,,,,,,921236,001,2023-09-08_16h04.52.742,Recognizability_SONA,2022.2.5,60.01042979431012,
,,,,,,,,,,,,,,,,,,,,,,,,,,,,,,,,9.385789999971166,9.385789999971166,space,0.14956179982982576,,,,,,,,,,,,,,,,,,,,,921236,001,2023-09-08_16h04.52.742,Recognizability_SONA,2022.2.5,60.01042979431012,
,,,,,,,,,,,,,,,,,,,,,,,,,,,,,,,,,,,,9.55244080000557,9.55244080000557,space,0.3830011999234557,,,,,,,,,,,,,,,,,921236,001,2023-09-08_16h04.52.742,Recognizability_SONA,2022.2.5,60.01042979431012,
pil,13_2.PNG,stems_all/13.PNG,stems_all/13_2.PNG,novel,stems_all/13_dim_sg.PNG,stems_all/13_dim_pl.PNG,"[0.35, 0.35]","[0.2, 0.2]","[-0.2, -0.2]","[0.2, 0.2]","[0.2, -0.2]",,,,,,,,,0,0,0,15,,,,,,,,,,,,,,,,,9.986003400059417,10.435729800025001,10.435729800025001,10.435729800025001,10.485762299969792,10.935756999999285,10.935756999999285,10.935756999999285,10.935756999999285,10.935756999999285,10.935756999999285,10.935756999999285,10.935756999999285,"
",return,5.301124099874869,921236,001,2023-09-08_16h04.52.742,Recognizability_SONA,2022.2.5,60.01042979431012,
pil,13_dim_pl.PNG,stems_all/13.PNG,stems_all/13_dim_pl.PNG,novel,stems_all/13_dim_sg.PNG,stems_all/13_2.PNG,"[0.2, 0.2]","[0.35, 0.35]","[0.2, -0.2]","[0.2, 0.2]","[-0.2, -0.2]",,,,,,,,,0,1,1,9,,,,,,,,,,,,,,,,,16.2691371999681,16.752481800038368,16.752481800038368,16.752481800038368,16.76912309997715,17.252581699984148,17.252581699984148,17.252581699984148,17.252581699984148,17.252581699984148,17.252581699984148,17.252581699984148,17.252581699984148,"
",return,5.017661200137809,921236,001,2023-09-08_16h04.52.742,Recognizability_SONA,2022.2.5,60.01042979431012,
,,,,,,,,,,,,,,,,,,,,,,,,,,,,,,,,,,,,,,,,22.302548799896613,22.785871600033715,22.785871600033715,22.785871600033715,22.8024943000637,23.285844499943778,23.285844499943778,23.285844499943778,23.285844499943778,23.285844499943778,23.285844499943778,23.285844499943778,23.285844499943778,,,,,,,,,,
