﻿select_condition,stem,suffix,label,stem_filename,file,filepath,image_size,demo_info.thisRepN,demo_info.thisTrialN,demo_info.thisN,demo_info.thisIndex,pretraining_plus_test.thisRepN,pretraining_plus_test.thisTrialN,pretraining_plus_test.thisN,pretraining_plus_test.thisIndex,which_condition.thisRepN,which_condition.thisTrialN,which_condition.thisN,which_condition.thisIndex,training_block.thisRepN,training_block.thisTrialN,training_block.thisN,training_block.thisIndex,pretraining,condition,begin_text.started,key_resp_11.started,key_resp_11.keys,key_resp_11.rt,consent_image.started,text_10.started,consent_resp.started,consent_resp.keys,consent_resp.rt,demographic_instr.started,text_9.started,key_resp_3.started,key_resp_3.keys,key_resp_3.rt,age_text.started,textbox.started,key_resp_5.started,text_3.started,textbox.text,key_resp_5.keys,key_resp_5.rt,age_text_2.started,textbox_2.started,key_resp_6.started,text_4.started,textbox_2.text,key_resp_6.keys,key_resp_6.rt,age_text_3.started,textbox_3.started,key_resp_7.started,text_5.started,textbox_3.text,key_resp_7.keys,key_resp_7.rt,age_text_5.started,textbox_5.started,key_resp_9.started,text_7.started,textbox_5.text,key_resp_9.keys,key_resp_9.rt,age_text_6.started,textbox_6.started,key_resp_10.started,text_8.started,textbox_6.text,key_resp_10.keys,key_resp_10.rt,age_text_4.started,textbox_4.started,key_resp_8.started,text_6.started,textbox_4.text,key_resp_8.keys,key_resp_8.rt,instructions_text.started,key_resp_4.started,key_resp_4.keys,key_resp_4.rt,experiment_start.started,experiment_start_resp.started,experiment_start_resp.keys,experiment_start_resp.rt,image.started,text_11.started,textbox_7.started,key_resp_18.started,textbox_7.text,key_resp_18.keys,key_resp_18.rt,image_8.started,text_17.started,textbox_8.started,image_8.stopped,text_17.stopped,textbox_8.stopped,text_25.started,text_25.stopped,participant,session,date,expName,psychopyVersion,frameRate,
,,,,,,,,,,,,,,,,,,,,,,,,0,1,10.488014799775556,10.488014799775556,space,2.9973400002345443,,,,,,,,,,,,,,,,,,,,,,,,,,,,,,,,,,,,,,,,,,,,,,,,,,,,,,,,,,,,,,,,,,,,,,,,,,,,924385,001,2023-09-27_18h58.48.911,generalizability,2022.2.5,60.02008277479459,
,,,,,,,,0,0,0,0,,,,,,,,,,,,,,,,,,,13.503747299779207,13.503747299779207,13.503747299779207,space,1.522955600405112,15.07045319979079,15.07045319979079,15.07045319979079,space,1.131526700221002,16.220461999997497,16.220461999997497,16.220461999997497,16.220461999997497, ,return,0.7906677003484219,17.037164399866015,17.037164399866015,17.037164399866015,17.037164399866015,"
",return,0.13299260032363236,17.187148099998012,17.187148099998012,17.187148099998012,17.187148099998012,"

",return,0.16809540009126067,17.387170599773526,17.387170599773526,17.387170599773526,17.387170599773526,"
",return,0.11806060024537146,17.537146099843085,17.537146099843085,17.537146099843085,17.537146099843085,,return,0.1301473001949489,17.68713799980469,17.68713799980469,17.68713799980469,17.68713799980469,"
",return,0.18519390001893044,,,,,,,,,,,,,,,,,,,,,,,,924385,001,2023-09-27_18h58.48.911,generalizability,2022.2.5,60.02008277479459,
,,,,,,,,,,,,,,,,,,,,,,,,,,,,,,,,,,,,,,,,,,,,,,,,,,,,,,,,,,,,,,,,,,,,,,,,,,,,,,,,,,17.920515699777752,17.920515699777752,space,0.42090970021672547,,,,,,,,,,,,,,,,,,,,924385,001,2023-09-27_18h58.48.911,generalizability,2022.2.5,60.02008277479459,
,,,,,,,,,,,,,,,,,,,,,,,,,,,,,,,,,,,,,,,,,,,,,,,,,,,,,,,,,,,,,,,,,,,,,,,,,,,,,,,,,,,,,,18.37046969984658,18.37046969984658,space,0.5771130002103746,,,,,,,,,,,,,,,,924385,001,2023-09-27_18h58.48.911,generalizability,2022.2.5,60.02008277479459,
Condition1.csv,berko,nem,berkonem,2,2_dim_sg.PNG,stems_all/2_dim_sg.PNG,"[0.2, 0.2]",,,,,,,,,0,0,0,0,0,0,0,17,,,,,,,,,,,,,,,,,,,,,,,,,,,,,,,,,,,,,,,,,,,,,,,,,,,,,,,,,,,,,,,,,,,19.203830199781805,19.95383369992487,19.95383369992487,19.95383369992487,berkonem,m,1.2542461003176868,21.25381959998049,21.25381959998049,21.25381959998049,22.253920999821275,22.253920999821275,22.253920999821275,22.253920999821275,23.02052169991657,924385,001,2023-09-27_18h58.48.911,generalizability,2022.2.5,60.02008277479459,
Condition1.csv,nako,dan,nakodan,4,4_2.PNG,stems_all/4_2.PNG,"[0.35, 0.35]",,,,,,,,,0,0,0,0,0,1,1,3,,,,,,,,,,,,,,,,,,,,,,,,,,,,,,,,,,,,,,,,,,,,,,,,,,,,,,,,,,,,,,,,,,,23.253931699786335,24.003920999821275,24.003920999821275,24.003920999821275,nakodan,n,1.174048200249672,25.221825199900195,25.221825199900195,25.221825199900195,,,,26.23724349983968,,924385,001,2023-09-27_18h58.48.911,generalizability,2022.2.5,60.02008277479459,
Condition1.csv,kora,shoon,korashoon,3,3_dim_sg.PNG,stems_all/3_dim_sg.PNG,"[0.2, 0.2]",,,,,,,,,0,0,0,0,0,2,2,29,,,,,,,,,,,,,,,,,,,,,,,,,,,,,,,,,,,,,,,,,,,,,,,,,,,,,,,,,,,,,,,,,,,27.20398739981465,27.954063299810514,27.954063299810514,27.954063299810514,korashoon,n,1.9289629003033042,29.920660799834877,29.920660799834877,29.920660799834877,,,,30.920668699778616,31.670615599956363,924385,001,2023-09-27_18h58.48.911,generalizability,2022.2.5,60.02008277479459,
Condition1.csv,berko,nem,berkonem,2,2_dim_sg.PNG,stems_all/2_dim_sg.PNG,"[0.2, 0.2]",,,,,,,,,0,0,0,0,0,3,3,18,,,,,,,,,,,,,,,,,,,,,,,,,,,,,,,,,,,,,,,,,,,,,,,,,,,,,,,,,,,,,,,,,,,31.90414069988765,32.67074059997685,32.67074059997685,32.67074059997685,berkonem,m,1.2851929003372788,33.9873355999589,33.9873355999589,33.9873355999589,34.9873559998814,34.9873559998814,34.9873559998814,34.9873559998814,35.73740069987252,924385,001,2023-09-27_18h58.48.911,generalizability,2022.2.5,60.02008277479459,
Condition1.csv,bal,dan,baldan,1,1_2.PNG,stems_all/1_2.PNG,"[0.35, 0.35]",,,,,,,,,0,0,0,0,0,4,4,0,,,,,,,,,,,,,,,,,,,,,,,,,,,,,,,,,,,,,,,,,,,,,,,,,,,,,,,,,,,,,,,,,,,35.97121729981154,36.72078789980151,36.72078789980151,36.72078789980151,baldan,n,0.7859492001589388,37.5547575999517,37.5547575999517,37.5547575999517,38.554723099805415,38.554723099805415,38.554723099805415,38.554723099805415,39.30404459987767,924385,001,2023-09-27_18h58.48.911,generalizability,2022.2.5,60.02008277479459,
Condition1.csv,kora,sil,korasil,3,3_2.PNG,stems_all/3_2.PNG,"[0.35, 0.35]",,,,,,,,,0,0,0,0,0,5,5,26,,,,,,,,,,,,,,,,,,,,,,,,,,,,,,,,,,,,,,,,,,,,,,,,,,,,,,,,,,,,,,,,,,,39.53747169999406,40.30407559988089,40.30407559988089,40.30407559988089,korasil,l,3.289071700302884,43.63742589997128,43.63742589997128,43.63742589997128,44.63747109984979,44.63747109984979,44.63747109984979,44.63747109984979,45.404150899965316,924385,001,2023-09-27_18h58.48.911,generalizability,2022.2.5,60.02008277479459,
Condition1.csv,kudom,dan,kudomdan,8,8_2.PNG,stems_all/8_2.PNG,"[0.35, 0.35]",,,,,,,,,0,0,0,0,0,6,6,7,,,,,,,,,,,,,,,,,,,,,,,,,,,,,,,,,,,,,,,,,,,,,,,,,,,,,,,,,,,,,,,,,,,45.62084379978478,46.3708183998242,46.3708183998242,46.3708183998242,kudomdan,n,3.588706500129774,50.00420789979398,50.00420789979398,50.00420789979398,51.00422169989906,51.00422169989906,51.00422169989906,51.00422169989906,51.754559099907055,924385,001,2023-09-27_18h58.48.911,generalizability,2022.2.5,60.02008277479459,
Condition1.csv,kora,nem,koranem,3,3_dim_sg.PNG,stems_all/3_dim_sg.PNG,"[0.2, 0.2]",,,,,,,,,0,0,0,0,0,7,7,23,,,,,,,,,,,,,,,,,,,,,,,,,,,,,,,,,,,,,,,,,,,,,,,,,,,,,,,,,,,,,,,,,,,51.98765519983135,52.73761419998482,52.73761419998482,52.73761419998482,koranem,m,1.710954500362277,54.48759169992991,54.48759169992991,54.48759169992991,55.487597699975595,55.487597699975595,55.487597699975595,55.487597699975595,,924385,001,2023-09-27_18h58.48.911,generalizability,2022.2.5,60.02008277479459,
Condition1.csv,bal,nem,balnem,1,1_dim_sg.PNG,stems_all/1_dim_sg.PNG,"[0.2, 0.2]",,,,,,,,,0,0,0,0,0,8,8,15,,,,,,,,,,,,,,,,,,,,,,,,,,,,,,,,,,,,,,,,,,,,,,,,,,,,,,,,,,,,,,,,,,,56.470920199994,57.22092469991185,57.22092469991185,57.22092469991185,balnem,m,1.41459900024347,58.67098069982603,58.67098069982603,58.67098069982603,59.67096019978635,59.67096019978635,59.67096019978635,59.67096019978635,60.43765059998259,924385,001,2023-09-27_18h58.48.911,generalizability,2022.2.5,60.02008277479459,
,,,,,,,,,,,,,,,,,,,,,,,,,,,,,,,,,,,,,,,,,,,,,,,,,,,,,,,,,,,,,,,,,,,,,,,,,,,,,,,,,,,,,,,,,,60.65435699978843,61.40434279991314,61.40434279991314,61.40434279991314,ostodan,n,1.3151159002445638,62.75435399985872,62.75435399985872,62.75435399985872,,,,,,,,,,,,
