﻿stem,label,filepath,image_size,demo_info.thisRepN,demo_info.thisTrialN,demo_info.thisN,demo_info.thisIndex,pretraining_plus_test.thisRepN,pretraining_plus_test.thisTrialN,pretraining_plus_test.thisN,pretraining_plus_test.thisIndex,pretraining_loop.thisRepN,pretraining_loop.thisTrialN,pretraining_loop.thisN,pretraining_loop.thisIndex,pretraining,condition,begin_text.started,key_resp_11.started,key_resp_11.keys,key_resp_11.rt,consent_image.started,text_10.started,consent_resp.started,consent_resp.keys,consent_resp.rt,demographic_instr.started,text_9.started,key_resp_3.started,key_resp_3.keys,key_resp_3.rt,age_text.started,textbox.started,key_resp_5.started,text_3.started,textbox.text,key_resp_5.keys,key_resp_5.rt,age_text_5.started,textbox_5.started,key_resp_9.started,text_7.started,textbox_5.text,key_resp_9.keys,key_resp_9.rt,age_text_6.started,textbox_6.started,key_resp_10.started,text_8.started,textbox_6.text,key_resp_10.keys,key_resp_10.rt,instructions_text.started,key_resp_4.started,key_resp_4.keys,key_resp_4.rt,experiment_start.started,experiment_start_resp.started,experiment_start_resp.keys,experiment_start_resp.rt,text_23.started,key_resp_24.started,key_resp_24.keys,key_resp_24.rt,image_5.started,text_16.started,text_19.started,textbox_9.started,key_resp_20.started,textbox_9.text,key_resp_20.keys,key_resp_20.rt,image_4.started,text_18.started,textbox_12.started,text_27.started,image_4.stopped,text_18.stopped,textbox_12.stopped,text_27.stopped,participant,session,date,expName,psychopyVersion,frameRate,
,,,,,,,,,,,,,,,,100,3,8.24014120013453,8.24014120013453,space,0.35052999993786216,,,,,,,,,,,,,,,,,,,,,,,,,,,,,,,,,,,,,,,,,,,,,,,,,,,,,,,,,,,,933507,001,2023-10-05_00h54.10.083,generalizability,2022.2.5,60.0071528511992,
,,,,0,0,0,0,,,,,,,,,,,,,,,8.622260499978438,8.622260499978438,8.622260499978438,space,0.14237260003574193,8.805591100128368,8.805591100128368,8.805591100128368,space,0.4381818000692874,9.272301800083369,9.272301800083369,9.272301800083369,9.272301800083369, ,return,0.17154260003007948,9.472384999971837,9.472384999971837,9.472384999971837,9.472384999971837,"
",return,0.14447290007956326,9.638953699963167,9.638953699963167,9.638953699963167,9.638953699963167,"
",return,0.12394009996205568,,,,,,,,,,,,,,,,,,,,,,,,,,,,,933507,001,2023-10-05_00h54.10.083,generalizability,2022.2.5,60.0071528511992,
,,,,,,,,,,,,,,,,,,,,,,,,,,,,,,,,,,,,,,,,,,,,,,,,,,,,,9.805693899979815,9.805693899979815,return,0.11028889985755086,,,,,,,,,,,,,,,,,,,,,,,,,933507,001,2023-10-05_00h54.10.083,generalizability,2022.2.5,60.0071528511992,
,,,,,,,,,,,,,,,,,,,,,,,,,,,,,,,,,,,,,,,,,,,,,,,,,,,,,,,,,9.938971099909395,9.938971099909395,return,0.1190094999037683,,,,,,,,,,,,,,,,,,,,,933507,001,2023-10-05_00h54.10.083,generalizability,2022.2.5,60.0071528511992,
kora,kora,stems_all/3.PNG,"[0.35, 0.35]",,,,,0,0,0,0,0,0,0,2,,,,,,,,,,,,,,,,,,,,,,,,,,,,,,,,,,,,,,,,,,,,,,10.088937999913469,10.088937999913469,return,0.1330677999649197,10.23894890001975,10.23894890001975,11.722341899992898,11.722341899992898,11.722341899992898,kora,return,0.9332078997977078,12.672348899999633,12.672348899999633,12.672348899999633,12.672348899999633,13.67236419999972,13.67236419999972,13.67236419999972,13.67236419999972,933507,001,2023-10-05_00h54.10.083,generalizability,2022.2.5,60.0071528511992,
,,,,,,,,,,,,,,,,,,,,,,,,,,,,,,,,,,,,,,,,,,,,,,,,,,,,,,,,,,,,,,,,,13.67236419999972,13.67236419999972,14.92234109994024,14.92234109994024,14.92234109994024,vorke,return,2.287304600002244,17.239038300001994,17.239038300001994,17.239038300001994,17.239038300001994,,,,,,,,,,,
