﻿stem,left_label,left_suffix,right_label,right_suffix,comp_image,comp_condition_stem,comp_condition_suffix,image1,demo_info.thisRepN,demo_info.thisTrialN,demo_info.thisN,demo_info.thisIndex,which_condition.thisRepN,which_condition.thisTrialN,which_condition.thisN,which_condition.thisIndex,production_block.thisRepN,production_block.thisTrialN,production_block.thisN,production_block.thisIndex,comprehension_block.thisRepN,comprehension_block.thisTrialN,comprehension_block.thisN,comprehension_block.thisIndex,begin_text.started,key_resp_11.started,key_resp_11.keys,key_resp_11.rt,instructions_text.started,key_resp_4.started,key_resp_4.keys,key_resp_4.rt,experiment_start.started,experiment_start_resp.started,experiment_start_resp.keys,experiment_start_resp.rt,instr.started,key_resp_14.started,key_resp_14.keys,key_resp_14.rt,text_13.started,text_13.stopped,first_image.started,image_comp.started,text_14.started,label_right.started,key_resp_16.started,text_15.started,text_16.started,first_image.stopped,key_resp_16.keys,key_resp_16.rt,participant,session,date,expName,psychopyVersion,frameRate,
,,,,,,,,,,,,,,,,,,,,,,,,,9.977441399998497,9.977441399998497,space,0.5468860000255518,,,,,,,,,,,,,,,,,,,,,,,,,952800,001,2023-08-26_17h13.47.979,Recognizability_SONA,2022.2.5,59.99772009721453,
,,,,,,,,,,,,,,,,,,,,,,,,,,,,,10.559810800012201,10.559810800012201,space,0.34059749997686595,,,,,,,,,,,,,,,,,,,,,952800,001,2023-08-26_17h13.47.979,Recognizability_SONA,2022.2.5,59.99772009721453,
,,,,,,,,,,,,,,,,,,,,,,,,,,,,,,,,,10.926467599987518,10.926467599987518,space,0.4110416999901645,,,,,,,,,,,,,,,,,952800,001,2023-08-26_17h13.47.979,Recognizability_SONA,2022.2.5,59.99772009721453,
,,,,,,,,,,,,,,,,,,,,,,,,,,,,,,,,,,,,,11.359783899970353,11.359783899970353,space,0.5588595999870449,,,,,,,,,,,,,952800,001,2023-08-26_17h13.47.979,Recognizability_SONA,2022.2.5,59.99772009721453,
bal,baldan,dan,balnem,nem,stems_all/1_dim_pl.PNG,familiar,dim_pl,stems_all/1.PNG,,,,,,,,,,,,,0,0,0,0,,,,,,,,,,,,,,,,,11.943151400017086,12.959800100012217,12.959800100012217,13.126495199976489,13.126495199976489,13.126495199976489,13.126495199976489,13.126495199976489,13.126495199976489,13.15979469998274,left,28.69697210000595,952800,001,2023-08-26_17h13.47.979,Recognizability_SONA,2022.2.5,59.99772009721453,
kora,koradan,dan,korasil,sil,stems_all/3_dim_pl.PNG,familiar,dim_pl,stems_all/3.PNG,,,,,,,,,,,,,0,1,1,14,,,,,,,,,,,,,,,,,,,41.86021010001423,42.04346189997159,42.04346189997159,42.04346189997159,42.04346189997159,42.04346189997159,42.04346189997159,42.06016489997273,left,13.458151100028772,952800,001,2023-08-26_17h13.47.979,Recognizability_SONA,2022.2.5,59.99772009721453,
lucko,luckonem,nem,luckodan,dan,stems_all/17_dim_sg.PNG,novel,dim_sg,stems_all/17.PNG,,,,,,,,,,,,,0,2,2,22,,,,,,,,,,,,,,,,,,,55.543627200007904,55.71031039999798,55.71031039999798,55.71031039999798,55.71031039999798,55.71031039999798,55.71031039999798,55.743643899972085,left,14.209590399987064,952800,001,2023-08-26_17h13.47.979,Recognizability_SONA,2022.2.5,59.99772009721453,
lucko,luckonem,nem,luckodan,dan,stems_all/17_2.PNG,novel,big,stems_all/17.PNG,,,,,,,,,,,,,0,3,3,34,,,,,,,,,,,,,,,,,,,69.94381139997859,70.1271658000187,70.1271658000187,70.1271658000187,70.1271658000187,70.1271658000187,70.1271658000187,70.14379030000418,left,4.873878600017633,952800,001,2023-08-26_17h13.47.979,Recognizability_SONA,2022.2.5,59.99772009721453,
,,,,,,,,,,,,,,,,,,,,,,,,,,,,,,,,,,,,,,,,,,,75.04385770001682,75.21050809998997,75.21050809998997,75.21050809998997,75.21050809998997,75.21050809998997,75.21050809998997,75.24384160002228,,,,,,,,,
