﻿stem,label1,suffix1,label2,suffix2,comp_image,comp_condition_stem,comp_condition_suffix,image1,comp_image_size,alt_image1,alt_image2,comp_image_location,alt_image1_location,alt_image2_location,alt_image1_size,alt_image2_size,demo_info.thisRepN,demo_info.thisTrialN,demo_info.thisN,demo_info.thisIndex,pretraining_plus_test.thisRepN,pretraining_plus_test.thisTrialN,pretraining_plus_test.thisN,pretraining_plus_test.thisIndex,which_condition.thisRepN,which_condition.thisTrialN,which_condition.thisN,which_condition.thisIndex,production_block.thisRepN,production_block.thisTrialN,production_block.thisN,production_block.thisIndex,forced_choice_block.thisRepN,forced_choice_block.thisTrialN,forced_choice_block.thisN,forced_choice_block.thisIndex,pretraining,condition,begin_text.started,key_resp_11.started,key_resp_11.keys,key_resp_11.rt,instructions_text.started,key_resp_4.started,key_resp_4.keys,key_resp_4.rt,experiment_start.started,experiment_start_resp.started,experiment_start_resp.keys,experiment_start_resp.rt,instr.started,key_resp_14.started,key_resp_14.keys,key_resp_14.rt,text_13.started,key_resp_17.started,key_resp_17.keys,key_resp_17.rt,comp_label1_location,comp_label2_location,first_image.started,text_16.started,image_comp.started,text_14.started,label_right.started,key_resp_16.started,text_15.started,text_16.stopped,image_9.started,image_10.started,image_9.stopped,image_10.stopped,first_image.stopped,key_resp_16.keys,key_resp_16.rt,text_25.started,text_25.stopped,participant,session,date,expName,psychopyVersion,frameRate,
,,,,,,,,,,,,,,,,,,,,,,,,,,,,,,,,,,,,,0,5,12.738757999846712,12.738757999846712,space,0.6015629000030458,,,,,,,,,,,,,,,,,,,,,,,,,,,,,,,,,,,,961859,001,2023-09-27_11h42.21.504,generalizability,2022.2.5,60.08463517607565,
,,,,,,,,,,,,,,,,,,,,,,,,,,,,,,,,,,,,,,,,,,,13.387571099912748,13.387571099912748,space,0.3468224999960512,,,,,,,,,,,,,,,,,,,,,,,,,,,,,,,,961859,001,2023-09-27_11h42.21.504,generalizability,2022.2.5,60.08463517607565,
,,,,,,,,,,,,,,,,,,,,,,,,,,,,,,,,,,,,,,,,,,,,,,,13.754178399918601,13.754178399918601,space,0.39954810007475317,,,,,,,,,,,,,,,,,,,,,,,,,,,,961859,001,2023-09-27_11h42.21.504,generalizability,2022.2.5,60.08463517607565,
,,,,,,,,,,,,,,,,,,,,,,,,,,,,,,,,,,,,,,,,,,,,,,,,,,,14.173343400005251,14.173343400005251,space,0.5942931000608951,,,,,,,,,,,,,,,,,,,,,,,,961859,001,2023-09-27_11h42.21.504,generalizability,2022.2.5,60.08463517607565,
,,,,,,,,,,,,,,,,,,,,,,,,,,,,,,,,,,,,,,,,,,,,,,,,,,,,,,,14.787509799934924,14.787509799934924,space,0.6013846001587808,,,,,,,,,,,,,,,,,,,,961859,001,2023-09-27_11h42.21.504,generalizability,2022.2.5,60.08463517607565,
runde,rundesil,sil,rundedan,dan,stems_all/18_dim_pl.PNG,novel,dim_pl,stems_all/18.PNG,"[0.2, 0.2]",stems_all/18_2.PNG,stems_all/18_dim_sg.PNG,"[0.2, -0.2]","[-0.2, -0.2]","[0.2, 0.2]","[0.35, 0.35]","[0.2, 0.2]",,,,,,,,,,,,,,,,,0,0,0,17,,,,,,,,,,,,,,,,,,,,,,,left,right,15.471847200067714,16.154203899903223,17.404292599996552,17.404292599996552,17.404292599996552,17.404292599996552,17.404292599996552,17.404292599996552,17.404292599996552,17.404292599996552,17.904279500013217,17.904279500013217,17.9709876999259,right,7.480619199806824,24.90430870000273,25.671007599914446,961859,001,2023-09-27_11h42.21.504,generalizability,2022.2.5,60.08463517607565,
runde,rundedan,dan,rundenem,nem,stems_all/18_2.PNG,novel,big,stems_all/18.PNG,"[0.35, 0.35]",stems_all/18_dim_sg.PNG,stems_all/18_dim_pl.PNG,"[-0.2, -0.2]","[0.2, 0.2]","[0.2, -0.2]","[0.2, 0.2]","[0.2, 0.2]",,,,,,,,,,,,,,,,,0,1,1,35,,,,,,,,,,,,,,,,,,,,,,,right,left,25.671007599914446,26.387664699926972,27.637656399980187,27.637656399980187,27.637656399980187,27.637656399980187,27.637656399980187,27.637656399980187,27.637656399980187,27.637656399980187,28.137680599931628,28.137680599931628,28.171004799893126,left,6.209245200036094,33.871063499944285,34.63778609992005,961859,001,2023-09-27_11h42.21.504,generalizability,2022.2.5,60.08463517607565,
,,,,,,,,,,,,,,,,,,,,,,,,,,,,,,,,,,,,,,,,,,,,,,,,,,,,,,,,,,,right,left,34.63778609992005,35.35441949986853,36.604428000049666,36.604428000049666,36.604428000049666,36.604428000049666,36.604428000049666,36.604428000049666,36.604428000049666,36.604428000049666,37.10440159984864,37.10440159984864,37.13776589999907,left,2.7207488999702036,39.354457600042224,,,,,,,,
