﻿stem,label,filepath,image_size,demo_info.thisRepN,demo_info.thisTrialN,demo_info.thisN,demo_info.thisIndex,pretraining_plus_test.thisRepN,pretraining_plus_test.thisTrialN,pretraining_plus_test.thisN,pretraining_plus_test.thisIndex,pretraining_loop.thisRepN,pretraining_loop.thisTrialN,pretraining_loop.thisN,pretraining_loop.thisIndex,pretraining,condition,begin_text.started,key_resp_11.started,key_resp_11.keys,key_resp_11.rt,consent_image.started,text_10.started,consent_resp.started,consent_resp.keys,consent_resp.rt,demographic_instr.started,text_9.started,key_resp_3.started,key_resp_3.keys,key_resp_3.rt,age_text.started,textbox.started,key_resp_5.started,text_3.started,textbox.text,key_resp_5.keys,key_resp_5.rt,age_text_2.started,textbox_2.started,key_resp_6.started,text_4.started,textbox_2.text,key_resp_6.keys,key_resp_6.rt,age_text_3.started,textbox_3.started,key_resp_7.started,text_5.started,textbox_3.text,key_resp_7.keys,key_resp_7.rt,age_text_5.started,textbox_5.started,key_resp_9.started,text_7.started,textbox_5.text,key_resp_9.keys,key_resp_9.rt,age_text_6.started,textbox_6.started,key_resp_10.started,text_8.started,textbox_6.text,key_resp_10.keys,key_resp_10.rt,age_text_4.started,textbox_4.started,key_resp_8.started,text_6.started,textbox_4.text,key_resp_8.keys,key_resp_8.rt,instructions_text.started,key_resp_4.started,key_resp_4.keys,key_resp_4.rt,experiment_start.started,experiment_start_resp.started,experiment_start_resp.keys,experiment_start_resp.rt,text_23.started,key_resp_24.started,key_resp_24.keys,key_resp_24.rt,image_5.started,text_19.started,textbox_9.started,key_resp_20.started,textbox_9.text,key_resp_20.keys,key_resp_20.rt,image_4.started,text_18.started,textbox_12.started,image_4.stopped,text_18.stopped,textbox_12.stopped,ISI.started,participant,session,date,expName,psychopyVersion,frameRate,
,,,,,,,,,,,,,,,,100,3,8.54600919992663,8.54600919992663,space,0.9078804000746459,,,,,,,,,,,,,,,,,,,,,,,,,,,,,,,,,,,,,,,,,,,,,,,,,,,,,,,,,,,,,,,,,,,,,,,,,,,,,,,002613,001,2023-09-26_18h31.58.600,generalizability,2022.2.5,60.02548683409395,
,,,,0,0,0,0,,,,,,,,,,,,,,,9.478473199997097,9.478473199997097,9.478473199997097,space,0.6055305999470875,10.128463899949566,10.128463899949566,10.128463899949566,space,0.5136595000512898,10.661802500020713,10.661802500020713,10.661802500020713,10.661802500020713, ,return,0.5454542000079527,11.228478399920277,11.228478399920277,11.228478399920277,11.228478399920277,"
",return,0.24385019997134805,11.495184800005518,11.495184800005518,11.495184800005518,11.495184800005518,"

",return,0.1671732000540942,11.695179999922402,11.695179999922402,11.695179999922402,11.695179999922402,,return,0.14021510002203286,11.861816499964334,11.861816499964334,11.861816499964334,11.861816499964334,"
",return,0.13661689998116344,12.028518199920654,12.028518199920654,12.028518199920654,12.028518199920654,"
",return,0.12996169994585216,,,,,,,,,,,,,,,,,,,,,,,,,,,002613,001,2023-09-26_18h31.58.600,generalizability,2022.2.5,60.02548683409395,
,,,,,,,,,,,,,,,,,,,,,,,,,,,,,,,,,,,,,,,,,,,,,,,,,,,,,,,,,,,,,,,,,,,,,,,,,,12.195213999948464,12.195213999948464,space,0.3633570000529289,,,,,,,,,,,,,,,,,,,,,,,002613,001,2023-09-26_18h31.58.600,generalizability,2022.2.5,60.02548683409395,
,,,,,,,,,,,,,,,,,,,,,,,,,,,,,,,,,,,,,,,,,,,,,,,,,,,,,,,,,,,,,,,,,,,,,,,,,,,,,,12.578500699950382,12.578500699950382,space,0.29713139997329563,,,,,,,,,,,,,,,,,,,002613,001,2023-09-26_18h31.58.600,generalizability,2022.2.5,60.02548683409395,
bani,bani,stems_all/6.PNG,"[0.35, 0.35]",,,,,0,0,0,0,0,0,0,5,,,,,,,,,,,,,,,,,,,,,,,,,,,,,,,,,,,,,,,,,,,,,,,,,,,,,,,,,,,,,,,,,,,12.895176999969408,12.895176999969408,return,0.9416392999701202,13.861875399947166,14.34519929997623,14.34519929997623,14.34519929997623,bani,i,0.8559329999843612,15.245190599933267,15.245190599933267,15.245190599933267,16.24523879995104,16.24523879995104,16.24523879995104,0.999398999963887,002613,001,2023-09-26_18h31.58.600,generalizability,2022.2.5,60.02548683409395,
vorke,vorke,stems_all/10.PNG,"[0.35, 0.35]",,,,,0,0,0,0,0,1,1,9,,,,,,,,,,,,,,,,,,,,,,,,,,,,,,,,,,,,,,,,,,,,,,,,,,,,,,,,,,,,,,,,,,,,,,,16.978584600030445,16.978584600030445,16.978584600030445,16.978584600030445,vorke,e,1.664355600019917,18.678575599915348,18.678575599915348,18.678575599915348,19.678613299969584,19.678613299969584,19.678613299969584,0.9995275000110269,002613,001,2023-09-26_18h31.58.600,generalizability,2022.2.5,60.02548683409395,
,,,,,,,,,,,,,,,,,,,,,,,,,,,,,,,,,,,,,,,,,,,,,,,,,,,,,,,,,,,,,,,,,,,,,,,,,,,,,,,,,,,,,,20.41193469997961,20.41193469997961,20.41193469997961,20.41193469997961,kudom,m,3.4141770999412984,23.861980699934065,23.861980699934065,23.861980699934065,,,,,,,,,,,
