﻿select_condition,stem,suffix,label,stem_filename,file,filepath,image_size,demo_info.thisRepN,demo_info.thisTrialN,demo_info.thisN,demo_info.thisIndex,pretraining_plus_test.thisRepN,pretraining_plus_test.thisTrialN,pretraining_plus_test.thisN,pretraining_plus_test.thisIndex,which_condition.thisRepN,which_condition.thisTrialN,which_condition.thisN,which_condition.thisIndex,training_block.thisRepN,training_block.thisTrialN,training_block.thisN,training_block.thisIndex,pretraining,condition,begin_text.started,key_resp_11.started,key_resp_11.keys,key_resp_11.rt,consent_image.started,text_10.started,consent_resp.started,consent_resp.keys,consent_resp.rt,demographic_instr.started,text_9.started,key_resp_3.started,key_resp_3.keys,key_resp_3.rt,age_text.started,textbox.started,key_resp_5.started,text_3.started,textbox.text,key_resp_5.keys,key_resp_5.rt,age_text_2.started,textbox_2.started,key_resp_6.started,text_4.started,textbox_2.text,key_resp_6.keys,key_resp_6.rt,age_text_3.started,textbox_3.started,key_resp_7.started,text_5.started,textbox_3.text,key_resp_7.keys,key_resp_7.rt,age_text_5.started,textbox_5.started,key_resp_9.started,text_7.started,textbox_5.text,key_resp_9.keys,key_resp_9.rt,age_text_6.started,textbox_6.started,key_resp_10.started,text_8.started,textbox_6.text,key_resp_10.keys,key_resp_10.rt,age_text_4.started,textbox_4.started,key_resp_8.started,text_6.started,textbox_4.text,key_resp_8.keys,key_resp_8.rt,instructions_text.started,key_resp_4.started,key_resp_4.keys,key_resp_4.rt,experiment_start.started,experiment_start_resp.started,experiment_start_resp.keys,experiment_start_resp.rt,image.started,text_11.started,textbox_7.started,key_resp_18.started,textbox_7.text,key_resp_18.keys,key_resp_18.rt,image_8.started,text_17.started,textbox_8.started,image_8.stopped,text_17.stopped,textbox_8.stopped,participant,session,date,expName,psychopyVersion,frameRate,
,,,,,,,,,,,,,,,,,,,,,,,,0,4,9.401481400011107,9.401481400011107,space,8.687300099991262,,,,,,,,,,,,,,,,,,,,,,,,,,,,,,,,,,,,,,,,,,,,,,,,,,,,,,,,,,,,,,,,,,,,,,,,,,060769,001,2023-09-26_16h04.02.029,generalizability,2022.2.5,59.94632409932131,
,,,,,,,,0,0,0,0,,,,,,,,,,,,,,,,,,,18.117917599971406,18.117917599971406,18.117917599971406,space,3.2615670000668615,21.417206699959934,21.417206699959934,21.417206699959934,space,0.9104971999768168,22.35049869993236,22.35049869993236,22.35049869993236,22.35049869993236, j,return,1.4405453000217676,23.817216399940662,23.817216399940662,23.817216399940662,23.817216399940662,"
",return,0.5289582000114024,24.3671888000099,24.3671888000099,24.3671888000099,24.3671888000099,"
",return,0.22803390002809465,24.617236000020057,24.617236000020057,24.617236000020057,24.617236000020057,"
",return,0.19103649992030114,24.833905300009064,24.833905300009064,24.833905300009064,24.833905300009064,"
",return,0.21540220000315458,25.067208599997684,25.067208599997684,25.067208599997684,25.067208599997684,"
",return,0.2711418999824673,,,,,,,,,,,,,,,,,,,,,,060769,001,2023-09-26_16h04.02.029,generalizability,2022.2.5,59.94632409932131,
,,,,,,,,,,,,,,,,,,,,,,,,,,,,,,,,,,,,,,,,,,,,,,,,,,,,,,,,,,,,,,,,,,,,,,,,,,,,,,,,,,25.383947599912062,25.383947599912062,space,1.4697889999952167,,,,,,,,,,,,,,,,,,060769,001,2023-09-26_16h04.02.029,generalizability,2022.2.5,59.94632409932131,
,,,,,,,,,,,,,,,,,,,,,,,,,,,,,,,,,,,,,,,,,,,,,,,,,,,,,,,,,,,,,,,,,,,,,,,,,,,,,,,,,,,,,,26.883941899985075,26.883941899985075,space,1.3341163999866694,,,,,,,,,,,,,,060769,001,2023-09-26_16h04.02.029,generalizability,2022.2.5,59.94632409932131,
Condition4.csv,berko,sil,berkosil,2,2_2.PNG,stems_all/2_2.PNG,"[0.35, 0.35]",,,,,,,,,0,0,0,0,0,0,0,25,,,,,,,,,,,,,,,,,,,,,,,,,,,,,,,,,,,,,,,,,,,,,,,,,,,,,,,,,,,,,,,,,,,28.48393889993895,28.48393889993895,28.48393889993895,28.48393889993895,berkosil,l,2.655763200018555,31.183938600006513,31.183938600006513,31.183938600006513,32.21738769998774,32.21738769998774,32.21738769998774,060769,001,2023-09-26_16h04.02.029,generalizability,2022.2.5,59.94632409932131,
,,,,,,,,,,,,,,,,,,,,,,,,,,,,,,,,,,,,,,,,,,,,,,,,,,,,,,,,,,,,,,,,,,,,,,,,,,,,,,,,,,,,,,,,,,32.433967099990696,32.433967099990696,32.433967099990696,32.433967099990696,korasil,l,5.794347899965942,38.26738440000918,38.26738440000918,38.26738440000918,,,,,,,,,,
