﻿demo_info.thisRepN,demo_info.thisTrialN,demo_info.thisN,demo_info.thisIndex,pretraining_plus_test.thisRepN,pretraining_plus_test.thisTrialN,pretraining_plus_test.thisN,pretraining_plus_test.thisIndex,which_condition.thisRepN,which_condition.thisTrialN,which_condition.thisN,which_condition.thisIndex,select_condition,training_block.thisRepN,training_block.thisTrialN,training_block.thisN,training_block.thisIndex,stem,suffix,label,stem_filename,file,filepath,image_size,pretraining,condition,begin_text.started,key_resp_11.started,key_resp_11.keys,key_resp_11.rt,instructions_text.started,key_resp_4.started,key_resp_4.keys,key_resp_4.rt,experiment_start.started,experiment_start_resp.started,experiment_start_resp.keys,experiment_start_resp.rt,image.started,text_11.started,textbox_7.started,key_resp_18.started,textbox_7.text,key_resp_18.keys,key_resp_18.rt,image_8.started,text_17.started,textbox_8.started,participant,session,date,expName,psychopyVersion,frameRate,
,,,,,,,,,,,,,,,,,,,,,,,,0,2,8.453183899982832,8.453183899982832,space,0.31050069991033524,,,,,,,,,,,,,,,,,,,081025,001,2023-09-26_18h07.10.079,generalizability,2022.2.5,59.97889945800943,
,,,,,,,,,,,,,,,,,,,,,,,,,,,,,,8.80220030003693,8.80220030003693,space,0.1684918999671936,,,,,,,,,,,,,,,081025,001,2023-09-26_18h07.10.079,generalizability,2022.2.5,59.97889945800943,
,,,,,,,,,,,,,,,,,,,,,,,,,,,,,,,,,,9.00213989999611,9.00213989999611,space,0.16160179988946766,,,,,,,,,,,081025,001,2023-09-26_18h07.10.079,generalizability,2022.2.5,59.97889945800943,
,,,,,,,,,,,,,,,,,,,,,,,,,,,,,,,,,,,,,,9.418826800072566,9.918812500080094,9.918812500080094,9.918812500080094,baldan,n,1.711500099976547,11.668833100004122,11.668833100004122,11.668833100004122,,,,,,,
