﻿prod_label,file,prod_image1,prod_image2,prod_condition,alt_image1,alt_image2,prod_image2_size,alt_image2_size,prod_image2_location,alt_image1_location,alt_image2_location,demo_info.thisRepN,demo_info.thisTrialN,demo_info.thisN,demo_info.thisIndex,pretraining_plus_test.thisRepN,pretraining_plus_test.thisTrialN,pretraining_plus_test.thisN,pretraining_plus_test.thisIndex,which_condition.thisRepN,which_condition.thisTrialN,which_condition.thisN,which_condition.thisIndex,production_block.thisRepN,production_block.thisTrialN,production_block.thisN,production_block.thisIndex,pretraining,condition,begin_text.started,key_resp_11.started,key_resp_11.keys,key_resp_11.rt,instructions_text.started,key_resp_4.started,key_resp_4.keys,key_resp_4.rt,experiment_start.started,experiment_start_resp.started,experiment_start_resp.keys,experiment_start_resp.rt,instr.started,key_resp_14.started,key_resp_14.keys,key_resp_14.rt,image_prod1.started,production_text.started,production_text.stopped,production_image.started,image_2.started,alternate_image2.started,image_3.started,image_prod1.stopped,prod_resp.started,text_12.started,key_resp_15.started,image_2.stopped,alternate_image2.stopped,image_3.stopped,prod_resp.text,key_resp_15.keys,key_resp_15.rt,text_25.started,text_25.stopped,production_image.stopped,prod_resp.stopped,text_12.stopped,key_resp_15.stopped,participant,session,date,expName,psychopyVersion,frameRate,
,,,,,,,,,,,,,,,,,,,,,,,,,,,,0,4,15.574809000012465,15.574809000012465,space,0.7210057000629604,,,,,,,,,,,,,,,,,,,,,,,,,,,,,,,,,,,,133251,001,2023-09-26_18h40.47.643,generalizability,2022.2.5,59.98508770537782,
,,,,,,,,,,,,,,,,,,,,,,,,,,,,,,,,,,16.340453600045294,16.340453600045294,space,0.1722506999503821,,,,,,,,,,,,,,,,,,,,,,,,,,,,,,,,133251,001,2023-09-26_18h40.47.643,generalizability,2022.2.5,59.98508770537782,
,,,,,,,,,,,,,,,,,,,,,,,,,,,,,,,,,,,,,,16.54044870007783,16.54044870007783,space,0.34535980003420264,,,,,,,,,,,,,,,,,,,,,,,,,,,,133251,001,2023-09-26_18h40.47.643,generalizability,2022.2.5,59.98508770537782,
,,,,,,,,,,,,,,,,,,,,,,,,,,,,,,,,,,,,,,,,,,16.907111300039105,16.907111300039105,space,0.5098073000553995,,,,,,,,,,,,,,,,,,,,,,,,133251,001,2023-09-26_18h40.47.643,generalizability,2022.2.5,59.98508770537782,
kora,3_dim_sg.PNG,stems_all/3.PNG,stems_all/3_dim_sg.PNG,familiar,stems_all/3_dim_pl.PNG,stems_all/3_2.PNG,"[0.2, 0.2]","[0.35, 0.35]","[0.2, 0.2]","[0.2, -0.2]","[-0.2, -0.2]",,,,,,,,,,,,,0,0,0,2,,,,,,,,,,,,,,,,,,,17.473743200069293,18.173773300019093,18.92379340005573,18.92379340005573,18.92379340005573,18.92379340005573,18.92379340005573,18.973852800088935,19.423837900045328,19.423837900045328,19.423837900045328,19.423837900045328,19.423837900045328,19.423837900045328,koranem,return,4.143472300027497,23.590555100003257,24.357207100023516,,,,,133251,001,2023-09-26_18h40.47.643,generalizability,2022.2.5,59.98508770537782,
bal,1_2.PNG,stems_all/1.PNG,stems_all/1_2.PNG,familiar,stems_all/1_dim_sg.PNG,stems_all/1_dim_pl.PNG,"[0.35, 0.35]","[0.2, 0.2]","[-0.2, -0.2]","[0.2, 0.2]","[0.2, -0.2]",,,,,,,,,,,,,0,1,1,12,,,,,,,,,,,,,,,,,,,24.357207100023516,25.073893300024793,25.823886000085622,25.823886000085622,25.823886000085622,25.823886000085622,25.823886000085622,25.85720010008663,26.323971900041215,26.323971900041215,26.323971900041215,26.323971900041215,26.323971900041215,26.323971900041215,baldan,None,,36.324022600078024,37.0906678000465,35.82401600002777,36.324022600078024,36.324022600078024,36.324022600078024,133251,001,2023-09-26_18h40.47.643,generalizability,2022.2.5,59.98508770537782,
,,,,,,,,,,,,,,,,,,,,,,,,,,,,,,,,,,,,,,,,,,,,,,37.0906678000465,37.82404850004241,38.5740532000782,38.5740532000782,38.5740532000782,38.5740532000782,38.5740532000782,38.59068020002451,39.07405750011094,39.07405750011094,39.07405750011094,39.07405750011094,39.07405750011094,39.07405750011094,,,,,,,,,,,,,,,,
