﻿prod_label,file,prod_image1,prod_image2,prod_condition,alt_image1,alt_image2,prod_image2_size,alt_image2_size,prod_image2_location,alt_image1_location,alt_image2_location,demo_info.thisRepN,demo_info.thisTrialN,demo_info.thisN,demo_info.thisIndex,pretraining_plus_test.thisRepN,pretraining_plus_test.thisTrialN,pretraining_plus_test.thisN,pretraining_plus_test.thisIndex,which_condition.thisRepN,which_condition.thisTrialN,which_condition.thisN,which_condition.thisIndex,production_block.thisRepN,production_block.thisTrialN,production_block.thisN,production_block.thisIndex,pretraining,condition,begin_text.started,key_resp_11.started,key_resp_11.keys,key_resp_11.rt,instructions_text.started,key_resp_4.started,key_resp_4.keys,key_resp_4.rt,experiment_start.started,experiment_start_resp.started,experiment_start_resp.keys,experiment_start_resp.rt,instr.started,key_resp_14.started,key_resp_14.keys,key_resp_14.rt,image_prod1.started,production_text.started,production_text.stopped,production_image.started,image_2.started,alternate_image2.started,image_3.started,image_prod1.stopped,prod_resp.started,text_12.started,key_resp_15.started,image_2.stopped,alternate_image2.stopped,image_3.stopped,prod_resp.text,key_resp_15.keys,key_resp_15.rt,ISI.started,participant,session,date,expName,psychopyVersion,frameRate,
,,,,,,,,,,,,,,,,,,,,,,,,,,,,0,2,8.412868099985644,8.412868099985644,space,0.6659569999901578,,,,,,,,,,,,,,,,,,,,,,,,,,,,,,,159553,001,2023-09-26_18h15.16.258,generalizability,2022.2.5,60.00168004586376,
,,,,,,,,,,,,,,,,,,,,,,,,,,,,,,,,,,9.112065499997698,9.112065499997698,space,0.2948431000113487,,,,,,,,,,,,,,,,,,,,,,,,,,,159553,001,2023-09-26_18h15.16.258,generalizability,2022.2.5,60.00168004586376,
,,,,,,,,,,,,,,,,,,,,,,,,,,,,,,,,,,,,,,9.428792899940163,9.428792899940163,space,0.26514109992422163,,,,,,,,,,,,,,,,,,,,,,,159553,001,2023-09-26_18h15.16.258,generalizability,2022.2.5,60.00168004586376,
,,,,,,,,,,,,,,,,,,,,,,,,,,,,,,,,,,,,,,,,,,9.71209629997611,9.71209629997611,space,0.7330161000136286,,,,,,,,,,,,,,,,,,,159553,001,2023-09-26_18h15.16.258,generalizability,2022.2.5,60.00168004586376,
berko,2_dim_sg.PNG,stems_all/2.PNG,stems_all/2_dim_sg.PNG,familiar,stems_all/2_dim_pl.PNG,stems_all/2_2.PNG,"[0.2, 0.2]","[0.35, 0.35]","[0.2, 0.2]","[0.2, -0.2]","[-0.2, -0.2]",,,,,,,,,,,,,0,0,0,1,,,,,,,,,,,,,,,,,,,10.512071899953298,11.195511600002646,11.945485699921846,11.945485699921846,11.945485699921846,11.945485699921846,11.945485699921846,12.01218089996837,12.445417099981569,12.445417099981569,12.445417099981569,12.445417099981569,12.445417099981569,12.445417099981569,berkonem,return,1.9305575999896973,1.4099990949034691e-05,159553,001,2023-09-26_18h15.16.258,generalizability,2022.2.5,60.00168004586376,
bal,1_dim_pl.PNG,stems_all/1.PNG,stems_all/1_dim_pl.PNG,familiar,stems_all/1_dim_sg.PNG,stems_all/1_2.PNG,"[0.2, 0.2]","[0.35, 0.35]","[0.2, -0.2]","[0.2, 0.2]","[-0.2, -0.2]",,,,,,,,,,,,,0,1,1,6,,,,,,,,,,,,,,,,,,,15.145491799921729,15.878800199949183,16.628769799950533,16.645471399999224,16.645471399999224,16.645471399999224,16.645471399999224,16.645471399999224,17.12880830001086,17.12880830001086,17.12880830001086,17.14546709996648,17.14546709996648,17.14546709996648,balnem,return,2.365305899991654,1.3399985618889332e-05,159553,001,2023-09-26_18h15.16.258,generalizability,2022.2.5,60.00168004586376,
kora,3_dim_sg.PNG,stems_all/3.PNG,stems_all/3_dim_sg.PNG,familiar,stems_all/3_dim_pl.PNG,stems_all/3_2.PNG,"[0.2, 0.2]","[0.35, 0.35]","[0.2, 0.2]","[0.2, -0.2]","[-0.2, -0.2]",,,,,,,,,,,,,0,2,2,2,,,,,,,,,,,,,,,,,,,20.295489899930544,20.995536800008267,21.74552729993593,21.74552729993593,21.74552729993593,21.74552729993593,21.74552729993593,21.79553699993994,22.245533299981616,22.245533299981616,22.245533299981616,22.245533299981616,22.245533299981616,22.245533299981616,koranem,return,1.3495222999481484,1.2899981811642647e-05,159553,001,2023-09-26_18h15.16.258,generalizability,2022.2.5,60.00168004586376,
bal,1_dim_sg.PNG,stems_all/1.PNG,stems_all/1_dim_sg.PNG,familiar,stems_all/1_dim_pl.PNG,stems_all/1_2.PNG,"[0.2, 0.2]","[0.35, 0.35]","[0.2, 0.2]","[0.2, -0.2]","[-0.2, -0.2]",,,,,,,,,,,,,0,3,3,0,,,,,,,,,,,,,,,,,,,24.362215999979526,25.095587100018747,25.845560399931855,25.845560399931855,25.845560399931855,25.845560399931855,25.845560399931855,25.862348299939185,26.345756199909374,26.345756199909374,26.345756199909374,26.345756199909374,26.345756199909374,26.345756199909374,"balnem
",return,1.4008198999799788,1.3499986380338669e-05,159553,001,2023-09-26_18h15.16.258,generalizability,2022.2.5,60.00168004586376,
,,,,,,,,,,,,,,,,,,,,,,,,,,,,,,,,,,,,,,,,,,,,,,28.52896669995971,29.262316199950874,30.012329099932685,30.012329099932685,30.012329099932685,30.012329099932685,30.012329099932685,30.02899509994313,30.51234419993125,30.51234419993125,30.51234419993125,30.51234419993125,30.51234419993125,30.51234419993125,berkonem,return,1.43721290002577,1.4100107364356518e-05,,,,,,,
