﻿select_condition,stem,suffix,label,stem_filename,file,filepath,which_condition.thisRepN,which_condition.thisTrialN,which_condition.thisN,which_condition.thisIndex,dantype_loop.thisRepN,dantype_loop.thisTrialN,dantype_loop.thisN,dantype_loop.thisIndex,begin_text.started,key_resp_11.started,key_resp_11.keys,key_resp_11.rt,consent_image.started,text_10.started,consent_resp.started,consent_resp.keys,consent_resp.rt,demographic_instr.started,text_9.started,key_resp_3.started,key_resp_3.keys,key_resp_3.rt,age_text.started,textbox.started,key_resp_5.started,text_3.started,textbox.text,key_resp_5.keys,key_resp_5.rt,age_text_2.started,textbox_2.started,key_resp_6.started,text_4.started,textbox_2.text,key_resp_6.keys,key_resp_6.rt,age_text_3.started,textbox_3.started,key_resp_7.started,text_5.started,textbox_3.text,key_resp_7.keys,key_resp_7.rt,age_text_5.started,textbox_5.started,key_resp_9.started,text_7.started,textbox_5.text,key_resp_9.keys,key_resp_9.rt,age_text_6.started,textbox_6.started,key_resp_10.started,text_8.started,textbox_6.text,key_resp_10.keys,key_resp_10.rt,age_text_4.started,textbox_4.started,key_resp_8.started,text_6.started,textbox_4.text,key_resp_8.keys,key_resp_8.rt,instructions_text.started,key_resp_4.started,key_resp_4.keys,key_resp_4.rt,experiment_start.started,experiment_start_resp.started,experiment_start_resp.keys,experiment_start_resp.rt,image.started,text_11.started,image.stopped,text_11.stopped,participant,session,date,expName,psychopyVersion,frameRate,
,,,,,,,,,,,,,,,8.35777619999135,8.35777619999135,space,0.6032100999727845,,,,,,,,,,,,,,,,,,,,,,,,,,,,,,,,,,,,,,,,,,,,,,,,,,,,,,,,,,,,,,,,,179133,001,2023-08-25_15h05.12.326,Recognizability_SONA,2022.2.5,59.99062946216441,
,,,,,,,,,,,,,,,,,,,8.990153899998404,8.990153899998404,8.990153899998404,space,0.5969470999552868,,,,,,,,,,,,,,,,,,,,,,,,,,,,,,,,,,,,,,,,,,,,,,,,,,,,,,,,,,,,179133,001,2023-08-25_15h05.12.326,Recognizability_SONA,2022.2.5,59.99062946216441,
,,,,,,,,,,,,,,,,,,,,,,,,9.623498300032225,9.623498300032225,9.623498300032225,space,0.4696661999914795,,,,,,,,,,,,,,,,,,,,,,,,,,,,,,,,,,,,,,,,,,,,,,,,,,,,,,,179133,001,2023-08-25_15h05.12.326,Recognizability_SONA,2022.2.5,59.99062946216441,
,,,,,,,,,,,,,,,,,,,,,,,,,,,,,10.123540000000503,10.123540000000503,10.123540000000503,10.123540000000503, ,tab,0.7468511000042781,,,,,,,,,,,,,,,,,,,,,,,,,,,,,,,,,,,,,,,,,,,,,,,,179133,001,2023-08-25_15h05.12.326,Recognizability_SONA,2022.2.5,59.99062946216441,
,,,,,,,,,,,,,,,,,,,,,,,,,,,,,,,,,,,,10.890203199989628,10.890203199989628,10.890203199989628,10.890203199989628,,tab,0.16526699997484684,,,,,,,,,,,,,,,,,,,,,,,,,,,,,,,,,,,,,,,,,179133,001,2023-08-25_15h05.12.326,Recognizability_SONA,2022.2.5,59.99062946216441,
,,,,,,,,,,,,,,,,,,,,,,,,,,,,,,,,,,,,,,,,,,,11.073492299998179,11.073492299998179,11.073492299998179,11.073492299998179,,tab,0.13698700000531971,,,,,,,,,,,,,,,,,,,,,,,,,,,,,,,,,,179133,001,2023-08-25_15h05.12.326,Recognizability_SONA,2022.2.5,59.99062946216441,
,,,,,,,,,,,,,,,,,,,,,,,,,,,,,,,,,,,,,,,,,,,,,,,,,,11.240159399982076,11.240159399982076,11.240159399982076,11.240159399982076,,tab,0.1213440999854356,,,,,,,,,,,,,,,,,,,,,,,,,,,179133,001,2023-08-25_15h05.12.326,Recognizability_SONA,2022.2.5,59.99062946216441,
,,,,,,,,,,,,,,,,,,,,,,,,,,,,,,,,,,,,,,,,,,,,,,,,,,,,,,,,,11.390185300027952,11.390185300027952,11.390185300027952,11.390185300027952,,tab,0.14547200000379235,,,,,,,,,,,,,,,,,,,,179133,001,2023-08-25_15h05.12.326,Recognizability_SONA,2022.2.5,59.99062946216441,
,,,,,,,,,,,,,,,,,,,,,,,,,,,,,,,,,,,,,,,,,,,,,,,,,,,,,,,,,,,,,,,,11.55692280002404,11.55692280002404,11.55692280002404,11.55692280002404,,tab,0.16566669999156147,,,,,,,,,,,,,179133,001,2023-08-25_15h05.12.326,Recognizability_SONA,2022.2.5,59.99062946216441,
,,,,,,,,,,,,,,,,,,,,,,,,,,,,,,,,,,,,,,,,,,,,,,,,,,,,,,,,,,,,,,,,,,,,,,,11.740186300012283,11.740186300012283,space,0.9576294999569654,,,,,,,,,179133,001,2023-08-25_15h05.12.326,Recognizability_SONA,2022.2.5,59.99062946216441,
,,,,,,,,,,,,,,,,,,,,,,,,,,,,,,,,,,,,,,,,,,,,,,,,,,,,,,,,,,,,,,,,,,,,,,,,,,,12.723503399989568,12.723503399989568,space,0.7444488999899477,,,,,179133,001,2023-08-25_15h05.12.326,Recognizability_SONA,2022.2.5,59.99062946216441,
Condition5.csv,kora,nem,koranem,3,3_dim_sg.PNG,stems_all/3_dim_sg.PNG,0,0,0,0,0,0,0,9,,,,,,,,,,,,,,,,,,,,,,,,,,,,,,,,,,,,,,,,,,,,,,,,,,,,,,,,,,,,,,,,,13.490188700030558,13.490188700030558,15.490242000028957,15.490242000028957,179133,001,2023-08-25_15h05.12.326,Recognizability_SONA,2022.2.5,59.99062946216441,
Condition5.csv,bal,shoon,balshoon,1,1_dim_sg.PNG,stems_all/1_dim_sg.PNG,0,0,0,0,0,1,1,18,,,,,,,,,,,,,,,,,,,,,,,,,,,,,,,,,,,,,,,,,,,,,,,,,,,,,,,,,,,,,,,,,15.490242000028957,15.490242000028957,17.490264900028706,17.490264900028706,179133,001,2023-08-25_15h05.12.326,Recognizability_SONA,2022.2.5,59.99062946216441,
Condition5.csv,kora,nem,koranem,3,3_dim_sg.PNG,stems_all/3_dim_sg.PNG,0,0,0,0,0,2,2,8,,,,,,,,,,,,,,,,,,,,,,,,,,,,,,,,,,,,,,,,,,,,,,,,,,,,,,,,,,,,,,,,,17.490264900028706,17.490264900028706,19.49024970002938,19.49024970002938,179133,001,2023-08-25_15h05.12.326,Recognizability_SONA,2022.2.5,59.99062946216441,
Condition5.csv,berko,dan,berkodan,2,1_2.PNG,stems_all/1_2.PNG,0,0,0,0,0,3,3,13,,,,,,,,,,,,,,,,,,,,,,,,,,,,,,,,,,,,,,,,,,,,,,,,,,,,,,,,,,,,,,,,,19.49024970002938,19.49024970002938,21.49031930003548,21.49031930003548,179133,001,2023-08-25_15h05.12.326,Recognizability_SONA,2022.2.5,59.99062946216441,
Condition5.csv,berko,shoon,berkoshoon,2,2_dim_sg.PNG,stems_all/2_dim_sg.PNG,0,0,0,0,0,4,4,19,,,,,,,,,,,,,,,,,,,,,,,,,,,,,,,,,,,,,,,,,,,,,,,,,,,,,,,,,,,,,,,,,21.49031930003548,21.49031930003548,23.490325500024483,23.490325500024483,179133,001,2023-08-25_15h05.12.326,Recognizability_SONA,2022.2.5,59.99062946216441,
Condition5.csv,kora,nem,koranem,3,3_dim_sg.PNG,stems_all/3_dim_sg.PNG,0,0,0,0,0,5,5,10,,,,,,,,,,,,,,,,,,,,,,,,,,,,,,,,,,,,,,,,,,,,,,,,,,,,,,,,,,,,,,,,,23.490325500024483,23.490325500024483,25.49036029999843,25.49036029999843,179133,001,2023-08-25_15h05.12.326,Recognizability_SONA,2022.2.5,59.99062946216441,
Condition5.csv,berko,nem,berkonem,2,2_dim_sg.PNG,stems_all/2_dim_sg.PNG,0,0,0,0,0,6,6,6,,,,,,,,,,,,,,,,,,,,,,,,,,,,,,,,,,,,,,,,,,,,,,,,,,,,,,,,,,,,,,,,,25.49036029999843,25.49036029999843,27.49034010001924,27.49034010001924,179133,001,2023-08-25_15h05.12.326,Recognizability_SONA,2022.2.5,59.99062946216441,
Condition5.csv,bal,sil,balsil,1,1_2.PNG,stems_all/1_2.PNG,0,0,0,0,0,7,7,15,,,,,,,,,,,,,,,,,,,,,,,,,,,,,,,,,,,,,,,,,,,,,,,,,,,,,,,,,,,,,,,,,27.49034010001924,27.49034010001924,29.49040020001121,29.49040020001121,179133,001,2023-08-25_15h05.12.326,Recognizability_SONA,2022.2.5,59.99062946216441,
Condition5.csv,berko,nem,berkonem,2,2_dim_sg.PNG,stems_all/2_dim_sg.PNG,0,0,0,0,0,8,8,5,,,,,,,,,,,,,,,,,,,,,,,,,,,,,,,,,,,,,,,,,,,,,,,,,,,,,,,,,,,,,,,,,29.49040020001121,29.49040020001121,31.49041919998126,31.49041919998126,179133,001,2023-08-25_15h05.12.326,Recognizability_SONA,2022.2.5,59.99062946216441,
Condition5.csv,bal,nem,balnem,1,1_dim_sg.PNG,stems_all/1_dim_sg.PNG,0,0,0,0,0,9,9,3,,,,,,,,,,,,,,,,,,,,,,,,,,,,,,,,,,,,,,,,,,,,,,,,,,,,,,,,,,,,,,,,,31.49041919998126,31.49041919998126,33.49045009998372,33.49045009998372,179133,001,2023-08-25_15h05.12.326,Recognizability_SONA,2022.2.5,59.99062946216441,
Condition5.csv,kora,sil,korasil,3,3_2.PNG,stems_all/3_2.PNG,0,0,0,0,0,10,10,17,,,,,,,,,,,,,,,,,,,,,,,,,,,,,,,,,,,,,,,,,,,,,,,,,,,,,,,,,,,,,,,,,33.49045009998372,33.49045009998372,35.49046709999675,35.49046709999675,179133,001,2023-08-25_15h05.12.326,Recognizability_SONA,2022.2.5,59.99062946216441,
Condition5.csv,bal,nem,balnem,1,1_dim_sg.PNG,stems_all/1_dim_sg.PNG,0,0,0,0,0,11,11,1,,,,,,,,,,,,,,,,,,,,,,,,,,,,,,,,,,,,,,,,,,,,,,,,,,,,,,,,,,,,,,,,,35.49046709999675,35.49046709999675,37.49048189999303,37.49048189999303,179133,001,2023-08-25_15h05.12.326,Recognizability_SONA,2022.2.5,59.99062946216441,
,,,,,,,,,,,,,,,,,,,,,,,,,,,,,,,,,,,,,,,,,,,,,,,,,,,,,,,,,,,,,,,,,,,,,,,,,,,,,,,37.49048189999303,37.49048189999303,,,,,,,,,
