﻿select_condition,stem,suffix,label,stem_filename,file,filepath,image_size,demo_info.thisRepN,demo_info.thisTrialN,demo_info.thisN,demo_info.thisIndex,which_condition.thisRepN,which_condition.thisTrialN,which_condition.thisN,which_condition.thisIndex,training_block.thisRepN,training_block.thisTrialN,training_block.thisN,training_block.thisIndex,begin_text.started,key_resp_11.started,key_resp_11.keys,key_resp_11.rt,instructions_text.started,key_resp_4.started,key_resp_4.keys,key_resp_4.rt,experiment_start.started,experiment_start_resp.started,experiment_start_resp.keys,experiment_start_resp.rt,image.started,text_11.started,textbox_7.started,key_resp_18.started,text_17.started,textbox_7.text,key_resp_18.keys,key_resp_18.rt,participant,session,date,expName,psychopyVersion,frameRate,
,,,,,,,,,,,,,,,,,,,,8.819466799963266,8.819466799963266,space,0.34938490006607026,,,,,,,,,,,,,,,,,182412,001,2023-09-21_14h24.39.916,Recognizability_SONA,2022.2.5,59.98080614949972,
,,,,,,,,,,,,,,,,,,,,,,,,9.202390799997374,9.202390799997374,space,0.14048399997409433,,,,,,,,,,,,,182412,001,2023-09-21_14h24.39.916,Recognizability_SONA,2022.2.5,59.98080614949972,
,,,,,,,,,,,,,,,,,,,,,,,,,,,,9.368410600000061,9.368410600000061,space,0.15348720003385097,,,,,,,,,182412,001,2023-09-21_14h24.39.916,Recognizability_SONA,2022.2.5,59.98080614949972,
Condition1.csv,bal,dan,baldan,1,1_2.PNG,stems_all/1_2.PNG,"[0.35, 0.35]",,,,,0,0,0,0,0,0,0,0,,,,,,,,,,,,,9.78513049997855,9.78513049997855,9.78513049997855,9.78513049997855,9.78513049997855,baldan,return,6.236242100014351,182412,001,2023-09-21_14h24.39.916,Recognizability_SONA,2022.2.5,59.98080614949972,
Condition1.csv,berko,dan,berkodan,2,2_2.PNG,stems_all/2_2.PNG,"[0.35, 0.35]",,,,,0,0,0,0,0,1,1,1,,,,,,,,,,,,,18.585236500017345,18.585236500017345,18.585236500017345,18.585236500017345,18.585236500017345,berkodan,return,8.93573279993143,182412,001,2023-09-21_14h24.39.916,Recognizability_SONA,2022.2.5,59.98080614949972,
Condition1.csv,kora,dan,koradan,3,3_2.PNG,stems_all/3_2.PNG,"[0.35, 0.35]",,,,,0,0,0,0,0,2,2,2,,,,,,,,,,,,,27.785313099971972,27.785313099971972,27.785313099971972,27.785313099971972,27.785313099971972,koradan,return,10.714141500066034,182412,001,2023-09-21_14h24.39.916,Recognizability_SONA,2022.2.5,59.98080614949972,
,,,,,,,,,,,,,,,,,,,,,,,,,,,,,,,,41.31884750002064,41.31884750002064,41.31884750002064,41.31884750002064,41.31884750002064,,,,,,,,,,
