﻿demo_info.thisRepN,demo_info.thisTrialN,demo_info.thisN,demo_info.thisIndex,pretraining_plus_test.thisRepN,pretraining_plus_test.thisTrialN,pretraining_plus_test.thisN,pretraining_plus_test.thisIndex,pretraining_loop.thisRepN,pretraining_loop.thisTrialN,pretraining_loop.thisN,pretraining_loop.thisIndex,test_loop.thisRepN,test_loop.thisTrialN,test_loop.thisN,test_loop.thisIndex,stem,label,filepath,image_size,pretraining,condition,begin_text.started,key_resp_11.started,key_resp_11.keys,key_resp_11.rt,instructions_text.started,key_resp_4.started,key_resp_4.keys,key_resp_4.rt,experiment_start.started,experiment_start_resp.started,experiment_start_resp.keys,experiment_start_resp.rt,text_21.started,key_resp_22.started,key_resp_22.keys,key_resp_22.rt,image_6.started,text_20.started,textbox_10.started,key_resp_21.started,participant,session,date,expName,psychopyVersion,frameRate,
,,,,,,,,,,,,,,,,,,,,0,4,27.070193300023675,27.070193300023675,space,1.1182485000463203,,,,,,,,,,,,,,,,,184519,001,2023-09-22_03h27.19.368,generalizability,2022.2.5,59.98328868215015,
,,,,,,,,,,,,,,,,,,,,,,,,,,28.23529680003412,28.23529680003412,space,0.24595490004867315,,,,,,,,,,,,,184519,001,2023-09-22_03h27.19.368,generalizability,2022.2.5,59.98328868215015,
,,,,,,,,,,,,,,,,,,,,,,,,,,,,,,28.50195950001944,28.50195950001944,space,0.30735110002569854,,,,,,,,,184519,001,2023-09-22_03h27.19.368,generalizability,2022.2.5,59.98328868215015,
,,,,,,,,,,,,,,,,,,,,,,,,,,,,,,,,,,28.835306200082414,28.835306200082414,return,1.4783389999065548,30.56866320001427,30.56866320001427,30.56866320001427,30.56866320001427,,,,,,,
