﻿begin_text.started,key_resp_11.started,key_resp_11.keys,key_resp_11.rt,consent_image.started,text_10.started,consent_resp.started,consent_resp.keys,consent_resp.rt,demographic_instr.started,text_9.started,key_resp_3.started,key_resp_3.keys,key_resp_3.rt,age_text.started,textbox.started,key_resp_5.started,text_3.started,textbox.text,key_resp_5.keys,key_resp_5.rt,age_text_2.started,textbox_2.started,key_resp_6.started,text_4.started,textbox_2.text,key_resp_6.keys,key_resp_6.rt,age_text_3.started,textbox_3.started,key_resp_7.started,text_5.started,textbox_3.text,key_resp_7.keys,key_resp_7.rt,age_text_5.started,textbox_5.started,key_resp_9.started,text_7.started,textbox_5.text,key_resp_9.keys,key_resp_9.rt,age_text_6.started,textbox_6.started,key_resp_10.started,text_8.started,textbox_6.text,key_resp_10.keys,key_resp_10.rt,age_text_4.started,textbox_4.started,key_resp_8.started,text_6.started,textbox_4.text,key_resp_8.keys,key_resp_8.rt,instructions_text.started,key_resp_4.started,key_resp_4.keys,key_resp_4.rt,experiment_start.started,experiment_start_resp.started,experiment_start_resp.keys,experiment_start_resp.rt,participant,session,date,expName,psychopyVersion,frameRate,
8.632709700032137,8.632709700032137,space,0.4482067999779247,,,,,,,,,,,,,,,,,,,,,,,,,,,,,,,,,,,,,,,,,,,,,,,,,,,,,,,,,,,,,185845,001,2023-08-25_14h50.48.486,Recognizability_SONA,2022.2.5,59.98451199280004,
,,,,9.09830160002457,9.09830160002457,9.09830160002457,space,0.17764889990212396,,,,,,,,,,,,,,,,,,,,,,,,,,,,,,,,,,,,,,,,,,,,,,,,,,,,,,,,185845,001,2023-08-25_14h50.48.486,Recognizability_SONA,2022.2.5,59.98451199280004,
,,,,,,,,,9.314951100037433,9.314951100037433,9.314951100037433,space,0.15904209989821538,,,,,,,,,,,,,,,,,,,,,,,,,,,,,,,,,,,,,,,,,,,,,,,,,,,185845,001,2023-08-25_14h50.48.486,Recognizability_SONA,2022.2.5,59.98451199280004,
,,,,,,,,,,,,,,9.498260400025174,9.498260400025174,9.498260400025174,9.498260400025174,  ,tab,0.45690009993268177,,,,,,,,,,,,,,,,,,,,,,,,,,,,,,,,,,,,,,,,,,,,185845,001,2023-08-25_14h50.48.486,Recognizability_SONA,2022.2.5,59.98451199280004,
,,,,,,,,,,,,,,,,,,,,,9.981676100054756,9.981676100054756,9.981676100054756,9.981676100054756,,tab,0.12351329991361126,,,,,,,,,,,,,,,,,,,,,,,,,,,,,,,,,,,,,185845,001,2023-08-25_14h50.48.486,Recognizability_SONA,2022.2.5,59.98451199280004,
,,,,,,,,,,,,,,,,,,,,,,,,,,,,10.131760000018403,10.131760000018403,10.131760000018403,10.131760000018403,,tab,0.26145159994484857,,,,,,,,,,,,,,,,,,,,,,,,,,,,,,185845,001,2023-08-25_14h50.48.486,Recognizability_SONA,2022.2.5,59.98451199280004,
,,,,,,,,,,,,,,,,,,,,,,,,,,,,,,,,,,,10.415072900010273,10.415072900010273,10.415072900010273,10.415072900010273,,tab,0.11615839996375144,,,,,,,,,,,,,,,,,,,,,,,185845,001,2023-08-25_14h50.48.486,Recognizability_SONA,2022.2.5,59.98451199280004,
,,,,,,,,,,,,,,,,,,,,,,,,,,,,,,,,,,,,,,,,,,10.548407100024633,10.548407100024633,10.548407100024633,10.548407100024633,,tab,0.13085219997446984,,,,,,,,,,,,,,,,185845,001,2023-08-25_14h50.48.486,Recognizability_SONA,2022.2.5,59.98451199280004,
,,,,,,,,,,,,,,,,,,,,,,,,,,,,,,,,,,,,,,,,,,,,,,,,,10.698379000008572,10.698379000008572,10.698379000008572,10.698379000008572,,tab,0.1439245999790728,,,,,,,,,185845,001,2023-08-25_14h50.48.486,Recognizability_SONA,2022.2.5,59.98451199280004,
,,,,,,,,,,,,,,,,,,,,,,,,,,,,,,,,,,,,,,,,,,,,,,,,,,,,,,,,10.865072700020391,10.865072700020391,space,0.42135959991719574,,,,,185845,001,2023-08-25_14h50.48.486,Recognizability_SONA,2022.2.5,59.98451199280004,
,,,,,,,,,,,,,,,,,,,,,,,,,,,,,,,,,,,,,,,,,,,,,,,,,,,,,,,,,,,,11.315070600016043,11.315070600016043,space,0.5164644999313168,185845,001,2023-08-25_14h50.48.486,Recognizability_SONA,2022.2.5,59.98451199280004,
