﻿demo_info.thisRepN,demo_info.thisTrialN,demo_info.thisN,demo_info.thisIndex,which_condition.thisRepN,which_condition.thisTrialN,which_condition.thisN,which_condition.thisIndex,production_block.thisRepN,production_block.thisTrialN,production_block.thisN,production_block.thisIndex,comprehension_block.thisRepN,comprehension_block.thisTrialN,comprehension_block.thisN,comprehension_block.thisIndex,stem,left_label,left_suffix,right_label,right_suffix,comp_image,comp_condition_stem,comp_condition_suffix,image1,begin_text.started,key_resp_11.started,key_resp_11.keys,key_resp_11.rt,instructions_text.started,key_resp_4.started,key_resp_4.keys,key_resp_4.rt,experiment_start.started,experiment_start_resp.started,experiment_start_resp.keys,experiment_start_resp.rt,instr.started,key_resp_14.started,key_resp_14.keys,key_resp_14.rt,text_13.started,text_13.stopped,participant,session,date,expName,psychopyVersion,frameRate,
,,,,,,,,,,,,,,,,,,,,,,,,,8.277246700017713,8.277246700017713,space,0.7146232000086457,,,,,,,,,,,,,,,226753,001,2023-08-26_17h29.52.580,Recognizability_SONA,2022.2.5,60.01331093495156,
,,,,,,,,,,,,,,,,,,,,,,,,,,,,,9.026265699998476,9.026265699998476,space,0.5167354000150226,,,,,,,,,,,226753,001,2023-08-26_17h29.52.580,Recognizability_SONA,2022.2.5,60.01331093495156,
,,,,,,,,,,,,,,,,,,,,,,,,,,,,,,,,,9.559620500018355,9.559620500018355,space,0.5735650999704376,,,,,,,226753,001,2023-08-26_17h29.52.580,Recognizability_SONA,2022.2.5,60.01331093495156,
,,,,,,,,,,,,,,,,,,,,,,,,,,,,,,,,,,,,,10.159607500012498,10.159607500012498,space,0.5386646999977529,,,226753,001,2023-08-26_17h29.52.580,Recognizability_SONA,2022.2.5,60.01331093495156,
,,,,,,,,,,,,,,,,,,,,,,,,,,,,,,,,,,,,,,,,,10.726293299987447,,,,,,,,
