﻿stem,label,filepath,image_size,demo_info.thisRepN,demo_info.thisTrialN,demo_info.thisN,demo_info.thisIndex,pretraining_plus_test.thisRepN,pretraining_plus_test.thisTrialN,pretraining_plus_test.thisN,pretraining_plus_test.thisIndex,pretraining_loop.thisRepN,pretraining_loop.thisTrialN,pretraining_loop.thisN,pretraining_loop.thisIndex,pretraining,condition,begin_text.started,key_resp_11.started,key_resp_11.keys,key_resp_11.rt,instructions_text.started,key_resp_4.started,key_resp_4.keys,key_resp_4.rt,experiment_start.started,experiment_start_resp.started,experiment_start_resp.keys,experiment_start_resp.rt,text_23.started,key_resp_24.started,key_resp_24.keys,key_resp_24.rt,image_5.started,text_19.started,textbox_9.started,key_resp_20.started,textbox_9.text,key_resp_20.keys,key_resp_20.rt,image_4.started,text_18.started,textbox_12.started,image_4.stopped,text_18.stopped,textbox_12.stopped,participant,session,date,expName,psychopyVersion,frameRate,
,,,,,,,,,,,,,,,,0,1,8.788615599973127,8.788615599973127,space,1.5761716000270098,,,,,,,,,,,,,,,,,,,,,,,,,,249945,001,2023-09-25_00h42.01.536,generalizability,2022.2.5,59.986742940598276,
,,,,,,,,,,,,,,,,,,,,,,10.404816199908964,10.404816199908964,space,0.5510923999827355,,,,,,,,,,,,,,,,,,,,,,249945,001,2023-09-25_00h42.01.536,generalizability,2022.2.5,59.986742940598276,
,,,,,,,,,,,,,,,,,,,,,,,,,,10.988173499936238,10.988173499936238,space,0.42482709989417344,,,,,,,,,,,,,,,,,,249945,001,2023-09-25_00h42.01.536,generalizability,2022.2.5,59.986742940598276,
chool,chool,stems_all/7.PNG,"[0.35, 0.35]",,,,,0,0,0,0,0,0,0,6,,,,,,,,,,,,,,,11.438311299891211,11.438311299891211,return,1.0394534999504685,12.738146199961193,12.738146199961193,12.738146199961193,12.738146199961193,chool,l,1.9161069999681786,14.688166199950501,14.688166199950501,14.688166199950501,15.704918999923393,15.704918999923393,15.704918999923393,249945,001,2023-09-25_00h42.01.536,generalizability,2022.2.5,59.986742940598276,
berko,berko,stems_all/2.PNG,"[0.35, 0.35]",,,,,0,0,0,0,0,1,1,1,,,,,,,,,,,,,,,,,,,15.704918999923393,15.704918999923393,15.704918999923393,15.704918999923393,berko,o,5.675397099927068,21.42254169995431,21.42254169995431,21.42254169995431,22.422488099895418,22.422488099895418,22.422488099895418,249945,001,2023-09-25_00h42.01.536,generalizability,2022.2.5,59.986742940598276,
,,,,,,,,,,,,,,,,,,,,,,,,,,,,,,,,,,22.422488099895418,22.422488099895418,22.422488099895418,22.422488099895418,pipa,a,3.360812300001271,25.821617899928242,25.821617899928242,25.821617899928242,,,,,,,,,,
