﻿stem,label1,suffix1,label2,suffix2,comp_image,comp_condition_stem,comp_condition_suffix,image1,comp_image_size,alt_image1,alt_image2,comp_image_location,alt_image1_location,alt_image2_location,alt_image1_size,alt_image2_size,demo_info.thisRepN,demo_info.thisTrialN,demo_info.thisN,demo_info.thisIndex,pretraining_plus_test.thisRepN,pretraining_plus_test.thisTrialN,pretraining_plus_test.thisN,pretraining_plus_test.thisIndex,which_condition.thisRepN,which_condition.thisTrialN,which_condition.thisN,which_condition.thisIndex,production_block.thisRepN,production_block.thisTrialN,production_block.thisN,production_block.thisIndex,forced_choice_block.thisRepN,forced_choice_block.thisTrialN,forced_choice_block.thisN,forced_choice_block.thisIndex,pretraining,condition,begin_text.started,key_resp_11.started,key_resp_11.keys,key_resp_11.rt,instructions_text.started,key_resp_4.started,key_resp_4.keys,key_resp_4.rt,experiment_start.started,experiment_start_resp.started,experiment_start_resp.keys,experiment_start_resp.rt,instr.started,key_resp_14.started,key_resp_14.keys,key_resp_14.rt,text_13.started,key_resp_17.started,key_resp_17.keys,key_resp_17.rt,first_image_2.started,text_26.started,text_26.stopped,comp_label1_location,comp_label2_location,image_comp.started,image_9.started,image_10.started,first_image.started,text_14.started,label_right.started,key_resp_16.started,text_15.started,image_9.stopped,image_10.stopped,first_image.stopped,key_resp_16.keys,key_resp_16.rt,text_25.started,text_25.stopped,first_image_2.stopped,participant,session,date,expName,psychopyVersion,frameRate,
,,,,,,,,,,,,,,,,,,,,,,,,,,,,,,,,,,,,,0,3,7.993525400059298,7.993525400059298,space,1.0298091999720782,,,,,,,,,,,,,,,,,,,,,,,,,,,,,,,,,,,,,,272877,001,2023-10-04_19h19.37.008,generalizability,2022.2.5,60.00207598984524,
,,,,,,,,,,,,,,,,,,,,,,,,,,,,,,,,,,,,,,,,,,,9.059172899927944,9.059172899927944,return,1.0704466998577118,,,,,,,,,,,,,,,,,,,,,,,,,,,,,,,,,,272877,001,2023-10-04_19h19.37.008,generalizability,2022.2.5,60.00207598984524,
,,,,,,,,,,,,,,,,,,,,,,,,,,,,,,,,,,,,,,,,,,,,,,,10.159190899925306,10.159190899925306,return,0.5756018997635692,,,,,,,,,,,,,,,,,,,,,,,,,,,,,,272877,001,2023-10-04_19h19.37.008,generalizability,2022.2.5,60.00207598984524,
,,,,,,,,,,,,,,,,,,,,,,,,,,,,,,,,,,,,,,,,,,,,,,,,,,,10.75919619994238,10.75919619994238,return,0.620648399926722,,,,,,,,,,,,,,,,,,,,,,,,,,272877,001,2023-10-04_19h19.37.008,generalizability,2022.2.5,60.00207598984524,
,,,,,,,,,,,,,,,,,,,,,,,,,,,,,,,,,,,,,,,,,,,,,,,,,,,,,,,11.409256699960679,11.409256699960679,return,0.5337222998496145,,,,,,,,,,,,,,,,,,,,,,272877,001,2023-10-04_19h19.37.008,generalizability,2022.2.5,60.00207598984524,
runde,rundedan,dan,rundesil,sil,stems_all/18_2.PNG,novel,big,stems_all/18.PNG,"[0.35, 0.35]",stems_all/18_dim_sg.PNG,stems_all/18_dim_pl.PNG,"[-0.2, -0.2]","[0.2, 0.2]","[0.2, -0.2]","[0.2, 0.2]","[0.2, 0.2]",,,,,,,,,,,,,,,,,0,0,0,41,,,,,,,,,,,,,,,,,,,,,,,12.009164199931547,13.459232599940151,14.961825200123712,left,right,15.042538699926808,15.042538699926808,15.042538699926808,15.042538699926808,15.709302800009027,15.709302800009027,15.709302800009027,15.709302800009027,15.792582800146192,15.792582800146192,15.792582800146192,right,3.1462349998764694,18.87594039994292,19.626081899972633,,272877,001,2023-10-04_19h19.37.008,generalizability,2022.2.5,60.00207598984524,
,,,,,,,,,,,,,,,,,,,,,,,,,,,,,,,,,,,,,,,,,,,,,,,,,,,,,,,,,,,19.626081899972633,21.109404100105166,22.609439300140366,right,left,22.642659600125626,22.642659600125626,22.642659600125626,22.642659600125626,23.359357099980116,23.359357099980116,23.359357099980116,23.359357099980116,23.39269439992495,23.39269439992495,23.39269439992495,left,2.420748299919069,25.8093852000311,,22.642659600125626,,,,,,,
