﻿which_condition.thisRepN,which_condition.thisTrialN,which_condition.thisN,which_condition.thisIndex,production_block.thisRepN,production_block.thisTrialN,production_block.thisN,production_block.thisIndex,prod_label,file,prod_image,prod_condition,begin_text.started,key_resp_11.started,key_resp_11.keys,key_resp_11.rt,consent_image.started,text_10.started,consent_resp.started,consent_resp.keys,consent_resp.rt,demographic_instr.started,text_9.started,key_resp_3.started,key_resp_3.keys,key_resp_3.rt,age_text.started,textbox.started,key_resp_5.started,text_3.started,textbox.text,key_resp_5.keys,key_resp_5.rt,age_text_2.started,textbox_2.started,key_resp_6.started,text_4.started,textbox_2.text,key_resp_6.keys,key_resp_6.rt,age_text_3.started,textbox_3.started,key_resp_7.started,text_5.started,textbox_3.text,key_resp_7.keys,key_resp_7.rt,age_text_5.started,textbox_5.started,key_resp_9.started,text_7.started,textbox_5.text,key_resp_9.keys,key_resp_9.rt,age_text_6.started,textbox_6.started,key_resp_10.started,text_8.started,textbox_6.text,key_resp_10.keys,key_resp_10.rt,age_text_4.started,textbox_4.started,key_resp_8.started,text_6.started,textbox_4.text,key_resp_8.keys,key_resp_8.rt,instructions_text.started,key_resp_4.started,key_resp_4.keys,key_resp_4.rt,experiment_start.started,experiment_start_resp.started,experiment_start_resp.keys,experiment_start_resp.rt,instr.started,key_resp_14.started,key_resp_14.keys,key_resp_14.rt,production_text.started,production_image.started,prod_resp.started,text_12.started,key_resp_15.started,participant,session,date,expName,psychopyVersion,frameRate,
,,,,,,,,,,,,11.465389399963897,11.465389399963897,space,0.43986630003200844,,,,,,,,,,,,,,,,,,,,,,,,,,,,,,,,,,,,,,,,,,,,,,,,,,,,,,,,,,,,,,,,,,,,,,273349,001,2023-08-25_16h03.20.028,Recognizability_SONA,2022.2.5,59.9865989825291,
,,,,,,,,,,,,,,,,11.93108339997707,11.93108339997707,11.93108339997707,space,0.24921999999787658,,,,,,,,,,,,,,,,,,,,,,,,,,,,,,,,,,,,,,,,,,,,,,,,,,,,,,,,,,,,,,,,,273349,001,2023-08-25_16h03.20.028,Recognizability_SONA,2022.2.5,59.9865989825291,
,,,,,,,,,,,,,,,,,,,,,12.214773599989712,12.214773599989712,12.214773599989712,space,0.22459910000907257,,,,,,,,,,,,,,,,,,,,,,,,,,,,,,,,,,,,,,,,,,,,,,,,,,,,,,,,,,,,273349,001,2023-08-25_16h03.20.028,Recognizability_SONA,2022.2.5,59.9865989825291,
,,,,,,,,,,,,,,,,,,,,,,,,,,12.464422599994577,12.464422599994577,12.464422599994577,12.464422599994577,  ,tab,0.5020648000063375,,,,,,,,,,,,,,,,,,,,,,,,,,,,,,,,,,,,,,,,,,,,,,,,,,,,,273349,001,2023-08-25_16h03.20.028,Recognizability_SONA,2022.2.5,59.9865989825291,
,,,,,,,,,,,,,,,,,,,,,,,,,,,,,,,,,12.997721099993214,12.997721099993214,12.997721099993214,12.997721099993214,,tab,0.15179839998017997,,,,,,,,,,,,,,,,,,,,,,,,,,,,,,,,,,,,,,,,,,,,,,273349,001,2023-08-25_16h03.20.028,Recognizability_SONA,2022.2.5,59.9865989825291,
,,,,,,,,,,,,,,,,,,,,,,,,,,,,,,,,,,,,,,,,13.18109229998663,13.18109229998663,13.18109229998663,13.18109229998663,,tab,0.12446389999240637,,,,,,,,,,,,,,,,,,,,,,,,,,,,,,,,,,,,,,,273349,001,2023-08-25_16h03.20.028,Recognizability_SONA,2022.2.5,59.9865989825291,
,,,,,,,,,,,,,,,,,,,,,,,,,,,,,,,,,,,,,,,,,,,,,,,13.331056199967861,13.331056199967861,13.331056199967861,13.331056199967861,,tab,0.1125521000358276,,,,,,,,,,,,,,,,,,,,,,,,,,,,,,,,273349,001,2023-08-25_16h03.20.028,Recognizability_SONA,2022.2.5,59.9865989825291,
,,,,,,,,,,,,,,,,,,,,,,,,,,,,,,,,,,,,,,,,,,,,,,,,,,,,,,13.46442669996759,13.46442669996759,13.46442669996759,13.46442669996759,,tab,0.11818920000223443,,,,,,,,,,,,,,,,,,,,,,,,,273349,001,2023-08-25_16h03.20.028,Recognizability_SONA,2022.2.5,59.9865989825291,
,,,,,,,,,,,,,,,,,,,,,,,,,,,,,,,,,,,,,,,,,,,,,,,,,,,,,,,,,,,,,13.61441639997065,13.61441639997065,13.61441639997065,13.61441639997065,,tab,0.11223500000778586,,,,,,,,,,,,,,,,,,273349,001,2023-08-25_16h03.20.028,Recognizability_SONA,2022.2.5,59.9865989825291,
,,,,,,,,,,,,,,,,,,,,,,,,,,,,,,,,,,,,,,,,,,,,,,,,,,,,,,,,,,,,,,,,,,,,13.74771339999279,13.74771339999279,space,0.39505110000027344,,,,,,,,,,,,,,273349,001,2023-08-25_16h03.20.028,Recognizability_SONA,2022.2.5,59.9865989825291,
,,,,,,,,,,,,,,,,,,,,,,,,,,,,,,,,,,,,,,,,,,,,,,,,,,,,,,,,,,,,,,,,,,,,,,,,14.164408300013747,14.164408300013747,space,0.3505103000206873,,,,,,,,,,273349,001,2023-08-25_16h03.20.028,Recognizability_SONA,2022.2.5,59.9865989825291,
,,,,,,,,,,,,,,,,,,,,,,,,,,,,,,,,,,,,,,,,,,,,,,,,,,,,,,,,,,,,,,,,,,,,,,,,,,,,14.547886999964248,14.547886999964248,space,0.3611601000302471,,,,,,273349,001,2023-08-25_16h03.20.028,Recognizability_SONA,2022.2.5,59.9865989825291,
,,,,,,,,,,,,,,,,,,,,,,,,,,,,,,,,,,,,,,,,,,,,,,,,,,,,,,,,,,,,,,,,,,,,,,,,,,,,,,,,14.94792820001021,14.94792820001021,14.94792820001021,14.94792820001021,14.94792820001021,,,,,,,
