﻿select_condition,stem,suffix,label,stem_filename,file,filepath,image_size,demo_info.thisRepN,demo_info.thisTrialN,demo_info.thisN,demo_info.thisIndex,which_condition.thisRepN,which_condition.thisTrialN,which_condition.thisN,which_condition.thisIndex,training_block.thisRepN,training_block.thisTrialN,training_block.thisN,training_block.thisIndex,begin_text.started,key_resp_11.started,key_resp_11.keys,key_resp_11.rt,instructions_text.started,key_resp_4.started,key_resp_4.keys,key_resp_4.rt,experiment_start.started,experiment_start_resp.started,experiment_start_resp.keys,experiment_start_resp.rt,image.started,text_11.started,textbox_7.started,key_resp_18.started,textbox_7.text,key_resp_18.keys,key_resp_18.rt,participant,session,date,expName,psychopyVersion,frameRate,
,,,,,,,,,,,,,,,,,,,,7.756373299984261,7.756373299984261,space,0.2606847999850288,,,,,,,,,,,,,,,,316194,001,2023-09-21_14h28.40.100,Recognizability_SONA,2022.2.5,59.983612464020325,
,,,,,,,,,,,,,,,,,,,,,,,,8.05547589994967,8.05547589994967,space,0.14561040000990033,,,,,,,,,,,,316194,001,2023-09-21_14h28.40.100,Recognizability_SONA,2022.2.5,59.983612464020325,
,,,,,,,,,,,,,,,,,,,,,,,,,,,,8.222143699997105,8.222143699997105,space,0.4020485000219196,,,,,,,,316194,001,2023-09-21_14h28.40.100,Recognizability_SONA,2022.2.5,59.983612464020325,
Condition1.csv,bal,dan,baldan,1,1_2.PNG,stems_all/1_2.PNG,"[0.35, 0.35]",,,,,0,0,0,0,0,0,0,0,,,,,,,,,,,,,8.888809200027026,8.888809200027026,8.888809200027026,8.888809200027026,baldan,n,4.8235156000591815,316194,001,2023-09-21_14h28.40.100,Recognizability_SONA,2022.2.5,59.983612464020325,
Condition1.csv,berko,dan,berkodan,2,2_2.PNG,stems_all/2_2.PNG,"[0.35, 0.35]",,,,,0,0,0,0,0,1,1,1,,,,,,,,,,,,,13.988865099963732,13.988865099963732,13.988865099963732,13.988865099963732,berkodan,n,13.890394400106743,316194,001,2023-09-21_14h28.40.100,Recognizability_SONA,2022.2.5,59.983612464020325,
