﻿begin_text.started,key_resp_11.started,key_resp_11.keys,key_resp_11.rt,consent_image.started,text_10.started,consent_resp.started,consent_resp.keys,consent_resp.rt,demographic_instr.started,text_9.started,key_resp_3.started,key_resp_3.keys,key_resp_3.rt,age_text.started,textbox.started,key_resp_5.started,text_3.started,textbox.text,key_resp_5.keys,key_resp_5.rt,age_text_2.started,textbox_2.started,key_resp_6.started,text_4.started,textbox_2.text,key_resp_6.keys,key_resp_6.rt,age_text_3.started,textbox_3.started,key_resp_7.started,text_5.started,textbox_3.text,key_resp_7.keys,key_resp_7.rt,age_text_5.started,textbox_5.started,key_resp_9.started,text_7.started,textbox_5.text,key_resp_9.keys,key_resp_9.rt,age_text_6.started,textbox_6.started,key_resp_10.started,text_8.started,textbox_6.text,key_resp_10.keys,key_resp_10.rt,age_text_4.started,textbox_4.started,key_resp_8.started,text_6.started,textbox_4.text,key_resp_8.keys,key_resp_8.rt,instructions_text.started,key_resp_4.started,key_resp_4.keys,key_resp_4.rt,experiment_start.started,experiment_start_resp.started,experiment_start_resp.keys,experiment_start_resp.rt,participant,session,date,expName,psychopyVersion,frameRate,
10.613211399991997,10.613211399991997,space,0.5334786999737844,,,,,,,,,,,,,,,,,,,,,,,,,,,,,,,,,,,,,,,,,,,,,,,,,,,,,,,,,,,,,332650,001,2023-08-25_14h58.21.893,Recognizability_SONA,2022.2.5,59.97116586032545,
,,,,11.178612400020938,11.178612400020938,11.178612400020938,space,0.16710570000577718,,,,,,,,,,,,,,,,,,,,,,,,,,,,,,,,,,,,,,,,,,,,,,,,,,,,,,,,332650,001,2023-08-25_14h58.21.893,Recognizability_SONA,2022.2.5,59.97116586032545,
,,,,,,,,,11.395306600024924,11.395306600024924,11.395306600024924,space,0.2384648000006564,,,,,,,,,,,,,,,,,,,,,,,,,,,,,,,,,,,,,,,,,,,,,,,,,,,332650,001,2023-08-25_14h58.21.893,Recognizability_SONA,2022.2.5,59.97116586032545,
,,,,,,,,,,,,,,11.661999200005084,11.661999200005084,11.661999200005084,11.661999200005084, ,tab,0.33288920001359656,,,,,,,,,,,,,,,,,,,,,,,,,,,,,,,,,,,,,,,,,,,,332650,001,2023-08-25_14h58.21.893,Recognizability_SONA,2022.2.5,59.97116586032545,
,,,,,,,,,,,,,,,,,,,,,12.011986199999228,12.011986199999228,12.011986199999228,12.011986199999228,,tab,0.16690110001945868,,,,,,,,,,,,,,,,,,,,,,,,,,,,,,,,,,,,,332650,001,2023-08-25_14h58.21.893,Recognizability_SONA,2022.2.5,59.97116586032545,
,,,,,,,,,,,,,,,,,,,,,,,,,,,,12.211992700002156,12.211992700002156,12.211992700002156,12.211992700002156,,tab,0.12193730002036318,,,,,,,,,,,,,,,,,,,,,,,,,,,,,,332650,001,2023-08-25_14h58.21.893,Recognizability_SONA,2022.2.5,59.97116586032545,
,,,,,,,,,,,,,,,,,,,,,,,,,,,,,,,,,,,12.361955699976534,12.361955699976534,12.361955699976534,12.361955699976534,,tab,0.11200330004794523,,,,,,,,,,,,,,,,,,,,,,,332650,001,2023-08-25_14h58.21.893,Recognizability_SONA,2022.2.5,59.97116586032545,
,,,,,,,,,,,,,,,,,,,,,,,,,,,,,,,,,,,,,,,,,,12.495297299989033,12.495297299989033,12.495297299989033,12.495297299989033,,tab,0.11468759999843314,,,,,,,,,,,,,,,,332650,001,2023-08-25_14h58.21.893,Recognizability_SONA,2022.2.5,59.97116586032545,
,,,,,,,,,,,,,,,,,,,,,,,,,,,,,,,,,,,,,,,,,,,,,,,,,12.628623199998401,12.628623199998401,12.628623199998401,12.628623199998401,,tab,0.28944349999073893,,,,,,,,,332650,001,2023-08-25_14h58.21.893,Recognizability_SONA,2022.2.5,59.97116586032545,
,,,,,,,,,,,,,,,,,,,,,,,,,,,,,,,,,,,,,,,,,,,,,,,,,,,,,,,,12.945286499976646,12.945286499976646,space,0.3538809000165202,,,,,332650,001,2023-08-25_14h58.21.893,Recognizability_SONA,2022.2.5,59.97116586032545,
,,,,,,,,,,,,,,,,,,,,,,,,,,,,,,,,,,,,,,,,,,,,,,,,,,,,,,,,,,,,13.328634099976625,13.328634099976625,space,0.3596128999488428,332650,001,2023-08-25_14h58.21.893,Recognizability_SONA,2022.2.5,59.97116586032545,
