﻿prod_label,file,prod_image1,prod_image2,prod_condition,alt_image1,alt_image2,prod_image2_size,alt_image2_size,prod_image2_location,alt_image1_location,alt_image2_location,demo_info.thisRepN,demo_info.thisTrialN,demo_info.thisN,demo_info.thisIndex,pretraining_plus_test.thisRepN,pretraining_plus_test.thisTrialN,pretraining_plus_test.thisN,pretraining_plus_test.thisIndex,which_condition.thisRepN,which_condition.thisTrialN,which_condition.thisN,which_condition.thisIndex,production_block.thisRepN,production_block.thisTrialN,production_block.thisN,production_block.thisIndex,forced_choice_block.thisRepN,forced_choice_block.thisTrialN,forced_choice_block.thisN,forced_choice_block.thisIndex,stem,label1,suffix1,label2,suffix2,comp_image,comp_condition_stem,comp_condition_suffix,image1,comp_image_size,comp_image_location,alt_image1_size,pretraining,condition,begin_text.started,key_resp_11.started,key_resp_11.keys,key_resp_11.rt,instructions_text.started,key_resp_4.started,key_resp_4.keys,key_resp_4.rt,experiment_start.started,experiment_start_resp.started,experiment_start_resp.keys,experiment_start_resp.rt,instr.started,key_resp_14.started,key_resp_14.keys,key_resp_14.rt,image_prod1.started,production_text.started,production_text.stopped,production_image.started,image_2.started,alternate_image2.started,image_3.started,image_prod1.stopped,prod_resp.started,text_12.started,key_resp_15.started,image_2.stopped,alternate_image2.stopped,image_3.stopped,prod_resp.text,key_resp_15.keys,key_resp_15.rt,text_25.started,text_25.stopped,text_13.started,key_resp_17.started,key_resp_17.keys,key_resp_17.rt,comp_label1_location,comp_label2_location,first_image.started,text_16.started,image_comp.started,text_14.started,label_right.started,key_resp_16.started,text_15.started,text_16.stopped,image_9.started,image_10.started,image_9.stopped,image_10.stopped,first_image.stopped,participant,session,date,expName,psychopyVersion,frameRate,
,,,,,,,,,,,,,,,,,,,,,,,,,,,,,,,,,,,,,,,,,,,,0,5,9.371229100041091,9.371229100041091,space,0.8665132001042366,,,,,,,,,,,,,,,,,,,,,,,,,,,,,,,,,,,,,,,,,,,,,,,,,,,335684,001,2023-09-27_11h39.24.323,generalizability,2022.2.5,60.00416422291036,
,,,,,,,,,,,,,,,,,,,,,,,,,,,,,,,,,,,,,,,,,,,,,,,,,,10.286858800100163,10.286858800100163,space,0.2849318999797106,,,,,,,,,,,,,,,,,,,,,,,,,,,,,,,,,,,,,,,,,,,,,,,335684,001,2023-09-27_11h39.24.323,generalizability,2022.2.5,60.00416422291036,
,,,,,,,,,,,,,,,,,,,,,,,,,,,,,,,,,,,,,,,,,,,,,,,,,,,,,,10.603516800096259,10.603516800096259,space,0.39537990000098944,,,,,,,,,,,,,,,,,,,,,,,,,,,,,,,,,,,,,,,,,,,335684,001,2023-09-27_11h39.24.323,generalizability,2022.2.5,60.00416422291036,
,,,,,,,,,,,,,,,,,,,,,,,,,,,,,,,,,,,,,,,,,,,,,,,,,,,,,,,,,,11.020202100044116,11.020202100044116,space,0.6678792000748217,,,,,,,,,,,,,,,,,,,,,,,,,,,,,,,,,,,,,,,335684,001,2023-09-27_11h39.24.323,generalizability,2022.2.5,60.00416422291036,
berko,2_dim_sg.PNG,stems_all/2.PNG,stems_all/2_dim_sg.PNG,familiar,stems_all/2_dim_pl.PNG,stems_all/2_2.PNG,"[0.2, 0.2]","[0.35, 0.35]","[0.2, 0.22]","[0.2, -0.18]","[-0.2, -0.18]",,,,,,,,,,,,,0,0,0,1,,,,,,,,,,,,,,,,,,,,,,,,,,,,,,,,,,,11.753625300014392,12.453549300087616,13.703563499962911,13.703563499962911,13.703563499962911,13.703563499962911,13.703563499962911,13.753525800071657,14.203560700174421,14.203560700174421,14.203560700174421,14.203560700174421,14.203560700174421,14.203560700174421,berkonem,return,2.5615983000025153,16.786931599956006,17.553631599992514,,,,,,,,,,,,,,,,,,,,335684,001,2023-09-27_11h39.24.323,generalizability,2022.2.5,60.00416422291036,
berko,2_dim_pl.PNG,stems_all/2.PNG,stems_all/2_dim_pl.PNG,familiar,stems_all/2_dim_sg.PNG,stems_all/2_2.PNG,"[0.2, 0.2]","[0.35, 0.35]","[0.2, -0.18]","[0.2, 0.22]","[-0.2, -0.18]",,,,,,,,,,,,,0,1,1,7,,,,,,,,,,,,,,,,,,,,,,,,,,,,,,,,,,,17.553631599992514,18.27029770007357,19.52030530013144,19.52030530013144,19.52030530013144,19.52030530013144,19.52030530013144,19.553606600034982,20.0203160000965,20.0203160000965,20.0203160000965,20.0203160000965,20.0203160000965,20.0203160000965,berkosil,return,3.0092917000874877,23.053636300144717,23.836972899967805,,,,,,,,,,,,,,,,,,,,335684,001,2023-09-27_11h39.24.323,generalizability,2022.2.5,60.00416422291036,
shinti,14_2.PNG,stems_all/14.PNG,stems_all/14_2.PNG,novel,stems_all/14_dim_sg.PNG,stems_all/14_dim_pl.PNG,"[0.35, 0.35]","[0.2, 0.2]","[-0.2, -0.18]","[0.2, 0.22]","[0.2, -0.18]",,,,,,,,,,,,,0,2,2,16,,,,,,,,,,,,,,,,,,,,,,,,,,,,,,,,,,,23.836972899967805,24.537084300071,25.78705060016364,25.78705060016364,25.78705060016364,25.78705060016364,25.78705060016364,25.83704540017061,26.287041899980977,26.287041899980977,26.287041899980977,26.287041899980977,26.287041899980977,26.287041899980977,shintidan,return,2.528893900103867,28.83706960012205,29.620449000038207,,,,,,,,,,,,,,,,,,,,335684,001,2023-09-27_11h39.24.323,generalizability,2022.2.5,60.00416422291036,
pil,13_2.PNG,stems_all/13.PNG,stems_all/13_2.PNG,novel,stems_all/13_dim_sg.PNG,stems_all/13_dim_pl.PNG,"[0.35, 0.35]","[0.2, 0.2]","[-0.2, -0.18]","[0.2, 0.22]","[0.2, -0.18]",,,,,,,,,,,,,0,3,3,15,,,,,,,,,,,,,,,,,,,,,,,,,,,,,,,,,,,29.620449000038207,30.32041690009646,31.57039860007353,31.57039860007353,31.57039860007353,31.57039860007353,31.57039860007353,31.620542500168085,32.070403600111604,32.070403600111604,32.070403600111604,32.070403600111604,32.070403600111604,32.070403600111604,,return,2.078721099998802,34.17041680007242,34.95383470016532,,,,,,,,,,,,,,,,,,,,335684,001,2023-09-27_11h39.24.323,generalizability,2022.2.5,60.00416422291036,
kora,3_dim_sg.PNG,stems_all/3.PNG,stems_all/3_dim_sg.PNG,familiar,stems_all/3_dim_pl.PNG,stems_all/3_2.PNG,"[0.2, 0.2]","[0.35, 0.35]","[0.2, 0.22]","[0.2, -0.18]","[-0.2, -0.18]",,,,,,,,,,,,,0,4,4,2,,,,,,,,,,,,,,,,,,,,,,,,,,,,,,,,,,,34.95383470016532,35.65380179998465,36.903827500063926,36.903827500063926,36.903827500063926,36.903827500063926,36.903827500063926,36.95400020014495,37.40382150001824,37.40382150001824,37.40382150001824,37.40382150001824,37.40382150001824,37.40382150001824,koranem,return,2.2825426999479532,39.70385659998283,40.470545400166884,,,,,,,,,,,,,,,,,,,,335684,001,2023-09-27_11h39.24.323,generalizability,2022.2.5,60.00416422291036,
pil,13_dim_pl.PNG,stems_all/13.PNG,stems_all/13_dim_pl.PNG,novel,stems_all/13_dim_sg.PNG,stems_all/13_2.PNG,"[0.2, 0.2]","[0.35, 0.35]","[0.2, -0.18]","[0.2, 0.22]","[-0.2, -0.18]",,,,,,,,,,,,,0,5,5,9,,,,,,,,,,,,,,,,,,,,,,,,,,,,,,,,,,,40.470545400166884,41.18717629997991,42.43723620008677,42.43723620008677,42.43723620008677,42.43723620008677,42.43723620008677,42.47071460005827,42.93721430003643,42.93721430003643,42.93721430003643,42.93721430003643,42.93721430003643,42.93721430003643,pilnem,return,4.9560090999584645,47.920613600173965,48.68731219996698,,,,,,,,,,,,,,,,,,,,335684,001,2023-09-27_11h39.24.323,generalizability,2022.2.5,60.00416422291036,
shinti,14_dim_sg.PNG,stems_all/14.PNG,stems_all/14_dim_sg.PNG,novel,stems_all/14_dim_pl.PNG,stems_all/14_2.PNG,"[0.2, 0.2]","[0.35, 0.35]","[0.2, 0.22]","[0.2, -0.18]","[-0.2, -0.18]",,,,,,,,,,,,,0,6,6,4,,,,,,,,,,,,,,,,,,,,,,,,,,,,,,,,,,,48.68731219996698,49.40392610011622,50.65397880016826,50.65397880016826,50.65397880016826,50.65397880016826,50.65397880016826,50.687317500123754,51.15399490017444,51.15399490017444,51.15399490017444,51.15399490017444,51.15399490017444,51.15399490017444,shintinem,return,2.5075272999238223,53.68758030002937,54.43732160003856,,,,,,,,,,,,,,,,,,,,335684,001,2023-09-27_11h39.24.323,generalizability,2022.2.5,60.00416422291036,
shinti,14_dim_pl.PNG,stems_all/14.PNG,stems_all/14_dim_pl.PNG,novel,stems_all/14_dim_sg.PNG,stems_all/14_2.PNG,"[0.2, 0.2]","[0.35, 0.35]","[0.2, -0.18]","[0.2, 0.22]","[-0.2, -0.18]",,,,,,,,,,,,,0,7,7,10,,,,,,,,,,,,,,,,,,,,,,,,,,,,,,,,,,,54.43732160003856,55.17068530013785,56.42070560017601,56.42070560017601,56.42070560017601,56.42070560017601,56.42070560017601,56.4373876999598,56.920706500066444,56.920706500066444,56.920706500066444,56.920706500066444,56.920706500066444,56.920706500066444,shintisil,return,2.1000340001191944,59.03737060003914,59.804152300115675,,,,,,,,,,,,,,,,,,,,335684,001,2023-09-27_11h39.24.323,generalizability,2022.2.5,60.00416422291036,
berko,2_2.PNG,stems_all/2.PNG,stems_all/2_2.PNG,familiar,stems_all/2_dim_sg.PNG,stems_all/2_dim_pl.PNG,"[0.35, 0.35]","[0.2, 0.2]","[-0.2, -0.18]","[0.2, 0.22]","[0.2, -0.18]",,,,,,,,,,,,,0,8,8,13,,,,,,,,,,,,,,,,,,,,,,,,,,,,,,,,,,,59.804152300115675,60.520760599989444,61.77079170010984,61.77079170010984,61.77079170010984,61.77079170010984,61.77079170010984,61.80422540009022,62.27078050002456,62.27078050002456,62.27078050002456,62.27078050002456,62.27078050002456,62.27078050002456,berkodan,return,1.6590589999686927,63.954132999992,64.73750990000553,,,,,,,,,,,,,,,,,,,,335684,001,2023-09-27_11h39.24.323,generalizability,2022.2.5,60.00416422291036,
shinder,15_dim_sg.PNG,stems_all/15.PNG,stems_all/15_dim_sg.PNG,novel,stems_all/15_dim_pl.PNG,stems_all/15_2.PNG,"[0.2, 0.2]","[0.35, 0.35]","[0.2, 0.22]","[0.2, -0.18]","[-0.2, -0.18]",,,,,,,,,,,,,0,9,9,5,,,,,,,,,,,,,,,,,,,,,,,,,,,,,,,,,,,64.73750990000553,65.4374510999769,66.68749260017648,66.68749260017648,66.68749260017648,66.68749260017648,66.68749260017648,66.73745830007829,67.18751940014772,67.18751940014772,67.18751940014772,67.18751940014772,67.18751940014772,67.18751940014772,shindernem,return,1.6464164999779314,68.85418360005133,69.60420519998297,,,,,,,,,,,,,,,,,,,,335684,001,2023-09-27_11h39.24.323,generalizability,2022.2.5,60.00416422291036,
pil,13_dim_sg.PNG,stems_all/13.PNG,stems_all/13_dim_sg.PNG,novel,stems_all/13_dim_pl.PNG,stems_all/13_2.PNG,"[0.2, 0.2]","[0.35, 0.35]","[0.2, 0.22]","[0.2, -0.18]","[-0.2, -0.18]",,,,,,,,,,,,,0,10,10,3,,,,,,,,,,,,,,,,,,,,,,,,,,,,,,,,,,,69.60420519998297,70.33750060014427,71.58757430012338,71.58757430012338,71.58757430012338,71.58757430012338,71.58757430012338,71.60421580006368,72.08755180006847,72.08755180006847,72.08755180006847,72.08755180006847,72.08755180006847,72.08755180006847,pilnem,return,1.5964945999439806,73.7042756001465,74.4709461000748,,,,,,,,,,,,,,,,,,,,335684,001,2023-09-27_11h39.24.323,generalizability,2022.2.5,60.00416422291036,
bal,1_dim_sg.PNG,stems_all/1.PNG,stems_all/1_dim_sg.PNG,familiar,stems_all/1_dim_pl.PNG,stems_all/1_2.PNG,"[0.2, 0.2]","[0.35, 0.35]","[0.2, 0.22]","[0.2, -0.18]","[-0.2, -0.18]",,,,,,,,,,,,,0,11,11,0,,,,,,,,,,,,,,,,,,,,,,,,,,,,,,,,,,,74.4709461000748,75.18757640011609,76.43759800004773,76.43759800004773,76.43759800004773,76.43759800004773,76.43759800004773,76.47098350012675,76.93761150003411,76.93761150003411,76.93761150003411,76.93761150003411,76.93761150003411,76.93761150003411,balnem,return,1.6435702999588102,78.60429940000176,79.37097910000011,,,,,,,,,,,,,,,,,,,,335684,001,2023-09-27_11h39.24.323,generalizability,2022.2.5,60.00416422291036,
kora,3_2.PNG,stems_all/3.PNG,stems_all/3_2.PNG,familiar,stems_all/3_dim_sg.PNG,stems_all/3_dim_pl.PNG,"[0.35, 0.35]","[0.2, 0.2]","[-0.2, -0.18]","[0.2, 0.22]","[0.2, -0.18]",,,,,,,,,,,,,0,12,12,14,,,,,,,,,,,,,,,,,,,,,,,,,,,,,,,,,,,79.37097910000011,80.08764409995638,81.3376565000508,81.3376565000508,81.3376565000508,81.3376565000508,81.3376565000508,81.37101700017229,81.83770160004497,81.83770160004497,81.83770160004497,81.83770160004497,81.83770160004497,81.83770160004497,koradan,return,1.424553900025785,83.28777880012058,84.05432029999793,,,,,,,,,,,,,,,,,,,,335684,001,2023-09-27_11h39.24.323,generalizability,2022.2.5,60.00416422291036,
shinder,15_dim_pl.PNG,stems_all/15.PNG,stems_all/15_dim_pl.PNG,novel,stems_all/15_dim_sg.PNG,stems_all/15_2.PNG,"[0.2, 0.2]","[0.35, 0.35]","[0.2, -0.18]","[0.2, 0.22]","[-0.2, -0.18]",,,,,,,,,,,,,0,13,13,11,,,,,,,,,,,,,,,,,,,,,,,,,,,,,,,,,,,84.05432029999793,84.77100190008059,86.02102650003508,86.0377108999528,86.0377108999528,86.0377108999528,86.0377108999528,86.05434290017001,86.52103750011884,86.52103750011884,86.52103750011884,86.5377205000259,86.5377205000259,86.5377205000259,shindernem,return,1.6305784001015127,88.1710449999664,88.92104890011251,,,,,,,,,,,,,,,,,,,,335684,001,2023-09-27_11h39.24.323,generalizability,2022.2.5,60.00416422291036,
shinder,15_2.PNG,stems_all/15.PNG,stems_all/15_2.PNG,novel,stems_all/15_dim_sg.PNG,stems_all/15_dim_pl.PNG,"[0.35, 0.35]","[0.2, 0.2]","[-0.2, -0.18]","[0.2, 0.22]","[0.2, -0.18]",,,,,,,,,,,,,0,14,14,17,,,,,,,,,,,,,,,,,,,,,,,,,,,,,,,,,,,88.92104890011251,89.65444810013287,90.90444159996696,90.90444159996696,90.90444159996696,90.90444159996696,90.90444159996696,90.92114690016024,91.40447519998997,91.40447519998997,91.40447519998997,91.40447519998997,91.40447519998997,91.40447519998997,shind,return,2.012025099946186,93.43783299997449,94.20452539995313,,,,,,,,,,,,,,,,,,,,335684,001,2023-09-27_11h39.24.323,generalizability,2022.2.5,60.00416422291036,
bal,1_dim_pl.PNG,stems_all/1.PNG,stems_all/1_dim_pl.PNG,familiar,stems_all/1_dim_sg.PNG,stems_all/1_2.PNG,"[0.2, 0.2]","[0.35, 0.35]","[0.2, -0.18]","[0.2, 0.22]","[-0.2, -0.18]",,,,,,,,,,,,,0,15,15,6,,,,,,,,,,,,,,,,,,,,,,,,,,,,,,,,,,,94.20452539995313,94.92115480010398,96.17112900014035,96.17112900014035,96.17112900014035,96.17112900014035,96.17112900014035,96.20449220016599,96.67116470006295,96.67116470006295,96.67116470006295,96.67116470006295,96.67116470006295,96.67116470006295,,return,0.47218400007113814,97.1712554001715,97.92114150011912,,,,,,,,,,,,,,,,,,,,335684,001,2023-09-27_11h39.24.323,generalizability,2022.2.5,60.00416422291036,
bal,1_2.PNG,stems_all/1.PNG,stems_all/1_2.PNG,familiar,stems_all/1_dim_sg.PNG,stems_all/1_dim_pl.PNG,"[0.35, 0.35]","[0.2, 0.2]","[-0.2, -0.18]","[0.2, 0.22]","[0.2, -0.18]",,,,,,,,,,,,,0,16,16,12,,,,,,,,,,,,,,,,,,,,,,,,,,,,,,,,,,,97.92114150011912,98.65468499995768,99.90452550002374,99.90452550002374,99.90452550002374,99.90452550002374,99.90452550002374,99.92119779996574,100.4045458000619,100.4045458000619,100.4045458000619,100.4045458000619,100.4045458000619,100.4045458000619,,return,0.4446246000006795,100.87121700006537,101.63785420008935,,,,,,,,,,,,,,,,,,,,335684,001,2023-09-27_11h39.24.323,generalizability,2022.2.5,60.00416422291036,
kora,3_dim_pl.PNG,stems_all/3.PNG,stems_all/3_dim_pl.PNG,familiar,stems_all/3_dim_sg.PNG,stems_all/3_2.PNG,"[0.2, 0.2]","[0.35, 0.35]","[0.2, -0.18]","[0.2, 0.22]","[-0.2, -0.18]",,,,,,,,,,,,,0,17,17,8,,,,,,,,,,,,,,,,,,,,,,,,,,,,,,,,,,,101.63785420008935,102.35460520000197,103.60456810006872,103.60456810006872,103.60456810006872,103.60456810006872,103.60456810006872,103.6380040999502,104.10456730006263,104.10456730006263,104.10456730006263,104.10456730006263,104.10456730006263,104.10456730006263,,return,0.3634301999118179,104.48788070003502,105.23792340001091,,,,,,,,,,,,,,,,,,,,335684,001,2023-09-27_11h39.24.323,generalizability,2022.2.5,60.00416422291036,
,,,,,,,,,,,,,,,,,,,,,,,,,,,,,,,,,,,,,,,,,,,,,,,,,,,,,,,,,,,,,,,,,,,,,,,,,,,,,,,,,105.23792340001091,105.23792340001091,space,1.7246356999967247,,,,,,,,,,,,,,,,335684,001,2023-09-27_11h39.24.323,generalizability,2022.2.5,60.00416422291036,
,,,,,,,,,,,,,,,,,,,,,,,,,,,,,,,,,,,,,,,,,,,,,,,,,,,,,,,,,,,,,,,,,,,,,,,,,,,,,,,,,,,,,right,left,107.03791179996915,107.72129120002501,108.97130400012247,108.97130400012247,108.97130400012247,108.97130400012247,108.97130400012247,108.97130400012247,108.97130400012247,108.97130400012247,109.47128779999912,109.47128779999912,109.53798600006849,,,,,,,
