﻿select_condition,stem,suffix,label,stem_filename,file,filepath,image_size,demo_info.thisRepN,demo_info.thisTrialN,demo_info.thisN,demo_info.thisIndex,pretraining_plus_test.thisRepN,pretraining_plus_test.thisTrialN,pretraining_plus_test.thisN,pretraining_plus_test.thisIndex,which_condition.thisRepN,which_condition.thisTrialN,which_condition.thisN,which_condition.thisIndex,training_block.thisRepN,training_block.thisTrialN,training_block.thisN,training_block.thisIndex,pretraining,condition,begin_text.started,key_resp_11.started,key_resp_11.keys,key_resp_11.rt,consent_image.started,text_10.started,consent_resp.started,consent_resp.keys,consent_resp.rt,demographic_instr.started,text_9.started,key_resp_3.started,key_resp_3.keys,key_resp_3.rt,age_text.started,textbox.started,key_resp_5.started,text_3.started,textbox.text,key_resp_5.keys,key_resp_5.rt,age_text_5.started,textbox_5.started,key_resp_9.started,text_7.started,textbox_5.text,key_resp_9.keys,key_resp_9.rt,age_text_6.started,textbox_6.started,key_resp_10.started,text_8.started,textbox_6.text,key_resp_10.keys,key_resp_10.rt,instructions_text.started,key_resp_4.started,key_resp_4.keys,key_resp_4.rt,experiment_start.started,experiment_start_resp.started,experiment_start_resp.keys,experiment_start_resp.rt,image.started,text_11.started,textbox_7.started,key_resp_18.started,textbox_7.text,key_resp_18.keys,key_resp_18.rt,image_8.started,text_17.started,textbox_8.started,image_8.stopped,text_17.stopped,textbox_8.stopped,text_25.started,text_25.stopped,participant,session,date,expName,psychopyVersion,frameRate,
,,,,,,,,,,,,,,,,,,,,,,,,0,5,13.389032500097528,13.389032500097528,space,0.40920150000602007,,,,,,,,,,,,,,,,,,,,,,,,,,,,,,,,,,,,,,,,,,,,,,,,,,,,,,,368700,001,2023-10-05_00h38.36.418,generalizability,2022.2.5,60.01986662930696,
,,,,,,,,0,0,0,0,,,,,,,,,,,,,,,,,,,13.83811299991794,13.83811299991794,13.83811299991794,space,0.14414700004272163,14.02140330011025,14.02140330011025,14.02140330011025,space,0.2129418000113219,14.254763500066474,14.254763500066474,14.254763500066474,14.254763500066474, ,return,0.32663939986377954,14.604791600024328,14.604791600024328,14.604791600024328,14.604791600024328,"
",return,0.15765439998358488,14.78813729993999,14.78813729993999,14.78813729993999,14.78813729993999,"
",return,0.12334239995107055,,,,,,,,,,,,,,,,,,,,,,,,368700,001,2023-10-05_00h38.36.418,generalizability,2022.2.5,60.01986662930696,
,,,,,,,,,,,,,,,,,,,,,,,,,,,,,,,,,,,,,,,,,,,,,,,,,,,,,,,,,,,,,14.954757600091398,14.954757600091398,return,0.10477600013837218,,,,,,,,,,,,,,,,,,,,368700,001,2023-10-05_00h38.36.418,generalizability,2022.2.5,60.01986662930696,
,,,,,,,,,,,,,,,,,,,,,,,,,,,,,,,,,,,,,,,,,,,,,,,,,,,,,,,,,,,,,,,,,15.088083199923858,15.088083199923858,return,0.12448669993318617,,,,,,,,,,,,,,,,368700,001,2023-10-05_00h38.36.418,generalizability,2022.2.5,60.01986662930696,
Condition5.csv,kora,shoon,korashoon,3,3_dim_sg.PNG,stems_all/3_dim_sg.PNG,"[0.2, 0.2]",,,,,,,,,0,0,0,0,0,0,0,20,,,,,,,,,,,,,,,,,,,,,,,,,,,,,,,,,,,,,,,,,,,,,,15.471420099958777,16.7214647999499,16.7214647999499,16.7214647999499,korashoon,return,2.163940600119531,19.604815300088376,19.604815300088376,19.604815300088376,20.604854499921203,20.604854499921203,20.604854499921203,20.604854499921203,21.354913299903274,368700,001,2023-10-05_00h38.36.418,generalizability,2022.2.5,60.01986662930696,
,,,,,,,,,,,,,,,,,,,,,,,,,,,,,,,,,,,,,,,,,,,,,,,,,,,,,,,,,,,,,,,,,,,,,21.604847199982032,22.854867700021714,22.854867700021714,22.854867700021714,,,,,,,,,,,,,,,,,,
