﻿demo_info.thisRepN,demo_info.thisTrialN,demo_info.thisN,demo_info.thisIndex,which_condition.thisRepN,which_condition.thisTrialN,which_condition.thisN,which_condition.thisIndex,production_block.thisRepN,production_block.thisTrialN,production_block.thisN,production_block.thisIndex,prod_label,file,prod_image1,prod_image2,prod_condition,alt_image1,alt_image2,begin_text.started,key_resp_11.started,key_resp_11.keys,key_resp_11.rt,instructions_text.started,key_resp_4.started,key_resp_4.keys,key_resp_4.rt,experiment_start.started,experiment_start_resp.started,experiment_start_resp.keys,experiment_start_resp.rt,instr.started,key_resp_14.started,key_resp_14.keys,key_resp_14.rt,image_prod1.started,production_text.started,production_image.started,prod_resp.started,text_12.started,key_resp_15.started,image_prod1.stopped,image_2.started,alternate_image2.started,image_3.started,image_2.stopped,alternate_image2.stopped,image_3.stopped,participant,session,date,expName,psychopyVersion,frameRate,
,,,,,,,,,,,,,,,,,,,11.357853799825534,11.357853799825534,space,1.5077448999509215,,,,,,,,,,,,,,,,,,,,,,,,,,374987,001,2023-09-06_10h51.13.396,Recognizability_SONA,2022.2.5,59.94930684303992,
,,,,,,,,,,,,,,,,,,,,,,,12.906760900048539,12.906760900048539,space,0.282918400131166,,,,,,,,,,,,,,,,,,,,,,374987,001,2023-09-06_10h51.13.396,Recognizability_SONA,2022.2.5,59.94930684303992,
,,,,,,,,,,,,,,,,,,,,,,,,,,,13.207038599997759,13.207038599997759,space,0.4317399999126792,,,,,,,,,,,,,,,,,,374987,001,2023-09-06_10h51.13.396,Recognizability_SONA,2022.2.5,59.94930684303992,
,,,,,,,,,,,,,,,,,,,,,,,,,,,,,,,13.65696099982597,13.65696099982597,space,0.4239042999688536,,,,,,,,,,,,,,374987,001,2023-09-06_10h51.13.396,Recognizability_SONA,2022.2.5,59.94930684303992,
,,,,,,,,,,,,,,,,,,,,,,,,,,,,,,,,,,,14.190296199871227,14.207198899937794,14.290395099902526,14.290395099902526,14.290395099902526,14.290395099902526,14.290395099902526,14.290395099902526,14.290395099902526,14.290395099902526,14.490330499829724,14.490330499829724,14.490330499829724,,,,,,,
