﻿demo_info.thisRepN,demo_info.thisTrialN,demo_info.thisN,demo_info.thisIndex,which_condition.thisRepN,which_condition.thisTrialN,which_condition.thisN,which_condition.thisIndex,production_block.thisRepN,production_block.thisTrialN,production_block.thisN,production_block.thisIndex,prod_label,file,prod_image1,prod_image2,prod_condition,alt_image1,alt_image2,prod_image2_size,alt_image2_size,prod_image2_location,alt_image1_location,alt_image2_location,begin_text.started,key_resp_11.started,key_resp_11.keys,key_resp_11.rt,instructions_text.started,key_resp_4.started,key_resp_4.keys,key_resp_4.rt,experiment_start.started,experiment_start_resp.started,experiment_start_resp.keys,experiment_start_resp.rt,instr.started,key_resp_14.started,key_resp_14.keys,key_resp_14.rt,participant,session,date,expName,psychopyVersion,frameRate,
,,,,,,,,,,,,,,,,,,,,,,,,9.208290499867871,9.208290499867871,space,0.30692760017700493,,,,,,,,,,,,,397413,001,2023-09-08_16h03.16.782,Recognizability_SONA,2022.2.5,59.982029442661,
,,,,,,,,,,,,,,,,,,,,,,,,,,,,9.55756129999645,9.55756129999645,space,0.15867380006238818,,,,,,,,,397413,001,2023-09-08_16h03.16.782,Recognizability_SONA,2022.2.5,59.982029442661,
,,,,,,,,,,,,,,,,,,,,,,,,,,,,,,,,9.740911799948663,9.740911799948663,space,0.18737250007689,,,,,397413,001,2023-09-08_16h03.16.782,Recognizability_SONA,2022.2.5,59.982029442661,
,,,,,,,,,,,,,,,,,,,,,,,,,,,,,,,,,,,,9.957515599904582,9.957515599904582,space,0.4898836000356823,397413,001,2023-09-08_16h03.16.782,Recognizability_SONA,2022.2.5,59.982029442661,
