﻿stem,label1,suffix1,label2,suffix2,comp_image,comp_condition_stem,comp_condition_suffix,image1,demo_info.thisRepN,demo_info.thisTrialN,demo_info.thisN,demo_info.thisIndex,which_condition.thisRepN,which_condition.thisTrialN,which_condition.thisN,which_condition.thisIndex,production_block.thisRepN,production_block.thisTrialN,production_block.thisN,production_block.thisIndex,comprehension_block.thisRepN,comprehension_block.thisTrialN,comprehension_block.thisN,comprehension_block.thisIndex,begin_text.started,key_resp_11.started,key_resp_11.keys,key_resp_11.rt,instructions_text.started,key_resp_4.started,key_resp_4.keys,key_resp_4.rt,experiment_start.started,experiment_start_resp.started,experiment_start_resp.keys,experiment_start_resp.rt,instr.started,key_resp_14.started,key_resp_14.keys,key_resp_14.rt,text_13.started,comp_label1_location,comp_label2_location,first_image.started,image_comp.started,text_14.started,label_right.started,key_resp_16.started,text_15.started,text_16.started,first_image.stopped,key_resp_16.keys,key_resp_16.rt,participant,session,date,expName,psychopyVersion,frameRate,
,,,,,,,,,,,,,,,,,,,,,,,,,9.094152399979066,9.094152399979066,space,1.2833135999972,,,,,,,,,,,,,,,,,,,,,,,,,,407574,001,2023-08-26_17h30.45.672,Recognizability_SONA,2022.2.5,60.845644950107676,
,,,,,,,,,,,,,,,,,,,,,,,,,,,,,10.426694400026463,10.426694400026463,space,0.532899699988775,,,,,,,,,,,,,,,,,,,,,,407574,001,2023-08-26_17h30.45.672,Recognizability_SONA,2022.2.5,60.845644950107676,
,,,,,,,,,,,,,,,,,,,,,,,,,,,,,,,,,10.97671940003056,10.97671940003056,space,0.44098390004364774,,,,,,,,,,,,,,,,,,407574,001,2023-08-26_17h30.45.672,Recognizability_SONA,2022.2.5,60.845644950107676,
,,,,,,,,,,,,,,,,,,,,,,,,,,,,,,,,,,,,,11.44337460002862,11.44337460002862,space,0.38249119999818504,,,,,,,,,,,,,,407574,001,2023-08-26_17h30.45.672,Recognizability_SONA,2022.2.5,60.845644950107676,
bal,baldan,dan,balnem,nem,stems_all/1_dim_pl.PNG,familiar,dim_pl,stems_all/1.PNG,,,,,,,,,,,,,0,0,0,0,,,,,,,,,,,,,,,,,11.845556400017813,right,left,12.876746300025843,13.02675730001647,13.02675730001647,13.02675730001647,13.02675730001647,13.02675730001647,13.02675730001647,13.076759700023104,left,8.322228300035931,407574,001,2023-08-26_17h30.45.672,Recognizability_SONA,2022.2.5,60.845644950107676,
berko,berkonem,nem,berkodan,dan,stems_all/2_dim_pl.PNG,familiar,dim_pl,stems_all/2.PNG,,,,,,,,,,,,,0,1,1,1,,,,,,,,,,,,,,,,,,left,right,21.393528599990532,21.56017630000133,21.56017630000133,21.56017630000133,21.56017630000133,21.56017630000133,21.56017630000133,21.5935231000185,left,5.294027300027665,407574,001,2023-08-26_17h30.45.672,Recognizability_SONA,2022.2.5,60.845644950107676,
kora,koradan,dan,koranem,nem,stems_all/3_dim_pl.PNG,familiar,dim_pl,stems_all/3.PNG,,,,,,,,,,,,,0,2,2,2,,,,,,,,,,,,,,,,,,left,right,26.89353400003165,27.060355200024787,27.060355200024787,27.060355200024787,27.060355200024787,27.060355200024787,27.060355200024787,27.093580499989912,left,1.461297400004696,407574,001,2023-08-26_17h30.45.672,Recognizability_SONA,2022.2.5,60.845644950107676,
bassi,bassinem,nem,bassidan,dan,stems_all/16_dim_pl.PNG,novel,dim_pl,stems_all/16.PNG,,,,,,,,,,,,,0,3,3,3,,,,,,,,,,,,,,,,,,left,right,28.543549499998335,28.72688959998777,28.72688959998777,28.72688959998777,28.72688959998777,28.72688959998777,28.72688959998777,28.7436017,left,1.0170218999846838,407574,001,2023-08-26_17h30.45.672,Recognizability_SONA,2022.2.5,60.845644950107676,
lucko,luckodan,dan,luckonem,nem,stems_all/17_dim_pl.PNG,novel,dim_pl,stems_all/17.PNG,,,,,,,,,,,,,0,4,4,4,,,,,,,,,,,,,,,,,,left,right,29.776924600009806,29.960389400017448,29.960389400017448,29.960389400017448,29.960389400017448,29.960389400017448,29.960389400017448,29.976935799990315,left,1.0898350000497885,407574,001,2023-08-26_17h30.45.672,Recognizability_SONA,2022.2.5,60.845644950107676,
runde,rundenem,nem,rundedan,dan,stems_all/18_dim_pl.PNG,novel,dim_pl,stems_all/18.PNG,,,,,,,,,,,,,0,5,5,5,,,,,,,,,,,,,,,,,,right,left,31.0769376999815,31.26030439999886,31.26030439999886,31.26030439999886,31.26030439999886,31.26030439999886,31.26030439999886,31.27695720002521,left,1.9853544000070542,407574,001,2023-08-26_17h30.45.672,Recognizability_SONA,2022.2.5,60.845644950107676,
bal,balnem,nem,balshoon,shoon,stems_all/1_dim_pl.PNG,familiar,dim_pl,stems_all/1.PNG,,,,,,,,,,,,,0,6,6,6,,,,,,,,,,,,,,,,,,right,left,33.276968299993314,33.46027749998029,33.46027749998029,33.46027749998029,33.46027749998029,33.46027749998029,33.46027749998029,33.47694139997475,left,2.0168740999652073,407574,001,2023-08-26_17h30.45.672,Recognizability_SONA,2022.2.5,60.845644950107676,
berko,berkoshoon,shoon,berkonem,nem,stems_all/2_dim_pl.PNG,familiar,dim_pl,stems_all/2.PNG,,,,,,,,,,,,,0,7,7,7,,,,,,,,,,,,,,,,,,left,right,35.5108052000287,35.69364479999058,35.69364479999058,35.69364479999058,35.69364479999058,35.69364479999058,35.69364479999058,35.710327100008726,left,0.23261880001518875,407574,001,2023-08-26_17h30.45.672,Recognizability_SONA,2022.2.5,60.845644950107676,
kora,koranem,nem,korashoon,shoon,stems_all/3_dim_pl.PNG,familiar,dim_pl,stems_all/3.PNG,,,,,,,,,,,,,0,8,8,8,,,,,,,,,,,,,,,,,,right,left,35.94364150002366,36.12702800001716,36.12702800001716,36.12702800001716,36.12702800001716,36.12702800001716,36.12702800001716,36.1437085000216,right,0.049290800001472235,407574,001,2023-08-26_17h30.45.672,Recognizability_SONA,2022.2.5,60.845644950107676,
bassi,bassishoon,shoon,bassinem,nem,stems_all/16_dim_pl.PNG,novel,dim_pl,stems_all/16.PNG,,,,,,,,,,,,,0,9,9,9,,,,,,,,,,,,,,,,,,right,left,36.19366629997967,36.37697250000201,36.37697250000201,36.37697250000201,36.37697250000201,36.37697250000201,36.37697250000201,36.39370259997668,right,0.0794090999988839,407574,001,2023-08-26_17h30.45.672,Recognizability_SONA,2022.2.5,60.845644950107676,
lucko,luckonem,nem,luckoshoon,shoon,stems_all/17_dim_pl.PNG,novel,dim_pl,stems_all/17.PNG,,,,,,,,,,,,,0,10,10,10,,,,,,,,,,,,,,,,,,right,left,36.47706330002984,36.67702770000324,36.67702770000324,36.67702770000324,36.67702770000324,36.67702770000324,36.67702770000324,36.67702770000324,right,0.041405800031498075,407574,001,2023-08-26_17h30.45.672,Recognizability_SONA,2022.2.5,60.845644950107676,
runde,rundeshoon,shoon,rundenem,nem,stems_all/18_dim_pl.PNG,novel,dim_pl,stems_all/18.PNG,,,,,,,,,,,,,0,11,11,11,,,,,,,,,,,,,,,,,,right,left,36.74364390003029,36.92700760002481,36.92700760002481,36.92700760002481,36.92700760002481,36.92700760002481,36.92700760002481,36.943710800027475,left,0.11549729999387637,407574,001,2023-08-26_17h30.45.672,Recognizability_SONA,2022.2.5,60.845644950107676,
bal,baldan,dan,balsil,sil,stems_all/1_dim_pl.PNG,familiar,dim_pl,stems_all/1.PNG,,,,,,,,,,,,,0,12,12,12,,,,,,,,,,,,,,,,,,right,left,37.06032079999568,37.24367820000043,37.24367820000043,37.24367820000043,37.24367820000043,37.24367820000043,37.24367820000043,37.260392100026365,right,0.14188970002578571,407574,001,2023-08-26_17h30.45.672,Recognizability_SONA,2022.2.5,60.845644950107676,
berko,berkosil,sil,berkodan,dan,stems_all/2_dim_pl.PNG,familiar,dim_pl,stems_all/2.PNG,,,,,,,,,,,,,0,13,13,13,,,,,,,,,,,,,,,,,,left,right,37.42704739997862,37.5936865999829,37.5936865999829,37.5936865999829,37.5936865999829,37.5936865999829,37.5936865999829,37.643697799998336,right,0.005959200032521039,407574,001,2023-08-26_17h30.45.672,Recognizability_SONA,2022.2.5,60.845644950107676,
kora,koradan,dan,korasil,sil,stems_all/3_dim_pl.PNG,familiar,dim_pl,stems_all/3.PNG,,,,,,,,,,,,,0,14,14,14,,,,,,,,,,,,,,,,,,left,right,37.643697799998336,37.810346900019795,37.810346900019795,37.810346900019795,37.810346900019795,37.810346900019795,37.810346900019795,37.84369260002859,left,0.15241969999624416,407574,001,2023-08-26_17h30.45.672,Recognizability_SONA,2022.2.5,60.845644950107676,
bassi,bassisil,sil,bassidan,dan,stems_all/16_dim_pl.PNG,novel,dim_pl,stems_all/16.PNG,,,,,,,,,,,,,0,15,15,15,,,,,,,,,,,,,,,,,,right,left,37.99464119999902,38.17699459998403,38.17699459998403,38.17699459998403,38.17699459998403,38.17699459998403,38.17699459998403,38.193852700002026,left,0.11881509999511763,407574,001,2023-08-26_17h30.45.672,Recognizability_SONA,2022.2.5,60.845644950107676,
lucko,luckodan,dan,luckosil,sil,stems_all/17_dim_pl.PNG,novel,dim_pl,stems_all/17.PNG,,,,,,,,,,,,,0,16,16,16,,,,,,,,,,,,,,,,,,right,left,38.32699899998261,38.510372299992014,38.510372299992014,38.510372299992014,38.510372299992014,38.510372299992014,38.510372299992014,38.52704900002573,left,0.09249690000433475,407574,001,2023-08-26_17h30.45.672,Recognizability_SONA,2022.2.5,60.845644950107676,
runde,rundesil,sil,rundedan,dan,stems_all/18_dim_pl.PNG,novel,dim_pl,stems_all/18.PNG,,,,,,,,,,,,,0,17,17,17,,,,,,,,,,,,,,,,,,right,left,38.62701430002926,38.810347000020556,38.810347000020556,38.810347000020556,38.810347000020556,38.810347000020556,38.810347000020556,38.82703849999234,left,0.09063300001434982,407574,001,2023-08-26_17h30.45.672,Recognizability_SONA,2022.2.5,60.845644950107676,
bal,balnem,nem,baldan,dan,stems_all/1_dim_sg.PNG,familiar,dim_sg,stems_all/1.PNG,,,,,,,,,,,,,0,18,18,18,,,,,,,,,,,,,,,,,,left,right,38.92700349999359,39.11037479998777,39.11037479998777,39.11037479998777,39.11037479998777,39.11037479998777,39.11037479998777,39.12703869998222,right,0.14964379998855293,407574,001,2023-08-26_17h30.45.672,Recognizability_SONA,2022.2.5,60.845644950107676,
berko,berkodan,dan,berkonem,nem,stems_all/2_dim_sg.PNG,familiar,dim_sg,stems_all/2.PNG,,,,,,,,,,,,,0,19,19,19,,,,,,,,,,,,,,,,,,left,right,39.277044799993746,39.460376299975906,39.460376299975906,39.460376299975906,39.460376299975906,39.460376299975906,39.460376299975906,39.47701869998127,right,0.13973900000564754,407574,001,2023-08-26_17h30.45.672,Recognizability_SONA,2022.2.5,60.845644950107676,
kora,koranem,nem,koradan,dan,stems_all/3_dim_sg.PNG,familiar,dim_sg,stems_all/3.PNG,,,,,,,,,,,,,0,20,20,20,,,,,,,,,,,,,,,,,,left,right,39.62702030001674,39.810349599982146,39.810349599982146,39.810349599982146,39.810349599982146,39.810349599982146,39.810349599982146,39.827058400027454,left,0.13485619996208698,407574,001,2023-08-26_17h30.45.672,Recognizability_SONA,2022.2.5,60.845644950107676,
bassi,bassidan,dan,bassinem,nem,stems_all/16_dim_sg.PNG,novel,dim_sg,stems_all/16.PNG,,,,,,,,,,,,,0,21,21,21,,,,,,,,,,,,,,,,,,right,left,39.97705729998415,40.16041660000337,40.16041660000337,40.16041660000337,40.16041660000337,40.16041660000337,40.16041660000337,40.17703000002075,left,0.09085229999618605,407574,001,2023-08-26_17h30.45.672,Recognizability_SONA,2022.2.5,60.845644950107676,
lucko,luckonem,nem,luckodan,dan,stems_all/17_dim_sg.PNG,novel,dim_sg,stems_all/17.PNG,,,,,,,,,,,,,0,22,22,22,,,,,,,,,,,,,,,,,,left,right,40.277051399985794,40.46038160001626,40.46038160001626,40.46038160001626,40.46038160001626,40.46038160001626,40.46038160001626,40.47702849999769,left,0.01387819997034967,407574,001,2023-08-26_17h30.45.672,Recognizability_SONA,2022.2.5,60.845644950107676,
runde,rundedan,dan,rundenem,nem,stems_all/18_dim_sg.PNG,novel,dim_sg,stems_all/18.PNG,,,,,,,,,,,,,0,23,23,23,,,,,,,,,,,,,,,,,,left,right,40.51040820003254,40.677043100004084,40.677043100004084,40.677043100004084,40.677043100004084,40.677043100004084,40.677043100004084,40.71061499998905,left,0.1573398999753408,407574,001,2023-08-26_17h30.45.672,Recognizability_SONA,2022.2.5,60.845644950107676,
bal,balshoon,shoon,balnem,nem,stems_all/1_dim_sg.PNG,familiar,dim_sg,stems_all/1.PNG,,,,,,,,,,,,,0,24,24,24,,,,,,,,,,,,,,,,,,right,left,40.86036500002956,41.04369560000487,41.04369560000487,41.04369560000487,41.04369560000487,41.04369560000487,41.04369560000487,41.060428600001615,left,0.08775060001062229,407574,001,2023-08-26_17h30.45.672,Recognizability_SONA,2022.2.5,60.845644950107676,
berko,berkonem,nem,berkoshoon,shoon,stems_all/2_dim_sg.PNG,familiar,dim_sg,stems_all/2.PNG,,,,,,,,,,,,,0,25,25,25,,,,,,,,,,,,,,,,,,left,right,41.160364700015634,41.34370119997766,41.34370119997766,41.34370119997766,41.34370119997766,41.34370119997766,41.34370119997766,41.36042240000097,left,0.025811499974224716,407574,001,2023-08-26_17h30.45.672,Recognizability_SONA,2022.2.5,60.845644950107676,
kora,korashoon,shoon,koranem,nem,stems_all/3_dim_sg.PNG,familiar,dim_sg,stems_all/3.PNG,,,,,,,,,,,,,0,26,26,26,,,,,,,,,,,,,,,,,,right,left,41.39374139998108,41.57704140001442,41.57704140001442,41.57704140001442,41.57704140001442,41.57704140001442,41.57704140001442,41.593740099982824,left,0.05652500002179295,407574,001,2023-08-26_17h30.45.672,Recognizability_SONA,2022.2.5,60.845644950107676,
bassi,bassinem,nem,bassishoon,shoon,stems_all/16_dim_sg.PNG,novel,dim_sg,stems_all/16.PNG,,,,,,,,,,,,,0,27,27,27,,,,,,,,,,,,,,,,,,right,left,41.66037380002672,41.84371009998722,41.84371009998722,41.84371009998722,41.84371009998722,41.84371009998722,41.84371009998722,41.860404399980325,left,0.045903599995654076,407574,001,2023-08-26_17h30.45.672,Recognizability_SONA,2022.2.5,60.845644950107676,
lucko,luckoshoon,shoon,luckonem,nem,stems_all/17_dim_sg.PNG,novel,dim_sg,stems_all/17.PNG,,,,,,,,,,,,,0,28,28,28,,,,,,,,,,,,,,,,,,right,left,41.910387800016906,42.093743000004906,42.093743000004906,42.093743000004906,42.093743000004906,42.093743000004906,42.093743000004906,42.11040469998261,left,0.016923899995163083,407574,001,2023-08-26_17h30.45.672,Recognizability_SONA,2022.2.5,60.845644950107676,
runde,rundenem,nem,rundeshoon,shoon,stems_all/18_dim_sg.PNG,novel,dim_sg,stems_all/18.PNG,,,,,,,,,,,,,0,29,29,29,,,,,,,,,,,,,,,,,,right,left,42.14372310001636,42.327083399984986,42.327083399984986,42.327083399984986,42.327083399984986,42.327083399984986,42.327083399984986,42.34374809998553,left,0.008650599978864193,407574,001,2023-08-26_17h30.45.672,Recognizability_SONA,2022.2.5,60.845644950107676,
bal,balnem,nem,baldan,dan,stems_all/1_2.PNG,familiar,big,stems_all/1.PNG,,,,,,,,,,,,,0,30,30,30,,,,,,,,,,,,,,,,,,right,left,42.37707440002123,42.543758400017396,42.543758400017396,42.543758400017396,42.543758400017396,42.543758400017396,42.543758400017396,42.57705070002703,left,0.025074300006963313,407574,001,2023-08-26_17h30.45.672,Recognizability_SONA,2022.2.5,60.845644950107676,
berko,berkodan,dan,berkonem,nem,stems_all/2_2.PNG,familiar,big,stems_all/2.PNG,,,,,,,,,,,,,0,31,31,31,,,,,,,,,,,,,,,,,,right,left,42.5937173999846,42.77706270001363,42.77706270001363,42.77706270001363,42.77706270001363,42.77706270001363,42.77706270001363,42.793743600021116,left,0.033757600001990795,407574,001,2023-08-26_17h30.45.672,Recognizability_SONA,2022.2.5,60.845644950107676,
kora,koranem,nem,koradan,dan,stems_all/3_2.PNG,familiar,big,stems_all/3.PNG,,,,,,,,,,,,,0,32,32,32,,,,,,,,,,,,,,,,,,right,left,42.84372499998426,43.02707240002928,43.02707240002928,43.02707240002928,43.02707240002928,43.02707240002928,43.02707240002928,43.04372020001756,left,0.018971399986185133,407574,001,2023-08-26_17h30.45.672,Recognizability_SONA,2022.2.5,60.845644950107676,
bassi,bassidan,dan,bassinem,nem,stems_all/16_2.PNG,novel,big,stems_all/16.PNG,,,,,,,,,,,,,0,33,33,33,,,,,,,,,,,,,,,,,,right,left,43.07879780000076,43.2604113999987,43.2604113999987,43.2604113999987,43.2604113999987,43.2604113999987,43.2604113999987,43.29375309997704,left,0.11754539998946711,407574,001,2023-08-26_17h30.45.672,Recognizability_SONA,2022.2.5,60.845644950107676,
lucko,luckonem,nem,luckodan,dan,stems_all/17_2.PNG,novel,big,stems_all/17.PNG,,,,,,,,,,,,,0,34,34,34,,,,,,,,,,,,,,,,,,right,left,43.4103921999922,43.59376469999552,43.59376469999552,43.59376469999552,43.59376469999552,43.59376469999552,43.59376469999552,43.610424800019246,left,0.03124250000109896,407574,001,2023-08-26_17h30.45.672,Recognizability_SONA,2022.2.5,60.845644950107676,
runde,rundedan,dan,rundenem,nem,stems_all/18_2.PNG,novel,big,stems_all/18.PNG,,,,,,,,,,,,,0,35,35,35,,,,,,,,,,,,,,,,,,right,left,43.643755300028715,43.82713119999971,43.82713119999971,43.82713119999971,43.82713119999971,43.82713119999971,43.82713119999971,43.84376780001912,left,0.045915799972135574,407574,001,2023-08-26_17h30.45.672,Recognizability_SONA,2022.2.5,60.845644950107676,
bal,balsil,sil,baldan,dan,stems_all/1_2.PNG,familiar,big,stems_all/1.PNG,,,,,,,,,,,,,0,36,36,36,,,,,,,,,,,,,,,,,,right,left,43.89460100000724,44.077084099990316,44.077084099990316,44.077084099990316,44.077084099990316,44.077084099990316,44.077084099990316,44.09376439999323,left,0.009072399989236146,407574,001,2023-08-26_17h30.45.672,Recognizability_SONA,2022.2.5,60.845644950107676,
berko,berkodan,dan,berkosil,sil,stems_all/2_2.PNG,familiar,big,stems_all/2.PNG,,,,,,,,,,,,,0,37,37,37,,,,,,,,,,,,,,,,,,right,left,44.12709189997986,44.293754999991506,44.293754999991506,44.293754999991506,44.293754999991506,44.293754999991506,44.293754999991506,44.32752839999739,left,0.016388999996706843,407574,001,2023-08-26_17h30.45.672,Recognizability_SONA,2022.2.5,60.845644950107676,
kora,korasil,sil,koradan,dan,stems_all/3_2.PNG,familiar,big,stems_all/3.PNG,,,,,,,,,,,,,0,38,38,38,,,,,,,,,,,,,,,,,,right,left,44.32752839999739,44.510404800006654,44.510404800006654,44.510404800006654,44.510404800006654,44.510404800006654,44.510404800006654,44.527119799982756,left,0.03481419995659962,407574,001,2023-08-26_17h30.45.672,Recognizability_SONA,2022.2.5,60.845644950107676,
bassi,bassidan,dan,bassisil,sil,stems_all/16_2.PNG,novel,big,stems_all/16.PNG,,,,,,,,,,,,,0,39,39,39,,,,,,,,,,,,,,,,,,left,right,44.57819059997564,44.760441299993545,44.760441299993545,44.760441299993545,44.760441299993545,44.760441299993545,44.760441299993545,44.79379889997654,left,0.01785060000838712,407574,001,2023-08-26_17h30.45.672,Recognizability_SONA,2022.2.5,60.845644950107676,
lucko,luckosil,sil,luckodan,dan,stems_all/17_2.PNG,novel,big,stems_all/17.PNG,,,,,,,,,,,,,0,40,40,40,,,,,,,,,,,,,,,,,,left,right,44.81045119999908,44.99377749999985,44.99377749999985,44.99377749999985,44.99377749999985,44.99377749999985,44.99377749999985,45.01043680001749,left,0.0315221999771893,407574,001,2023-08-26_17h30.45.672,Recognizability_SONA,2022.2.5,60.845644950107676,
runde,rundedan,dan,rundesil,sil,stems_all/18_2.PNG,novel,big,stems_all/18.PNG,,,,,,,,,,,,,0,41,41,41,,,,,,,,,,,,,,,,,,right,left,45.043779900006484,45.22709509998094,45.22709509998094,45.22709509998094,45.22709509998094,45.22709509998094,45.22709509998094,45.243918300024234,left,0.04028959997231141,407574,001,2023-08-26_17h30.45.672,Recognizability_SONA,2022.2.5,60.845644950107676,
bal,baldan,dan,balnem,nem,stems_all/1_dim_pl.PNG,familiar,dim_pl,stems_all/1.PNG,,,,,,,,,,,,,1,0,42,0,,,,,,,,,,,,,,,,,,left,right,45.29400719999103,45.47710429999279,45.47710429999279,45.47710429999279,45.47710429999279,45.47710429999279,45.47710429999279,45.49377549998462,left,0.02935329999309033,407574,001,2023-08-26_17h30.45.672,Recognizability_SONA,2022.2.5,60.845644950107676,
berko,berkonem,nem,berkodan,dan,stems_all/2_dim_pl.PNG,familiar,dim_pl,stems_all/2.PNG,,,,,,,,,,,,,1,1,43,1,,,,,,,,,,,,,,,,,,left,right,45.5274149000179,45.71042509999825,45.71042509999825,45.71042509999825,45.71042509999825,45.71042509999825,45.71042509999825,45.72711769997841,left,0.04507770005147904,407574,001,2023-08-26_17h30.45.672,Recognizability_SONA,2022.2.5,60.845644950107676,
kora,koradan,dan,koranem,nem,stems_all/3_dim_pl.PNG,familiar,dim_pl,stems_all/3.PNG,,,,,,,,,,,,,1,2,44,2,,,,,,,,,,,,,,,,,,right,left,45.77707800001372,45.96044569998048,45.96044569998048,45.96044569998048,45.96044569998048,45.96044569998048,45.96044569998048,45.977088499988895,left,0.055116400006227195,407574,001,2023-08-26_17h30.45.672,Recognizability_SONA,2022.2.5,60.845644950107676,
bassi,bassinem,nem,bassidan,dan,stems_all/16_dim_pl.PNG,novel,dim_pl,stems_all/16.PNG,,,,,,,,,,,,,1,3,45,3,,,,,,,,,,,,,,,,,,right,left,46.043743500020355,46.227086000028066,46.227086000028066,46.227086000028066,46.227086000028066,46.227086000028066,46.227086000028066,46.24378010001965,left,0.5696672999765724,407574,001,2023-08-26_17h30.45.672,Recognizability_SONA,2022.2.5,60.845644950107676,
lucko,luckodan,dan,luckonem,nem,stems_all/17_dim_pl.PNG,novel,dim_pl,stems_all/17.PNG,,,,,,,,,,,,,1,4,46,4,,,,,,,,,,,,,,,,,,right,left,46.8271020000102,47.01042910001706,47.01042910001706,47.01042910001706,47.01042910001706,47.01042910001706,47.01042910001706,47.027129900001455,left,1.0056269000051543,407574,001,2023-08-26_17h30.45.672,Recognizability_SONA,2022.2.5,60.845644950107676,
runde,rundenem,nem,rundedan,dan,stems_all/18_dim_pl.PNG,novel,dim_pl,stems_all/18.PNG,,,,,,,,,,,,,1,5,47,5,,,,,,,,,,,,,,,,,,right,left,48.043775200028904,48.22711729997536,48.22711729997536,48.22711729997536,48.22711729997536,48.22711729997536,48.22711729997536,48.24382059997879,left,0.9521660000318661,407574,001,2023-08-26_17h30.45.672,Recognizability_SONA,2022.2.5,60.845644950107676,
bal,balnem,nem,balshoon,shoon,stems_all/1_dim_pl.PNG,familiar,dim_pl,stems_all/1.PNG,,,,,,,,,,,,,1,6,48,6,,,,,,,,,,,,,,,,,,left,right,49.210487200005446,49.393796399992425,49.393796399992425,49.393796399992425,49.393796399992425,49.393796399992425,49.393796399992425,49.41048680001404,right,0.942752200004179,407574,001,2023-08-26_17h30.45.672,Recognizability_SONA,2022.2.5,60.845644950107676,
berko,berkoshoon,shoon,berkonem,nem,stems_all/2_dim_pl.PNG,familiar,dim_pl,stems_all/2.PNG,,,,,,,,,,,,,1,7,49,7,,,,,,,,,,,,,,,,,,right,left,50.3604557000217,50.54384860000573,50.54384860000573,50.54384860000573,50.54384860000573,50.54384860000573,50.54384860000573,50.560592900030315,left,0.787924500007648,407574,001,2023-08-26_17h30.45.672,Recognizability_SONA,2022.2.5,60.845644950107676,
kora,koranem,nem,korashoon,shoon,stems_all/3_dim_pl.PNG,familiar,dim_pl,stems_all/3.PNG,,,,,,,,,,,,,1,8,50,8,,,,,,,,,,,,,,,,,,right,left,51.36047050001798,51.543860899982974,51.543860899982974,51.543860899982974,51.543860899982974,51.543860899982974,51.543860899982974,51.56050800002413,left,0.7511391000007279,407574,001,2023-08-26_17h30.45.672,Recognizability_SONA,2022.2.5,60.845644950107676,
bassi,bassishoon,shoon,bassinem,nem,stems_all/16_dim_pl.PNG,novel,dim_pl,stems_all/16.PNG,,,,,,,,,,,,,1,9,51,9,,,,,,,,,,,,,,,,,,right,left,52.32793520000996,52.51049389998661,52.51049389998661,52.51049389998661,52.51049389998661,52.51049389998661,52.51049389998661,52.52719719999004,right,0.6967096000444144,407574,001,2023-08-26_17h30.45.672,Recognizability_SONA,2022.2.5,60.845644950107676,
lucko,luckonem,nem,luckoshoon,shoon,stems_all/17_dim_pl.PNG,novel,dim_pl,stems_all/17.PNG,,,,,,,,,,,,,1,10,52,10,,,,,,,,,,,,,,,,,,right,left,53.22716200002469,53.410513299982995,53.410513299982995,53.410513299982995,53.410513299982995,53.410513299982995,53.410513299982995,53.42720310000004,left,0.5598674999782816,407574,001,2023-08-26_17h30.45.672,Recognizability_SONA,2022.2.5,60.845644950107676,
runde,rundeshoon,shoon,rundenem,nem,stems_all/18_dim_pl.PNG,novel,dim_pl,stems_all/18.PNG,,,,,,,,,,,,,1,11,53,11,,,,,,,,,,,,,,,,,,left,right,53.99386679998133,54.177210699999705,54.177210699999705,54.177210699999705,54.177210699999705,54.177210699999705,54.177210699999705,54.19389689998934,left,0.5033214999712072,407574,001,2023-08-26_17h30.45.672,Recognizability_SONA,2022.2.5,60.845644950107676,
bal,baldan,dan,balsil,sil,stems_all/1_dim_pl.PNG,familiar,dim_pl,stems_all/1.PNG,,,,,,,,,,,,,1,12,54,12,,,,,,,,,,,,,,,,,,left,right,54.710541900014505,54.893885700032115,54.893885700032115,54.893885700032115,54.893885700032115,54.893885700032115,54.893885700032115,54.910522199992556,left,0.4207561999792233,407574,001,2023-08-26_17h30.45.672,Recognizability_SONA,2022.2.5,60.845644950107676,
berko,berkosil,sil,berkodan,dan,stems_all/2_dim_pl.PNG,familiar,dim_pl,stems_all/2.PNG,,,,,,,,,,,,,1,13,55,13,,,,,,,,,,,,,,,,,,left,right,55.36055949999718,55.527186100021936,55.527186100021936,55.527186100021936,55.527186100021936,55.527186100021936,55.527186100021936,55.560528600006364,left,0.3135805999627337,407574,001,2023-08-26_17h30.45.672,Recognizability_SONA,2022.2.5,60.845644950107676,
kora,koradan,dan,korasil,sil,stems_all/3_dim_pl.PNG,familiar,dim_pl,stems_all/3.PNG,,,,,,,,,,,,,1,14,56,14,,,,,,,,,,,,,,,,,,left,right,55.87723470001947,56.04387699998915,56.04387699998915,56.04387699998915,56.04387699998915,56.04387699998915,56.04387699998915,56.0772487000213,right,0.2200177000486292,407574,001,2023-08-26_17h30.45.672,Recognizability_SONA,2022.2.5,60.845644950107676,
bassi,bassisil,sil,bassidan,dan,stems_all/16_dim_pl.PNG,novel,dim_pl,stems_all/16.PNG,,,,,,,,,,,,,1,15,57,15,,,,,,,,,,,,,,,,,,right,left,56.29392199998256,56.477262300031725,56.477262300031725,56.477262300031725,56.477262300031725,56.477262300031725,56.477262300031725,56.493871700018644,right,0.41073929995764047,407574,001,2023-08-26_17h30.45.672,Recognizability_SONA,2022.2.5,60.845644950107676,
lucko,luckodan,dan,luckosil,sil,stems_all/17_dim_pl.PNG,novel,dim_pl,stems_all/17.PNG,,,,,,,,,,,,,1,16,58,16,,,,,,,,,,,,,,,,,,left,right,56.91058050002903,57.09388380002929,57.09388380002929,57.09388380002929,57.09388380002929,57.09388380002929,57.09388380002929,57.110577500017826,right,0.3772830999805592,407574,001,2023-08-26_17h30.45.672,Recognizability_SONA,2022.2.5,60.845644950107676,
runde,rundesil,sil,rundedan,dan,stems_all/18_dim_pl.PNG,novel,dim_pl,stems_all/18.PNG,,,,,,,,,,,,,1,17,59,17,,,,,,,,,,,,,,,,,,right,left,57.49406749999616,57.67734910000581,57.67734910000581,57.67734910000581,57.67734910000581,57.67734910000581,57.67734910000581,57.69401320000179,left,0.3249428999843076,407574,001,2023-08-26_17h30.45.672,Recognizability_SONA,2022.2.5,60.845644950107676,
bal,balnem,nem,baldan,dan,stems_all/1_dim_sg.PNG,familiar,dim_sg,stems_all/1.PNG,,,,,,,,,,,,,1,18,60,18,,,,,,,,,,,,,,,,,,right,left,58.027349399984814,58.210679800016806,58.210679800016806,58.210679800016806,58.210679800016806,58.210679800016806,58.210679800016806,58.22728539997479,right,0.3727385000092909,407574,001,2023-08-26_17h30.45.672,Recognizability_SONA,2022.2.5,60.845644950107676,
berko,berkodan,dan,berkonem,nem,stems_all/2_dim_sg.PNG,familiar,dim_sg,stems_all/2.PNG,,,,,,,,,,,,,1,19,61,19,,,,,,,,,,,,,,,,,,right,left,58.610609300027136,58.79401930002496,58.79401930002496,58.79401930002496,58.79401930002496,58.79401930002496,58.79401930002496,58.81059250002727,left,1.0296811999869533,407574,001,2023-08-26_17h30.45.672,Recognizability_SONA,2022.2.5,60.845644950107676,
kora,koranem,nem,koradan,dan,stems_all/3_dim_sg.PNG,familiar,dim_sg,stems_all/3.PNG,,,,,,,,,,,,,1,20,62,20,,,,,,,,,,,,,,,,,,right,left,59.84391699999105,60.02725129999453,60.02725129999453,60.02725129999453,60.02725129999453,60.02725129999453,60.02725129999453,60.04394589998992,left,2.8921572999679483,407574,001,2023-08-26_17h30.45.672,Recognizability_SONA,2022.2.5,60.845644950107676,
bassi,bassidan,dan,bassinem,nem,stems_all/16_dim_sg.PNG,novel,dim_sg,stems_all/16.PNG,,,,,,,,,,,,,1,21,63,21,,,,,,,,,,,,,,,,,,left,right,62.9439722999814,63.12728930002777,63.12728930002777,63.12728930002777,63.12728930002777,63.12728930002777,63.12728930002777,63.14398659998551,left,1.0534218000248075,407574,001,2023-08-26_17h30.45.672,Recognizability_SONA,2022.2.5,60.845644950107676,
lucko,luckonem,nem,luckodan,dan,stems_all/17_dim_sg.PNG,novel,dim_sg,stems_all/17.PNG,,,,,,,,,,,,,1,22,64,22,,,,,,,,,,,,,,,,,,right,left,64.21066129999235,64.39399660000345,64.39399660000345,64.39399660000345,64.39399660000345,64.39399660000345,64.39399660000345,64.41063080000458,left,0.5969431000412442,407574,001,2023-08-26_17h30.45.672,Recognizability_SONA,2022.2.5,60.845644950107676,
runde,rundedan,dan,rundenem,nem,stems_all/18_dim_sg.PNG,novel,dim_sg,stems_all/18.PNG,,,,,,,,,,,,,1,23,65,23,,,,,,,,,,,,,,,,,,left,right,65.01066279999213,65.19406690000324,65.19406690000324,65.19406690000324,65.19406690000324,65.19406690000324,65.19406690000324,65.21064639999531,left,0.48796360002597794,407574,001,2023-08-26_17h30.45.672,Recognizability_SONA,2022.2.5,60.845644950107676,
bal,balshoon,shoon,balnem,nem,stems_all/1_dim_sg.PNG,familiar,dim_sg,stems_all/1.PNG,,,,,,,,,,,,,1,24,66,24,,,,,,,,,,,,,,,,,,right,left,65.71068489999743,65.8940111999982,65.8940111999982,65.8940111999982,65.8940111999982,65.8940111999982,65.8940111999982,65.9106498999754,left,0.4191620000055991,407574,001,2023-08-26_17h30.45.672,Recognizability_SONA,2022.2.5,60.845644950107676,
berko,berkonem,nem,berkoshoon,shoon,stems_all/2_dim_sg.PNG,familiar,dim_sg,stems_all/2.PNG,,,,,,,,,,,,,1,25,67,25,,,,,,,,,,,,,,,,,,right,left,66.34405160002643,66.52736140001798,66.52736140001798,66.52736140001798,66.52736140001798,66.52736140001798,66.52736140001798,66.54402770003071,left,0.48898030002601445,407574,001,2023-08-26_17h30.45.672,Recognizability_SONA,2022.2.5,60.845644950107676,
kora,korashoon,shoon,koranem,nem,stems_all/3_dim_sg.PNG,familiar,dim_sg,stems_all/3.PNG,,,,,,,,,,,,,1,26,68,26,,,,,,,,,,,,,,,,,,left,right,67.04399430000922,67.22752640000544,67.22752640000544,67.22752640000544,67.22752640000544,67.22752640000544,67.22752640000544,67.24445619998733,left,0.39692620001733303,407574,001,2023-08-26_17h30.45.672,Recognizability_SONA,2022.2.5,60.845644950107676,
bassi,bassinem,nem,bassishoon,shoon,stems_all/16_dim_sg.PNG,novel,dim_sg,stems_all/16.PNG,,,,,,,,,,,,,1,27,69,27,,,,,,,,,,,,,,,,,,left,right,67.64407979999669,67.82736870000372,67.82736870000372,67.82736870000372,67.82736870000372,67.82736870000372,67.82736870000372,67.84403909998946,left,0.4412618999485858,407574,001,2023-08-26_17h30.45.672,Recognizability_SONA,2022.2.5,60.845644950107676,
lucko,luckoshoon,shoon,luckonem,nem,stems_all/17_dim_sg.PNG,novel,dim_sg,stems_all/17.PNG,,,,,,,,,,,,,1,28,70,28,,,,,,,,,,,,,,,,,,left,right,68.29400900000473,68.47738489997573,68.47738489997573,68.47738489997573,68.47738489997573,68.47738489997573,68.47738489997573,68.49403350002831,left,0.3503669000347145,407574,001,2023-08-26_17h30.45.672,Recognizability_SONA,2022.2.5,60.845644950107676,
runde,rundenem,nem,rundeshoon,shoon,stems_all/18_dim_sg.PNG,novel,dim_sg,stems_all/18.PNG,,,,,,,,,,,,,1,29,71,29,,,,,,,,,,,,,,,,,,right,left,68.86068119999254,69.04404579999391,69.04404579999391,69.04404579999391,69.04404579999391,69.04404579999391,69.04404579999391,69.06074139999691,left,0.4478948999894783,407574,001,2023-08-26_17h30.45.672,Recognizability_SONA,2022.2.5,60.845644950107676,
bal,balnem,nem,baldan,dan,stems_all/1_2.PNG,familiar,big,stems_all/1.PNG,,,,,,,,,,,,,1,30,72,30,,,,,,,,,,,,,,,,,,left,right,69.5106783999945,69.6940485999803,69.6940485999803,69.6940485999803,69.6940485999803,69.6940485999803,69.6940485999803,69.71074250002857,left,0.5820424999692477,407574,001,2023-08-26_17h30.45.672,Recognizability_SONA,2022.2.5,60.845644950107676,
berko,berkodan,dan,berkonem,nem,stems_all/2_2.PNG,familiar,big,stems_all/2.PNG,,,,,,,,,,,,,1,31,73,31,,,,,,,,,,,,,,,,,,left,right,70.31070000003092,70.4773907000199,70.4773907000199,70.4773907000199,70.4773907000199,70.4773907000199,70.4773907000199,70.51072979997844,left,0.4848611000343226,407574,001,2023-08-26_17h30.45.672,Recognizability_SONA,2022.2.5,60.845644950107676,
kora,koranem,nem,koradan,dan,stems_all/3_2.PNG,familiar,big,stems_all/3.PNG,,,,,,,,,,,,,1,32,74,32,,,,,,,,,,,,,,,,,,left,right,70.99403010000242,71.17743199999677,71.17743199999677,71.17743199999677,71.17743199999677,71.17743199999677,71.17743199999677,71.19408570002997,left,0.4049436000059359,407574,001,2023-08-26_17h30.45.672,Recognizability_SONA,2022.2.5,60.845644950107676,
bassi,bassidan,dan,bassinem,nem,stems_all/16_2.PNG,novel,big,stems_all/16.PNG,,,,,,,,,,,,,1,33,75,33,,,,,,,,,,,,,,,,,,left,right,71.61076270003105,71.79413809999824,71.79413809999824,71.79413809999824,71.79413809999824,71.79413809999824,71.79413809999824,71.81074809998972,left,0.48038459999952465,407574,001,2023-08-26_17h30.45.672,Recognizability_SONA,2022.2.5,60.845644950107676,
lucko,luckonem,nem,luckodan,dan,stems_all/17_2.PNG,novel,big,stems_all/17.PNG,,,,,,,,,,,,,1,34,76,34,,,,,,,,,,,,,,,,,,left,right,72.29405580001185,72.47740650002379,72.47740650002379,72.47740650002379,72.47740650002379,72.47740650002379,72.47740650002379,72.49407920002704,left,0.30624589999206364,407574,001,2023-08-26_17h30.45.672,Recognizability_SONA,2022.2.5,60.845644950107676,
runde,rundedan,dan,rundenem,nem,stems_all/18_2.PNG,novel,big,stems_all/18.PNG,,,,,,,,,,,,,1,35,77,35,,,,,,,,,,,,,,,,,,right,left,72.8107536000316,72.99407780001638,72.99407780001638,72.99407780001638,72.99407780001638,72.99407780001638,72.99407780001638,73.01078860001871,left,0.5517299000057392,407574,001,2023-08-26_17h30.45.672,Recognizability_SONA,2022.2.5,60.845644950107676,
bal,balsil,sil,baldan,dan,stems_all/1_2.PNG,familiar,big,stems_all/1.PNG,,,,,,,,,,,,,1,36,78,36,,,,,,,,,,,,,,,,,,right,left,73.57739729998866,73.76074160001008,73.76074160001008,73.76074160001008,73.76074160001008,73.76074160001008,73.76074160001008,73.77743810001994,left,0.027133200026582927,407574,001,2023-08-26_17h30.45.672,Recognizability_SONA,2022.2.5,60.845644950107676,
,,,,,,,,,,,,,,,,,,,,,,,,,,,,,,,,,,,,,,,,,,left,right,73.8107253999915,73.99406280001858,73.99406280001858,73.99406280001858,73.99406280001858,73.99406280001858,73.99406280001858,74.01079530001152,,,,,,,,,
