﻿select_condition,stem,suffix,label,stem_filename,file,filepath,image_size,demo_info.thisRepN,demo_info.thisTrialN,demo_info.thisN,demo_info.thisIndex,pretraining_plus_test.thisRepN,pretraining_plus_test.thisTrialN,pretraining_plus_test.thisN,pretraining_plus_test.thisIndex,which_condition.thisRepN,which_condition.thisTrialN,which_condition.thisN,which_condition.thisIndex,training_block.thisRepN,training_block.thisTrialN,training_block.thisN,training_block.thisIndex,pretraining,condition,begin_text.started,key_resp_11.started,key_resp_11.keys,key_resp_11.rt,instructions_text.started,key_resp_4.started,key_resp_4.keys,key_resp_4.rt,experiment_start.started,experiment_start_resp.started,experiment_start_resp.keys,experiment_start_resp.rt,image.started,text_11.started,textbox_7.started,key_resp_18.started,textbox_7.text,key_resp_18.keys,key_resp_18.rt,image_8.started,text_17.started,textbox_8.started,text_25.started,image_8.stopped,text_17.stopped,textbox_8.stopped,text_25.stopped,participant,session,date,expName,psychopyVersion,frameRate,
,,,,,,,,,,,,,,,,,,,,,,,,0,4,13.159485999960452,13.159485999960452,space,0.4690767000429332,,,,,,,,,,,,,,,,,,,,,,,,432480,001,2023-10-04_18h02.25.402,generalizability,2022.2.5,60.062224462884224,
,,,,,,,,,,,,,,,,,,,,,,,,,,,,,,13.675117500126362,13.675117500126362,space,0.5275431999471039,,,,,,,,,,,,,,,,,,,,432480,001,2023-10-04_18h02.25.402,generalizability,2022.2.5,60.062224462884224,
,,,,,,,,,,,,,,,,,,,,,,,,,,,,,,,,,,14.22513010003604,14.22513010003604,space,0.5416607998777181,,,,,,,,,,,,,,,,432480,001,2023-10-04_18h02.25.402,generalizability,2022.2.5,60.062224462884224,
Condition4.csv,berko,dan,berkodan,2,2_2.PNG,stems_all/2_2.PNG,"[0.35, 0.35]",,,,,,,,,0,0,0,0,0,0,0,17,,,,,,,,,,,,,,,15.02516290009953,15.775158300064504,15.775158300064504,15.775158300064504,berkodan,return,22.495928399963304,38.30907840002328,38.30907840002328,38.30907840002328,39.30894420016557,,,,,432480,001,2023-10-04_18h02.25.402,generalizability,2022.2.5,60.062224462884224,
Condition4.csv,kudom,nem,kudomnem,8,8_dim_sg.PNG,stems_all/8_dim_sg.PNG,"[0.2, 0.2]",,,,,,,,,0,0,0,0,0,1,1,7,,,,,,,,,,,,,,,40.2922072999645,41.04218580015004,41.04218580015004,41.04218580015004,kudomnem,return,13.630627199774608,54.692358300089836,54.692358300089836,54.692358300089836,55.69285920006223,55.69285920006223,55.69285920006223,55.69285920006223,56.47572600003332,432480,001,2023-10-04_18h02.25.402,generalizability,2022.2.5,60.062224462884224,
,,,,,,,,,,,,,,,,,,,,,,,,,,,,,,,,,,,,,,56.67574830004014,,,,,,,,,,,,,,,,,,,,,
