﻿demo_info.thisRepN,demo_info.thisTrialN,demo_info.thisN,demo_info.thisIndex,pretraining_plus_test.thisRepN,pretraining_plus_test.thisTrialN,pretraining_plus_test.thisN,pretraining_plus_test.thisIndex,pretraining,condition,begin_text.started,key_resp_11.started,key_resp_11.keys,key_resp_11.rt,consent_image.started,text_10.started,consent_resp.started,consent_resp.keys,consent_resp.rt,demographic_instr.started,text_9.started,key_resp_3.started,key_resp_3.keys,key_resp_3.rt,age_text.started,textbox.started,key_resp_5.started,text_3.started,textbox.text,key_resp_5.keys,key_resp_5.rt,age_text_5.started,textbox_5.started,key_resp_9.started,text_7.started,textbox_5.text,key_resp_9.keys,key_resp_9.rt,age_text_6.started,textbox_6.started,key_resp_10.started,text_8.started,textbox_6.text,key_resp_10.keys,key_resp_10.rt,instructions_text.started,key_resp_4.started,text_31.started,key_resp_4.keys,key_resp_4.rt,experiment_start.started,experiment_start_resp.started,text_32.started,experiment_start_resp.keys,experiment_start_resp.rt,text_23.started,key_resp_24.started,text_30.started,participant,session,date,expName,psychopyVersion,frameRate,
,,,,,,,,0,5,10.285632400307804,10.285632400307804,space,0.6873324001207948,,,,,,,,,,,,,,,,,,,,,,,,,,,,,,,,,,,,,,,,,,,,,476402,001,2023-10-10_12h48.35.118,generalizability,2022.2.5,60.02501839455889,
0,0,0,0,,,,,,,,,,,11.01794800022617,11.01794800022617,11.01794800022617,space,0.639138599857688,11.701251599937677,11.701251599937677,11.701251599937677,space,0.5269585005007684,12.251245100051165,12.251245100051165,12.251245100051165,12.251245100051165, ,return,0.7701495001092553,13.051239100284874,13.051239100284874,13.051239100284874,13.051239100284874,"
",return,0.13518649991601706,13.217929900158197,13.217929900158197,13.217929900158197,13.217929900158197,"
",return,0.14454100001603365,,,,,,,,,,,,,,476402,001,2023-10-10_12h48.35.118,generalizability,2022.2.5,60.02501839455889,
,,,,,,,,,,,,,,,,,,,,,,,,,,,,,,,,,,,,,,,,,,,,,13.401310100220144,18.36799139995128,18.36799139995128,return,0.9588275998830795,,,,,,,,,476402,001,2023-10-10_12h48.35.118,generalizability,2022.2.5,60.02501839455889,
,,,,,,,,,,,,,,,,,,,,,,,,,,,,,,,,,,,,,,,,,,,,,,,,,,19.351330200210214,24.334736899938434,24.334736899938434,return,1.9726581005379558,,,,476402,001,2023-10-10_12h48.35.118,generalizability,2022.2.5,60.02501839455889,
,,,,,,,,,,,,,,,,,,,,,,,,,,,,,,,,,,,,,,,,,,,,,,,,,,,,,,,26.33475340018049,31.318229000084102,31.318229000084102,,,,,,,
