﻿demo_info.thisRepN,demo_info.thisTrialN,demo_info.thisN,demo_info.thisIndex,pretraining_plus_test.thisRepN,pretraining_plus_test.thisTrialN,pretraining_plus_test.thisN,pretraining_plus_test.thisIndex,pretraining_loop.thisRepN,pretraining_loop.thisTrialN,pretraining_loop.thisN,pretraining_loop.thisIndex,stem,label,filepath,image_size,pretraining,condition,begin_text.started,key_resp_11.started,key_resp_11.keys,key_resp_11.rt,instructions_text.started,key_resp_4.started,key_resp_4.keys,key_resp_4.rt,experiment_start.started,experiment_start_resp.started,experiment_start_resp.keys,experiment_start_resp.rt,text_23.started,key_resp_24.started,key_resp_24.keys,key_resp_24.rt,participant,session,date,expName,psychopyVersion,frameRate,
,,,,,,,,,,,,,,,,0,4,8.15769449993968,8.15769449993968,space,1.2231424999190494,,,,,,,,,,,,,482245,001,2023-09-25_00h45.10.446,generalizability,2022.2.5,60.00700881611244,
,,,,,,,,,,,,,,,,,,,,,,9.423572300001979,9.423572300001979,space,0.30930299998726696,,,,,,,,,482245,001,2023-09-25_00h45.10.446,generalizability,2022.2.5,60.00700881611244,
,,,,,,,,,,,,,,,,,,,,,,,,,,9.756958800018765,9.756958800018765,space,0.4980316999135539,,,,,482245,001,2023-09-25_00h45.10.446,generalizability,2022.2.5,60.00700881611244,
,,,,,,,,,,,,,,,,,,,,,,,,,,,,,,10.273645199951716,10.273645199951716,return,0.5074700000695884,,,,,,,
