﻿stem,left_label,left_suffix,right_label,right_suffix,comp_image,comp_condition_stem,comp_condition_suffix,demo_info.thisRepN,demo_info.thisTrialN,demo_info.thisN,demo_info.thisIndex,which_condition.thisRepN,which_condition.thisTrialN,which_condition.thisN,which_condition.thisIndex,production_block.thisRepN,production_block.thisTrialN,production_block.thisN,production_block.thisIndex,comprehension_block.thisRepN,comprehension_block.thisTrialN,comprehension_block.thisN,comprehension_block.thisIndex,begin_text.started,key_resp_11.started,key_resp_11.keys,key_resp_11.rt,instructions_text.started,key_resp_4.started,key_resp_4.keys,key_resp_4.rt,experiment_start.started,experiment_start_resp.started,experiment_start_resp.keys,experiment_start_resp.rt,instr.started,key_resp_14.started,key_resp_14.keys,key_resp_14.rt,text_13.started,text_13.stopped,image_comp.started,text_14.started,label_right.started,key_resp_16.started,text_15.started,key_resp_16.keys,key_resp_16.rt,participant,session,date,expName,psychopyVersion,frameRate,
,,,,,,,,,,,,,,,,,,,,,,,,25.157189699995797,25.157189699995797,space,2.1385161000071093,,,,,,,,,,,,,,,,,,,,,,484640,001,2023-08-26_16h34.07.248,Recognizability_SONA,2022.2.5,60.016912755058755,
,,,,,,,,,,,,,,,,,,,,,,,,,,,,27.339628699992318,27.339628699992318,space,0.44917189999250695,,,,,,,,,,,,,,,,,,484640,001,2023-08-26_16h34.07.248,Recognizability_SONA,2022.2.5,60.016912755058755,
,,,,,,,,,,,,,,,,,,,,,,,,,,,,,,,,27.806267399981152,27.806267399981152,space,0.38862819998757914,,,,,,,,,,,,,,484640,001,2023-08-26_16h34.07.248,Recognizability_SONA,2022.2.5,60.016912755058755,
,,,,,,,,,,,,,,,,,,,,,,,,,,,,,,,,,,,,28.222928699979093,28.222928699979093,space,0.44007409998448566,,,,,,,,,,484640,001,2023-08-26_16h34.07.248,Recognizability_SONA,2022.2.5,60.016912755058755,
bassi,bassidan,dan,bassisil,sil,stems_all/16_2.PNG,novel,big,,,,,,,,,,,,,0,0,0,39,,,,,,,,,,,,,,,,,28.689595499949064,29.706300199963152,29.706300199963152,29.706300199963152,29.706300199963152,29.706300199963152,29.706300199963152,right,4.572041200008243,484640,001,2023-08-26_16h34.07.248,Recognizability_SONA,2022.2.5,60.016912755058755,
bal,balshoon,shoon,balnem,nem,stems_all/1_dim_sg.PNG,familiar,dim_sg,,,,,,,,,,,,,0,1,1,24,,,,,,,,,,,,,,,,,,,34.323032599990256,34.323032599990256,34.323032599990256,34.323032599990256,34.323032599990256,right,13.543326599989086,484640,001,2023-08-26_16h34.07.248,Recognizability_SONA,2022.2.5,60.016912755058755,
kora,koradan,dan,koranem,nem,stems_all/3_dim_pl.PNG,familiar,dim_pl,,,,,,,,,,,,,0,2,2,2,,,,,,,,,,,,,,,,,,,47.88981209998019,47.88981209998019,47.88981209998019,47.88981209998019,47.88981209998019,left,2.0650295999948867,484640,001,2023-08-26_16h34.07.248,Recognizability_SONA,2022.2.5,60.016912755058755,
lucko,luckodan,dan,luckonem,nem,stems_all/17_dim_pl.PNG,novel,dim_pl,,,,,,,,,,,,,0,3,3,4,,,,,,,,,,,,,,,,,,,49.98985979997087,49.98985979997087,49.98985979997087,49.98985979997087,49.98985979997087,left,4.0558900000178255,484640,001,2023-08-26_16h34.07.248,Recognizability_SONA,2022.2.5,60.016912755058755,
bassi,bassidan,dan,bassinem,nem,stems_all/16_dim_sg.PNG,novel,dim_sg,,,,,,,,,,,,,0,4,4,21,,,,,,,,,,,,,,,,,,,54.073229799978435,54.073229799978435,54.073229799978435,54.073229799978435,54.073229799978435,left,1.3458413999760523,484640,001,2023-08-26_16h34.07.248,Recognizability_SONA,2022.2.5,60.016912755058755,
kora,korasil,sil,koradan,dan,stems_all/3_2.PNG,familiar,big,,,,,,,,,,,,,0,5,5,38,,,,,,,,,,,,,,,,,,,55.45656739996048,55.45656739996048,55.45656739996048,55.45656739996048,55.45656739996048,right,0.18655779998516664,484640,001,2023-08-26_16h34.07.248,Recognizability_SONA,2022.2.5,60.016912755058755,
runde,rundedan,dan,rundesil,sil,stems_all/18_2.PNG,novel,big,,,,,,,,,,,,,0,6,6,41,,,,,,,,,,,,,,,,,,,55.689942199969664,55.689942199969664,55.689942199969664,55.689942199969664,55.689942199969664,left,0.11927800002740696,484640,001,2023-08-26_16h34.07.248,Recognizability_SONA,2022.2.5,60.016912755058755,
bal,baldan,dan,balnem,nem,stems_all/1_dim_pl.PNG,familiar,dim_pl,,,,,,,,,,,,,0,7,7,0,,,,,,,,,,,,,,,,,,,55.8565822999808,55.8565822999808,55.8565822999808,55.8565822999808,55.8565822999808,right,0.09063370001967996,484640,001,2023-08-26_16h34.07.248,Recognizability_SONA,2022.2.5,60.016912755058755,
berko,berkodan,dan,berkonem,nem,stems_all/2_2.PNG,familiar,big,,,,,,,,,,,,,0,8,8,31,,,,,,,,,,,,,,,,,,,55.98994080000557,55.98994080000557,55.98994080000557,55.98994080000557,55.98994080000557,left,0.05632789997616783,484640,001,2023-08-26_16h34.07.248,Recognizability_SONA,2022.2.5,60.016912755058755,
runde,rundesil,sil,rundedan,dan,stems_all/18_dim_pl.PNG,novel,dim_pl,,,,,,,,,,,,,0,9,9,17,,,,,,,,,,,,,,,,,,,56.089944699953776,56.089944699953776,56.089944699953776,56.089944699953776,56.089944699953776,right,0.11230010003782809,484640,001,2023-08-26_16h34.07.248,Recognizability_SONA,2022.2.5,60.016912755058755,
lucko,luckonem,nem,luckodan,dan,stems_all/17_dim_sg.PNG,novel,dim_sg,,,,,,,,,,,,,0,10,10,22,,,,,,,,,,,,,,,,,,,56.223232799966354,56.223232799966354,56.223232799966354,56.223232799966354,56.223232799966354,left,0.07003830000758171,484640,001,2023-08-26_16h34.07.248,Recognizability_SONA,2022.2.5,60.016912755058755,
lucko,luckonem,nem,luckoshoon,shoon,stems_all/17_dim_pl.PNG,novel,dim_pl,,,,,,,,,,,,,0,11,11,10,,,,,,,,,,,,,,,,,,,56.32327959995018,56.32327959995018,56.32327959995018,56.32327959995018,56.32327959995018,right,0.1250865000183694,484640,001,2023-08-26_16h34.07.248,Recognizability_SONA,2022.2.5,60.016912755058755,
kora,koranem,nem,koradan,dan,stems_all/3_2.PNG,familiar,big,,,,,,,,,,,,,0,12,12,32,,,,,,,,,,,,,,,,,,,56.4732376000029,56.4732376000029,56.4732376000029,56.4732376000029,56.4732376000029,left,0.0750914000091143,484640,001,2023-08-26_16h34.07.248,Recognizability_SONA,2022.2.5,60.016912755058755,
bal,baldan,dan,balsil,sil,stems_all/1_dim_pl.PNG,familiar,dim_pl,,,,,,,,,,,,,0,13,13,12,,,,,,,,,,,,,,,,,,,56.57323429995449,56.57323429995449,56.57323429995449,56.57323429995449,56.57323429995449,right,0.10712559998501092,484640,001,2023-08-26_16h34.07.248,Recognizability_SONA,2022.2.5,60.016912755058755,
runde,rundeshoon,shoon,rundenem,nem,stems_all/18_dim_pl.PNG,novel,dim_pl,,,,,,,,,,,,,0,14,14,11,,,,,,,,,,,,,,,,,,,56.706583499966655,56.706583499966655,56.706583499966655,56.706583499966655,56.706583499966655,left,0.07980230002431199,484640,001,2023-08-26_16h34.07.248,Recognizability_SONA,2022.2.5,60.016912755058755,
kora,koranem,nem,koradan,dan,stems_all/3_dim_sg.PNG,familiar,dim_sg,,,,,,,,,,,,,0,15,15,20,,,,,,,,,,,,,,,,,,,56.80661729996791,56.80661729996791,56.80661729996791,56.80661729996791,56.80661729996791,right,0.126795900054276,484640,001,2023-08-26_16h34.07.248,Recognizability_SONA,2022.2.5,60.016912755058755,
berko,berkonem,nem,berkoshoon,shoon,stems_all/2_dim_sg.PNG,familiar,dim_sg,,,,,,,,,,,,,0,16,16,25,,,,,,,,,,,,,,,,,,,56.956590299960226,56.956590299960226,56.956590299960226,56.956590299960226,56.956590299960226,left,0.24589639995247126,484640,001,2023-08-26_16h34.07.248,Recognizability_SONA,2022.2.5,60.016912755058755,
lucko,luckodan,dan,luckosil,sil,stems_all/17_dim_pl.PNG,novel,dim_pl,,,,,,,,,,,,,0,17,17,16,,,,,,,,,,,,,,,,,,,57.22328709997237,57.22328709997237,57.22328709997237,57.22328709997237,57.22328709997237,left,0.25435230002040043,484640,001,2023-08-26_16h34.07.248,Recognizability_SONA,2022.2.5,60.016912755058755,
lucko,luckonem,nem,luckodan,dan,stems_all/17_2.PNG,novel,big,,,,,,,,,,,,,0,18,18,34,,,,,,,,,,,,,,,,,,,57.506566199997906,57.506566199997906,57.506566199997906,57.506566199997906,57.506566199997906,left,0.25904780003475025,484640,001,2023-08-26_16h34.07.248,Recognizability_SONA,2022.2.5,60.016912755058755,
bassi,bassinem,nem,bassishoon,shoon,stems_all/16_dim_sg.PNG,novel,dim_sg,,,,,,,,,,,,,0,19,19,27,,,,,,,,,,,,,,,,,,,57.78992259997176,57.78992259997176,57.78992259997176,57.78992259997176,57.78992259997176,left,0.24575979996006936,484640,001,2023-08-26_16h34.07.248,Recognizability_SONA,2022.2.5,60.016912755058755,
runde,rundenem,nem,rundedan,dan,stems_all/18_dim_pl.PNG,novel,dim_pl,,,,,,,,,,,,,0,20,20,5,,,,,,,,,,,,,,,,,,,58.0565929999575,58.0565929999575,58.0565929999575,58.0565929999575,58.0565929999575,left,0.12712269998155534,484640,001,2023-08-26_16h34.07.248,Recognizability_SONA,2022.2.5,60.016912755058755,
lucko,luckosil,sil,luckodan,dan,stems_all/17_2.PNG,novel,big,,,,,,,,,,,,,0,21,21,40,,,,,,,,,,,,,,,,,,,58.20663469994906,58.20663469994906,58.20663469994906,58.20663469994906,58.20663469994906,left,0.12610220001079142,484640,001,2023-08-26_16h34.07.248,Recognizability_SONA,2022.2.5,60.016912755058755,
kora,koranem,nem,korashoon,shoon,stems_all/3_dim_pl.PNG,familiar,dim_pl,,,,,,,,,,,,,0,22,22,8,,,,,,,,,,,,,,,,,,,58.35776119999355,58.35776119999355,58.35776119999355,58.35776119999355,58.35776119999355,right,0.25704769999720156,484640,001,2023-08-26_16h34.07.248,Recognizability_SONA,2022.2.5,60.016912755058755,
