﻿select_condition,stem,suffix,label,stem_filename,file,filepath,demo_info.thisRepN,demo_info.thisTrialN,demo_info.thisN,demo_info.thisIndex,which_condition.thisRepN,which_condition.thisTrialN,which_condition.thisN,which_condition.thisIndex,training_block.thisRepN,training_block.thisTrialN,training_block.thisN,training_block.thisIndex,begin_text.started,key_resp_11.started,key_resp_11.keys,key_resp_11.rt,instructions_text.started,key_resp_4.started,key_resp_4.keys,key_resp_4.rt,experiment_start.started,experiment_start_resp.started,experiment_start_resp.keys,experiment_start_resp.rt,image.started,text_11.started,image.stopped,text_11.stopped,participant,session,date,expName,psychopyVersion,frameRate,
,,,,,,,,,,,,,,,,,,,10.910278000170365,10.910278000170365,space,1.4852497999090701,,,,,,,,,,,,,492727,001,2023-09-06_10h55.42.786,Recognizability_SONA,2022.2.5,None,
,,,,,,,,,,,,,,,,,,,,,,,12.440347800031304,12.440347800031304,space,0.13622270012274384,,,,,,,,,492727,001,2023-09-06_10h55.42.786,Recognizability_SONA,2022.2.5,None,
,,,,,,,,,,,,,,,,,,,,,,,,,,,12.606892300071195,12.606892300071195,space,0.3007177000399679,,,,,492727,001,2023-09-06_10h55.42.786,Recognizability_SONA,2022.2.5,None,
Condition4.csv,bal,nem,balnem,1,1_dim_sg.PNG,stems_all/1_dim_sg.PNG,,,,,0,0,0,0,0,0,0,0,,,,,,,,,,,,,13.159488700097427,13.159488700097427,14.923669200157747,14.923669200157747,492727,001,2023-09-06_10h55.42.786,Recognizability_SONA,2022.2.5,None,
Condition4.csv,berko,nem,berkonem,2,1_dim_sg.PNG,stems_all/1_dim_sg.PNG,,,,,0,0,0,0,0,1,1,1,,,,,,,,,,,,,15.15682250005193,15.15682250005193,16.90682450006716,16.90682450006716,492727,001,2023-09-06_10h55.42.786,Recognizability_SONA,2022.2.5,None,
Condition4.csv,kora,nem,koranem,3,1_dim_sg.PNG,stems_all/1_dim_sg.PNG,,,,,0,0,0,0,0,2,2,2,,,,,,,,,,,,,17.17380310012959,17.17380310012959,18.92400490003638,18.92400490003638,492727,001,2023-09-06_10h55.42.786,Recognizability_SONA,2022.2.5,None,
Condition4.csv,nako,nem,nakonem,4,1_dim_sg.PNG,stems_all/1_dim_sg.PNG,,,,,0,0,0,0,0,3,3,3,,,,,,,,,,,,,19.17367280018516,19.17367280018516,20.924180400092155,20.924180400092155,492727,001,2023-09-06_10h55.42.786,Recognizability_SONA,2022.2.5,None,
Condition4.csv,pipa,nem,pipanem,5,2_dim_sg.PNG,stems_all/2_dim_sg.PNG,,,,,0,0,0,0,0,4,4,4,,,,,,,,,,,,,21.15736270020716,21.15736270020716,22.90685940021649,22.90685940021649,492727,001,2023-09-06_10h55.42.786,Recognizability_SONA,2022.2.5,None,
Condition4.csv,bani,nem,baninem,6,2_dim_sg.PNG,stems_all/2_dim_sg.PNG,,,,,0,0,0,0,0,5,5,5,,,,,,,,,,,,,23.17355310008861,23.17355310008861,24.923623400041834,24.923623400041834,492727,001,2023-09-06_10h55.42.786,Recognizability_SONA,2022.2.5,None,
Condition4.csv,chool,nem,choolnem,7,2_dim_sg.PNG,stems_all/2_dim_sg.PNG,,,,,0,0,0,0,0,6,6,6,,,,,,,,,,,,,25.17372370022349,25.17372370022349,26.923576300032437,26.923576300032437,492727,001,2023-09-06_10h55.42.786,Recognizability_SONA,2022.2.5,None,
Condition4.csv,kudom,nem,kudomnem,8,2_dim_sg.PNG,stems_all/2_dim_sg.PNG,,,,,0,0,0,0,0,7,7,7,,,,,,,,,,,,,27.17368460004218,27.17368460004218,,,492727,001,2023-09-06_10h55.42.786,Recognizability_SONA,2022.2.5,None,
Condition4.csv,osto,nem,ostonem,9,3_dim_sg.PNG,stems_all/3_dim_sg.PNG,,,,,0,0,0,0,0,8,8,8,,,,,,,,,,,,,29.156926000025123,29.156926000025123,30.907064500031993,30.907064500031993,492727,001,2023-09-06_10h55.42.786,Recognizability_SONA,2022.2.5,None,
Condition4.csv,vorke,nem,vorkenem,10,3_dim_sg.PNG,stems_all/3_dim_sg.PNG,,,,,0,0,0,0,0,9,9,9,,,,,,,,,,,,,31.157148100202903,31.157148100202903,32.906951300101355,32.906951300101355,492727,001,2023-09-06_10h55.42.786,Recognizability_SONA,2022.2.5,None,
Condition4.csv,bin,nem,binnem,11,3_dim_sg.PNG,stems_all/3_dim_sg.PNG,,,,,0,0,0,0,0,10,10,10,,,,,,,,,,,,,33.173904800089076,33.173904800089076,34.92380330013111,34.92380330013111,492727,001,2023-09-06_10h55.42.786,Recognizability_SONA,2022.2.5,None,
Condition4.csv,mero,nem,meronem,12,3_dim_sg.PNG,stems_all/3_dim_sg.PNG,,,,,0,0,0,0,0,11,11,11,,,,,,,,,,,,,35.17377290013246,35.17377290013246,36.923758500022814,36.923758500022814,492727,001,2023-09-06_10h55.42.786,Recognizability_SONA,2022.2.5,None,
Condition4.csv,bal,dan,baldan,1,1_2.PNG,stems_all/1_2.PNG,,,,,0,0,0,0,0,12,12,12,,,,,,,,,,,,,37.1570948001463,37.1570948001463,38.907056600088254,38.907056600088254,492727,001,2023-09-06_10h55.42.786,Recognizability_SONA,2022.2.5,None,
Condition4.csv,bal,dan,baldan,1,2_2.PNG,stems_all/2_2.PNG,,,,,0,0,0,0,0,13,13,13,,,,,,,,,,,,,39.17388930008747,39.17388930008747,,,492727,001,2023-09-06_10h55.42.786,Recognizability_SONA,2022.2.5,None,
Condition4.csv,bal,dan,baldan,1,3_2.PNG,stems_all/3_2.PNG,,,,,0,0,0,0,0,14,14,14,,,,,,,,,,,,,41.15742370020598,41.15742370020598,42.90722390008159,42.90722390008159,492727,001,2023-09-06_10h55.42.786,Recognizability_SONA,2022.2.5,None,
Condition4.csv,bal,dan,baldan,1,4_2.PNG,stems_all/4_2.PNG,,,,,0,0,0,0,0,15,15,15,,,,,,,,,,,,,43.15709690004587,43.15709690004587,44.90722620021552,44.90722620021552,492727,001,2023-09-06_10h55.42.786,Recognizability_SONA,2022.2.5,None,
Condition4.csv,berko,dan,berkodan,2,5_2.PNG,stems_all/5_2.PNG,,,,,0,0,0,0,0,16,16,16,,,,,,,,,,,,,45.1571527000051,45.1571527000051,46.907285700086504,46.907285700086504,492727,001,2023-09-06_10h55.42.786,Recognizability_SONA,2022.2.5,None,
Condition4.csv,berko,dan,berkodan,2,6_2.PNG,stems_all/6_2.PNG,,,,,0,0,0,0,0,17,17,17,,,,,,,,,,,,,47.175664300099015,47.175664300099015,,,492727,001,2023-09-06_10h55.42.786,Recognizability_SONA,2022.2.5,None,
Condition4.csv,berko,dan,berkodan,2,7_2.PNG,stems_all/7_2.PNG,,,,,0,0,0,0,0,18,18,18,,,,,,,,,,,,,49.17398660001345,49.17398660001345,,,492727,001,2023-09-06_10h55.42.786,Recognizability_SONA,2022.2.5,None,
Condition4.csv,berko,dan,berkodan,2,8_2.PNG,stems_all/8_2.PNG,,,,,0,0,0,0,0,19,19,19,,,,,,,,,,,,,51.16128560015932,51.16128560015932,52.92422280018218,52.92422280018218,492727,001,2023-09-06_10h55.42.786,Recognizability_SONA,2022.2.5,None,
,,,,,,,,,,,,,,,,,,,,,,,,,,,,,,,53.17607710021548,53.17607710021548,,,,,,,,,
