﻿stem,label,filepath,image_size,demo_info.thisRepN,demo_info.thisTrialN,demo_info.thisN,demo_info.thisIndex,pretraining_plus_test.thisRepN,pretraining_plus_test.thisTrialN,pretraining_plus_test.thisN,pretraining_plus_test.thisIndex,pretraining_loop.thisRepN,pretraining_loop.thisTrialN,pretraining_loop.thisN,pretraining_loop.thisIndex,test_loop.thisRepN,test_loop.thisTrialN,test_loop.thisN,test_loop.thisIndex,pretraining,condition,begin_text.started,key_resp_11.started,key_resp_11.keys,key_resp_11.rt,consent_image.started,text_10.started,consent_resp.started,consent_resp.keys,consent_resp.rt,demographic_instr.started,text_9.started,key_resp_3.started,key_resp_3.keys,key_resp_3.rt,age_text.started,textbox.started,key_resp_5.started,text_3.started,textbox.text,key_resp_5.keys,key_resp_5.rt,age_text_5.started,textbox_5.started,key_resp_9.started,text_7.started,textbox_5.text,key_resp_9.keys,key_resp_9.rt,age_text_6.started,textbox_6.started,key_resp_10.started,text_8.started,textbox_6.text,key_resp_10.keys,key_resp_10.rt,instructions_text.started,key_resp_4.started,text_31.started,key_resp_4.keys,key_resp_4.rt,experiment_start.started,experiment_start_resp.started,text_32.started,experiment_start_resp.keys,experiment_start_resp.rt,text_23.started,key_resp_24.started,text_30.started,key_resp_24.keys,key_resp_24.rt,image_5.started,textbox_9.started,key_resp_20.started,text_16.started,textbox_9.text,key_resp_20.keys,key_resp_20.rt,image_4.started,text_18.started,textbox_12.started,text_27.started,image_4.stopped,text_18.stopped,textbox_12.stopped,text_27.stopped,text_19.started,text_21.started,key_resp_22.started,text_33.started,key_resp_22.keys,key_resp_22.rt,image_6.started,text_20.started,textbox_10.started,key_resp_21.started,textbox_10.text,key_resp_21.keys,key_resp_21.rt,text_22.started,key_resp_23.started,participant,session,date,expName,psychopyVersion,frameRate,
,,,,,,,,,,,,,,,,,,,,0,3,9.992655999958515,9.992655999958515,space,0.3755677998997271,,,,,,,,,,,,,,,,,,,,,,,,,,,,,,,,,,,,,,,,,,,,,,,,,,,,,,,,,,,,,,,,,,,,,,,,,,,,,513099,001,2023-10-10_15h10.12.474,generalizability,2022.2.5,60.05659720884902,
,,,,0,0,0,0,,,,,,,,,,,,,,,,,,,10.391745300032198,10.391745300032198,10.391745300032198,space,0.17450299998745322,10.608191300183535,10.608191300183535,10.608191300183535,space,0.21209200005978346,10.841488699894398,10.841488699894398,10.841488699894398,10.841488699894398, ,return,0.23586069978773594,11.108218899928033,11.108218899928033,11.108218899928033,11.108218899928033,"
",return,0.07213999982923269,11.208174500148743,11.208174500148743,11.208174500148743,11.208174500148743,"
",return,0.16524149989709258,,,,,,,,,,,,,,,,,,,,,,,,,,,,,,,,,,,,,,,,,,,,,,513099,001,2023-10-10_15h10.12.474,generalizability,2022.2.5,60.05659720884902,
,,,,,,,,,,,,,,,,,,,,,,,,,,,,,,,,,,,,,,,,,,,,,,,,,,,,,,,,,11.408148000016809,14.374842800199986,14.374842800199986,return,0.25034459959715605,,,,,,,,,,,,,,,,,,,,,,,,,,,,,,,,,,,,,,,,,513099,001,2023-10-10_15h10.12.474,generalizability,2022.2.5,60.05659720884902,
,,,,,,,,,,,,,,,,,,,,,,,,,,,,,,,,,,,,,,,,,,,,,,,,,,,,,,,,,,,,,,14.641538999974728,17.62491580005735,17.62491580005735,return,0.32596469949930906,,,,,,,,,,,,,,,,,,,,,,,,,,,,,,,,,,,,513099,001,2023-10-10_15h10.12.474,generalizability,2022.2.5,60.05659720884902,
bal,bal,stems_all/1.PNG,"[0.35, 0.35]",,,,,0,0,0,0,0,0,0,0,,,,,,,,,,,,,,,,,,,,,,,,,,,,,,,,,,,,,,,,,,,,,,,,,,,,17.974954599980265,20.958294299896806,20.958294299896806,return,0.2533535994589329,21.241599400062114,21.241599400062114,21.241599400062114,21.241599400062114,bal,return,1.2463281000964344,22.50831659976393,22.50831659976393,22.50831659976393,22.50831659976393,23.00831970013678,23.00831970013678,23.00831970013678,23.00831970013678,,,,,,,,,,,,,,,,513099,001,2023-10-10_15h10.12.474,generalizability,2022.2.5,60.05659720884902,
berko,berko,stems_all/2.PNG,"[0.35, 0.35]",,,,,0,0,0,0,0,1,1,1,,,,,,,,,,,,,,,,,,,,,,,,,,,,,,,,,,,,,,,,,,,,,,,,,,,,,,,,,23.00831970013678,23.00831970013678,23.00831970013678,23.00831970013678,berko,return,1.1950028999708593,24.224975400138646,24.224975400138646,24.224975400138646,24.224975400138646,24.725013100076467,24.725013100076467,24.725013100076467,24.725013100076467,23.47499389993027,,,,,,,,,,,,,,,513099,001,2023-10-10_15h10.12.474,generalizability,2022.2.5,60.05659720884902,
nako,nako,stems_all/4.PNG,"[0.35, 0.35]",,,,,0,0,0,0,0,2,2,3,,,,,,,,,,,,,,,,,,,,,,,,,,,,,,,,,,,,,,,,,,,,,,,,,,,,,,,,,24.725013100076467,24.725013100076467,24.725013100076467,24.725013100076467,nako,return,1.1126771001145244,25.858328300062567,25.858328300062567,25.858328300062567,25.858328300062567,26.358356799930334,26.358356799930334,26.358356799930334,26.358356799930334,24.725013100076467,,,,,,,,,,,,,,,513099,001,2023-10-10_15h10.12.474,generalizability,2022.2.5,60.05659720884902,
kora,kora,stems_all/3.PNG,"[0.35, 0.35]",,,,,0,0,0,0,0,3,3,2,,,,,,,,,,,,,,,,,,,,,,,,,,,,,,,,,,,,,,,,,,,,,,,,,,,,,,,,,26.358356799930334,26.358356799930334,26.358356799930334,26.358356799930334,kora,return,0.9246550998650491,27.308439599815756,27.308439599815756,27.308439599815756,27.308439599815756,27.808387800119817,27.808387800119817,27.808387800119817,27.808387800119817,26.358356799930334,,,,,,,,,,,,,,,513099,001,2023-10-10_15h10.12.474,generalizability,2022.2.5,60.05659720884902,
chool,chool,stems_all/7.PNG,"[0.35, 0.35]",,,,,0,0,0,0,0,4,4,6,,,,,,,,,,,,,,,,,,,,,,,,,,,,,,,,,,,,,,,,,,,,,,,,,,,,,,,,,27.808387800119817,27.808387800119817,27.808387800119817,27.808387800119817,chool,return,1.0849774000234902,28.925020299851894,28.925020299851894,28.925020299851894,28.925020299851894,29.425077499821782,29.425077499821782,29.425077499821782,29.425077499821782,27.808387800119817,,,,,,,,,,,,,,,513099,001,2023-10-10_15h10.12.474,generalizability,2022.2.5,60.05659720884902,
kudom,kudom,stems_all/8.PNG,"[0.35, 0.35]",,,,,0,0,0,0,0,5,5,7,,,,,,,,,,,,,,,,,,,,,,,,,,,,,,,,,,,,,,,,,,,,,,,,,,,,,,,,,29.425077499821782,29.425077499821782,29.425077499821782,29.425077499821782,kudom,return,1.287704199552536,30.74177350010723,30.74177350010723,30.74177350010723,30.74177350010723,31.241751300171018,31.241751300171018,31.241751300171018,31.241751300171018,29.425077499821782,,,,,,,,,,,,,,,513099,001,2023-10-10_15h10.12.474,generalizability,2022.2.5,60.05659720884902,
bani,bani,stems_all/6.PNG,"[0.35, 0.35]",,,,,0,0,0,0,0,6,6,5,,,,,,,,,,,,,,,,,,,,,,,,,,,,,,,,,,,,,,,,,,,,,,,,,,,,,,,,,31.241751300171018,31.241751300171018,31.241751300171018,31.241751300171018,bani,return,0.9654256999492645,32.22513720020652,32.22513720020652,32.22513720020652,32.22513720020652,32.72507440019399,32.72507440019399,32.72507440019399,32.72507440019399,31.241751300171018,,,,,,,,,,,,,,,513099,001,2023-10-10_15h10.12.474,generalizability,2022.2.5,60.05659720884902,
osto,osto,stems_all/9.PNG,"[0.35, 0.35]",,,,,0,0,0,0,0,7,7,8,,,,,,,,,,,,,,,,,,,,,,,,,,,,,,,,,,,,,,,,,,,,,,,,,,,,,,,,,32.72507440019399,32.72507440019399,32.72507440019399,32.72507440019399,osto,return,0.9653873001225293,33.70845319982618,33.70845319982618,33.70845319982618,33.70845319982618,34.2084937999025,34.2084937999025,34.2084937999025,34.2084937999025,32.72507440019399,,,,,,,,,,,,,,,513099,001,2023-10-10_15h10.12.474,generalizability,2022.2.5,60.05659720884902,
vorke,vorke,stems_all/10.PNG,"[0.35, 0.35]",,,,,0,0,0,0,0,8,8,9,,,,,,,,,,,,,,,,,,,,,,,,,,,,,,,,,,,,,,,,,,,,,,,,,,,,,,,,,34.2084937999025,34.2084937999025,34.2084937999025,34.2084937999025,vorke,return,1.6064658998511732,35.84178029978648,35.84178029978648,35.84178029978648,35.84178029978648,36.34183510020375,36.34183510020375,36.34183510020375,36.34183510020375,34.2084937999025,,,,,,,,,,,,,,,513099,001,2023-10-10_15h10.12.474,generalizability,2022.2.5,60.05659720884902,
pipa,pipa,stems_all/5.PNG,"[0.35, 0.35]",,,,,0,0,0,0,0,9,9,4,,,,,,,,,,,,,,,,,,,,,,,,,,,,,,,,,,,,,,,,,,,,,,,,,,,,,,,,,36.34183510020375,36.34183510020375,36.34183510020375,36.34183510020375,pipa,return,1.0344749996438622,37.40855860011652,37.40855860011652,37.40855860011652,37.40855860011652,37.908508100081235,37.908508100081235,37.908508100081235,37.908508100081235,36.34183510020375,,,,,,,,,,,,,,,513099,001,2023-10-10_15h10.12.474,generalizability,2022.2.5,60.05659720884902,
kudom,kudom,stems_all/8.PNG,"[0.35, 0.35]",,,,,0,0,0,0,,,,,0,0,0,7,,,,,,,,,,,,,,,,,,,,,,,,,,,,,,,,,,,,,,,,,,,,,,,,,,,,,,,,,,,,,,,,,,,,,37.908508100081235,37.908508100081235,37.908508100081235,return,0.8921087998896837,39.09185149986297,39.09185149986297,39.09185149986297,39.09185149986297,"
kudom",return,11.140343800187111,,,513099,001,2023-10-10_15h10.12.474,generalizability,2022.2.5,60.05659720884902,
chool,chool,stems_all/7.PNG,"[0.35, 0.35]",,,,,0,0,0,0,,,,,0,1,1,6,,,,,,,,,,,,,,,,,,,,,,,,,,,,,,,,,,,,,,,,,,,,,,,,,,,,,,,,,,,,,,,,,,,,,,,,,,50.49202180001885,50.49202180001885,50.49202180001885,50.49202180001885,chool,return,11.997954899910837,,,513099,001,2023-10-10_15h10.12.474,generalizability,2022.2.5,60.05659720884902,
berko,berko,stems_all/2.PNG,"[0.35, 0.35]",,,,,0,0,0,0,,,,,0,2,2,1,,,,,,,,,,,,,,,,,,,,,,,,,,,,,,,,,,,,,,,,,,,,,,,,,,,,,,,,,,,,,,,,,,,,,,,,,,62.74216020014137,62.74216020014137,62.74216020014137,62.74216020014137,berko,return,8.157713800203055,,,513099,001,2023-10-10_15h10.12.474,generalizability,2022.2.5,60.05659720884902,
bal,bal,stems_all/1.PNG,"[0.35, 0.35]",,,,,0,0,0,0,,,,,0,3,3,0,,,,,,,,,,,,,,,,,,,,,,,,,,,,,,,,,,,,,,,,,,,,,,,,,,,,,,,,,,,,,,,,,,,,,,,,,,71.15893269982189,71.15893269982189,71.15893269982189,71.15893269982189,bal,return,2.542565600015223,,,513099,001,2023-10-10_15h10.12.474,generalizability,2022.2.5,60.05659720884902,
pipa,pipa,stems_all/5.PNG,"[0.35, 0.35]",,,,,0,0,0,0,,,,,0,4,4,4,,,,,,,,,,,,,,,,,,,,,,,,,,,,,,,,,,,,,,,,,,,,,,,,,,,,,,,,,,,,,,,,,,,,,,,,,,73.95895610004663,73.95895610004663,73.95895610004663,73.95895610004663,"pipa
",return,3.784590099938214,,,513099,001,2023-10-10_15h10.12.474,generalizability,2022.2.5,60.05659720884902,
nako,nako,stems_all/4.PNG,"[0.35, 0.35]",,,,,0,0,0,0,,,,,0,5,5,3,,,,,,,,,,,,,,,,,,,,,,,,,,,,,,,,,,,,,,,,,,,,,,,,,,,,,,,,,,,,,,,,,,,,,,,,,,78.00897970004007,78.00897970004007,78.00897970004007,78.00897970004007,nako,return,2.938287800177932,,,513099,001,2023-10-10_15h10.12.474,generalizability,2022.2.5,60.05659720884902,
vorke,vorke,stems_all/10.PNG,"[0.35, 0.35]",,,,,0,0,0,0,,,,,0,6,6,9,,,,,,,,,,,,,,,,,,,,,,,,,,,,,,,,,,,,,,,,,,,,,,,,,,,,,,,,,,,,,,,,,,,,,,,,,,81.20926530007273,81.20926530007273,81.20926530007273,81.20926530007273,osto,return,8.472598200198263,,,513099,001,2023-10-10_15h10.12.474,generalizability,2022.2.5,60.05659720884902,
bani,bani,stems_all/6.PNG,"[0.35, 0.35]",,,,,0,0,0,0,,,,,0,7,7,5,,,,,,,,,,,,,,,,,,,,,,,,,,,,,,,,,,,,,,,,,,,,,,,,,,,,,,,,,,,,,,,,,,,,,,,,,,89.94252290017903,89.94252290017903,89.94252290017903,89.94252290017903,"bani
",return,4.051305299624801,,,513099,001,2023-10-10_15h10.12.474,generalizability,2022.2.5,60.05659720884902,
osto,osto,stems_all/9.PNG,"[0.35, 0.35]",,,,,0,0,0,0,,,,,0,8,8,8,,,,,,,,,,,,,,,,,,,,,,,,,,,,,,,,,,,,,,,,,,,,,,,,,,,,,,,,,,,,,,,,,,,,,,,,,,94.25922460015863,94.25922460015863,94.25922460015863,94.25922460015863,osto,return,8.572587799746543,,,513099,001,2023-10-10_15h10.12.474,generalizability,2022.2.5,60.05659720884902,
kora,kora,stems_all/3.PNG,"[0.35, 0.35]",,,,,0,0,0,0,,,,,0,9,9,2,,,,,,,,,,,,,,,,,,,,,,,,,,,,,,,,,,,,,,,,,,,,,,,,,,,,,,,,,,,,,,,,,,,,,,,,,,103.09272630000487,103.09272630000487,103.09272630000487,103.09272630000487,"kora
",return,2.7678072000853717,,,513099,001,2023-10-10_15h10.12.474,generalizability,2022.2.5,60.05659720884902,
,,,,,,,,,,,,,,,,,,,,,,,,,,,,,,,,,,,,,,,,,,,,,,,,,,,,,,,,,,,,,,,,,,,,,,,,,,,,,,,,,,,,,,,,,,,,,,,,,,,,105.89275779994205,105.89275779994205,,,,,,,
