﻿select_condition,stem,suffix,label,stem_filename,file,filepath,image_size,demo_info.thisRepN,demo_info.thisTrialN,demo_info.thisN,demo_info.thisIndex,which_condition.thisRepN,which_condition.thisTrialN,which_condition.thisN,which_condition.thisIndex,training_block.thisRepN,training_block.thisTrialN,training_block.thisN,training_block.thisIndex,condition,begin_text.started,key_resp_11.started,key_resp_11.keys,key_resp_11.rt,instructions_text.started,key_resp_4.started,key_resp_4.keys,key_resp_4.rt,experiment_start.started,experiment_start_resp.started,experiment_start_resp.keys,experiment_start_resp.rt,image.started,text_11.started,textbox_7.started,key_resp_18.started,textbox_7.text,key_resp_18.keys,key_resp_18.rt,participant,session,date,expName,psychopyVersion,frameRate,
,,,,,,,,,,,,,,,,,,,,3,8.060203799977899,8.060203799977899,space,0.4844455000711605,,,,,,,,,,,,,,,,536157,001,2023-09-21_14h50.15.366,generalizability,2022.2.5,60.73212577976375,
,,,,,,,,,,,,,,,,,,,,,,,,,8.592567999963649,8.592567999963649,space,0.3152035999810323,,,,,,,,,,,,536157,001,2023-09-21_14h50.15.366,generalizability,2022.2.5,60.73212577976375,
,,,,,,,,,,,,,,,,,,,,,,,,,,,,,8.925908699980937,8.925908699980937,space,0.6379658000078052,,,,,,,,536157,001,2023-09-21_14h50.15.366,generalizability,2022.2.5,60.73212577976375,
Condition3.csv,bal,dan,baldan,1,1_2.PNG,stems_all/1_2.PNG,"[0.35, 0.35]",,,,,0,0,0,0,0,0,0,0,,,,,,,,,,,,,,9.8259235000005,9.8259235000005,9.8259235000005,9.8259235000005,baldan,n,4.485003300011158,536157,001,2023-09-21_14h50.15.366,generalizability,2022.2.5,60.73212577976375,
Condition3.csv,berko,dan,berkodan,2,2_2.PNG,stems_all/2_2.PNG,"[0.35, 0.35]",,,,,0,0,0,0,0,1,1,1,,,,,,,,,,,,,,14.592645999975502,14.592645999975502,14.592645999975502,14.592645999975502,berkodan,n,1.650738500058651,536157,001,2023-09-21_14h50.15.366,generalizability,2022.2.5,60.73212577976375,
Condition3.csv,kora,dan,koradan,3,3_2.PNG,stems_all/3_2.PNG,"[0.35, 0.35]",,,,,0,0,0,0,0,2,2,2,,,,,,,,,,,,,,16.50933199992869,16.50933199992869,16.50933199992869,16.50933199992869,koradan,n,1.2834210000000894,536157,001,2023-09-21_14h50.15.366,generalizability,2022.2.5,60.73212577976375,
Condition3.csv,nako,dan,nakodan,4,4_2.PNG,stems_all/4_2.PNG,"[0.35, 0.35]",,,,,0,0,0,0,0,3,3,3,,,,,,,,,,,,,,18.059345299960114,18.059345299960114,18.059345299960114,18.059345299960114,nakodan,n,1.693779900087975,536157,001,2023-09-21_14h50.15.366,generalizability,2022.2.5,60.73212577976375,
Condition3.csv,pipa,dan,pipadan,5,5_2.PNG,stems_all/5_2.PNG,"[0.35, 0.35]",,,,,0,0,0,0,0,4,4,4,,,,,,,,,,,,,,20.02603760000784,20.02603760000784,20.02603760000784,20.02603760000784,pipadan,n,2.5127662000013515,536157,001,2023-09-21_14h50.15.366,generalizability,2022.2.5,60.73212577976375,
Condition3.csv,bani,dan,banidan,6,6_2.PNG,stems_all/6_2.PNG,"[0.35, 0.35]",,,,,0,0,0,0,0,5,5,5,,,,,,,,,,,,,,22.80941280000843,22.80941280000843,22.80941280000843,22.80941280000843,banidan,n,2.241945600020699,536157,001,2023-09-21_14h50.15.366,generalizability,2022.2.5,60.73212577976375,
Condition3.csv,chool,dan,chooldan,7,7_2.PNG,stems_all/7_2.PNG,"[0.35, 0.35]",,,,,0,0,0,0,0,6,6,6,,,,,,,,,,,,,,25.326102399965748,25.326102399965748,25.326102399965748,25.326102399965748,chooldan,n,1.489679399994202,536157,001,2023-09-21_14h50.15.366,generalizability,2022.2.5,60.73212577976375,
Condition3.csv,kudom,dan,kudomdan,8,8_2.PNG,stems_all/8_2.PNG,"[0.35, 0.35]",,,,,0,0,0,0,0,7,7,7,,,,,,,,,,,,,,27.092805000022054,27.092805000022054,27.092805000022054,27.092805000022054,kudomdan,n,4.770087499986403,536157,001,2023-09-21_14h50.15.366,generalizability,2022.2.5,60.73212577976375,
Condition3.csv,osto,dan,ostodan,9,9_2.PNG,stems_all/9_2.PNG,"[0.35, 0.35]",,,,,0,0,0,0,0,8,8,8,,,,,,,,,,,,,,32.142828900017776,32.142828900017776,32.142828900017776,32.142828900017776,ostodan,n,2.6147484000539407,536157,001,2023-09-21_14h50.15.366,generalizability,2022.2.5,60.73212577976375,
