﻿stem,label,filepath,image_size,demo_info.thisRepN,demo_info.thisTrialN,demo_info.thisN,demo_info.thisIndex,pretraining_plus_test.thisRepN,pretraining_plus_test.thisTrialN,pretraining_plus_test.thisN,pretraining_plus_test.thisIndex,pretraining_loop.thisRepN,pretraining_loop.thisTrialN,pretraining_loop.thisN,pretraining_loop.thisIndex,test_loop.thisRepN,test_loop.thisTrialN,test_loop.thisN,test_loop.thisIndex,which_condition.thisRepN,which_condition.thisTrialN,which_condition.thisN,which_condition.thisIndex,production_block.thisRepN,production_block.thisTrialN,production_block.thisN,production_block.thisIndex,forced_choice_block.thisRepN,forced_choice_block.thisTrialN,forced_choice_block.thisN,forced_choice_block.thisIndex,pretraining,condition,begin_text.started,key_resp_11.started,key_resp_11.keys,key_resp_11.rt,instructions_text.started,key_resp_4.started,key_resp_4.keys,key_resp_4.rt,experiment_start.started,experiment_start_resp.started,experiment_start_resp.keys,experiment_start_resp.rt,text_23.started,key_resp_24.started,key_resp_24.keys,key_resp_24.rt,image_5.started,text_19.started,textbox_9.started,key_resp_20.started,textbox_9.text,key_resp_20.keys,key_resp_20.rt,text_21.started,key_resp_22.started,key_resp_22.keys,key_resp_22.rt,image_6.started,text_20.started,textbox_10.started,key_resp_21.started,textbox_10.text,key_resp_21.keys,key_resp_21.rt,text_22.started,key_resp_23.started,key_resp_23.keys,key_resp_23.rt,instr.started,key_resp_14.started,key_resp_14.keys,key_resp_14.rt,text_13.started,key_resp_17.started,key_resp_17.keys,key_resp_17.rt,experiment_over.started,key_resp_13.started,key_resp_13.keys,key_resp_13.rt,participant,session,date,expName,psychopyVersion,frameRate,
,,,,,,,,,,,,,,,,,,,,,,,,,,,,,,,,0,3,9.449786200071685,9.449786200071685,space,0.7948346000630409,,,,,,,,,,,,,,,,,,,,,,,,,,,,,,,,,,,,,,,,,,,,,,,541583,001,2023-09-22_03h47.22.580,generalizability,2022.2.5,59.856906105598014,
,,,,,,,,,,,,,,,,,,,,,,,,,,,,,,,,,,,,,,10.281713500036858,10.281713500036858,space,0.3089910000562668,,,,,,,,,,,,,,,,,,,,,,,,,,,,,,,,,,,,,,,,,,,541583,001,2023-09-22_03h47.22.580,generalizability,2022.2.5,59.856906105598014,
,,,,,,,,,,,,,,,,,,,,,,,,,,,,,,,,,,,,,,,,,,10.615056600072421,10.615056600072421,space,0.3227796999271959,,,,,,,,,,,,,,,,,,,,,,,,,,,,,,,,,,,,,,,541583,001,2023-09-22_03h47.22.580,generalizability,2022.2.5,59.856906105598014,
bani,bani,stems_all/6.PNG,"[0.35, 0.35]",,,,,0,0,0,0,0,0,0,5,,,,,,,,,,,,,,,,,,,,,,,,,,,,,,,10.965353099978529,10.965353099978529,return,0.7596073000459,11.981709399959072,11.981709399959072,11.981709399959072,11.981709399959072,bani,i,0.8064759999979287,,,,,,,,,,,,,,,,,,,,,,,,,,,,541583,001,2023-09-22_03h47.22.580,generalizability,2022.2.5,59.856906105598014,
vorke,vorke,stems_all/10.PNG,"[0.35, 0.35]",,,,,0,0,0,0,0,1,1,9,,,,,,,,,,,,,,,,,,,,,,,,,,,,,,,,,,,13.065097999991849,13.065097999991849,13.065097999991849,13.065097999991849,vorke,e,0.9903884999221191,,,,,,,,,,,,,,,,,,,,,,,,,,,,541583,001,2023-09-22_03h47.22.580,generalizability,2022.2.5,59.856906105598014,
bal,bal,stems_all/1.PNG,"[0.35, 0.35]",,,,,0,0,0,0,0,2,2,0,,,,,,,,,,,,,,,,,,,,,,,,,,,,,,,,,,,14.331894400063902,14.331894400063902,14.331894400063902,14.331894400063902,bal,l,0.6058147000148892,,,,,,,,,,,,,,,,,,,,,,,,,,,,541583,001,2023-09-22_03h47.22.580,generalizability,2022.2.5,59.856906105598014,
berko,berko,stems_all/2.PNG,"[0.35, 0.35]",,,,,0,0,0,0,0,3,3,1,,,,,,,,,,,,,,,,,,,,,,,,,,,,,,,,,,,15.215155699988827,15.215155699988827,15.215155699988827,15.215155699988827,berko,o,0.7697341000894085,,,,,,,,,,,,,,,,,,,,,,,,,,,,541583,001,2023-09-22_03h47.22.580,generalizability,2022.2.5,59.856906105598014,
kora,kora,stems_all/3.PNG,"[0.35, 0.35]",,,,,0,0,0,0,0,4,4,2,,,,,,,,,,,,,,,,,,,,,,,,,,,,,,,,,,,16.265170800033957,16.265170800033957,16.265170800033957,16.265170800033957,kora,a,0.833982800017111,,,,,,,,,,,,,,,,,,,,,,,,,,,,541583,001,2023-09-22_03h47.22.580,generalizability,2022.2.5,59.856906105598014,
pipa,pipa,stems_all/5.PNG,"[0.35, 0.35]",,,,,0,0,0,0,0,5,5,4,,,,,,,,,,,,,,,,,,,,,,,,,,,,,,,,,,,17.36515009996947,17.36515009996947,17.36515009996947,17.36515009996947,pipa,a,0.8332570000784472,,,,,,,,,,,,,,,,,,,,,,,,,,,,541583,001,2023-09-22_03h47.22.580,generalizability,2022.2.5,59.856906105598014,
chool,chool,stems_all/7.PNG,"[0.35, 0.35]",,,,,0,0,0,0,0,6,6,6,,,,,,,,,,,,,,,,,,,,,,,,,,,,,,,,,,,18.46516879997216,18.46516879997216,18.46516879997216,18.46516879997216,chool,l,1.5106592000229284,,,,,,,,,,,,,,,,,,,,,,,,,,,,541583,001,2023-09-22_03h47.22.580,generalizability,2022.2.5,59.856906105598014,
kudom,kudom,stems_all/8.PNG,"[0.35, 0.35]",,,,,0,0,0,0,0,7,7,7,,,,,,,,,,,,,,,,,,,,,,,,,,,,,,,,,,,20.248535600025207,20.248535600025207,20.248535600025207,20.248535600025207,kudom,m,1.1115877999691293,,,,,,,,,,,,,,,,,,,,,,,,,,,,541583,001,2023-09-22_03h47.22.580,generalizability,2022.2.5,59.856906105598014,
osto,osto,stems_all/9.PNG,"[0.35, 0.35]",,,,,0,0,0,0,0,8,8,8,,,,,,,,,,,,,,,,,,,,,,,,,,,,,,,,,,,21.63184160005767,21.63184160005767,21.63184160005767,21.63184160005767,osto,o,0.9135561999864876,,,,,,,,,,,,,,,,,,,,,,,,,,,,541583,001,2023-09-22_03h47.22.580,generalizability,2022.2.5,59.856906105598014,
nako,nako,stems_all/4.PNG,"[0.35, 0.35]",,,,,0,0,0,0,0,9,9,3,,,,,,,,,,,,,,,,,,,,,,,,,,,,,,,,,,,22.815284500014968,22.815284500014968,22.815284500014968,22.815284500014968,nako,o,0.878374999971129,,,,,,,,,,,,,,,,,,,,,,,,,,,,541583,001,2023-09-22_03h47.22.580,generalizability,2022.2.5,59.856906105598014,
bal,bal,stems_all/1.PNG,"[0.35, 0.35]",,,,,0,0,0,0,,,,,0,0,0,0,,,,,,,,,,,,,,,,,,,,,,,,,,,,,,,,,,,,,,23.73190410004463,23.73190410004463,return,0.8229232999728993,24.815259600058198,24.815259600058198,24.815259600058198,24.815259600058198,bal,return,1.336953999940306,,,,,,,,,,,,,,,,,541583,001,2023-09-22_03h47.22.580,generalizability,2022.2.5,59.856906105598014,
berko,berko,stems_all/2.PNG,"[0.35, 0.35]",,,,,0,0,0,0,,,,,0,1,1,1,,,,,,,,,,,,,,,,,,,,,,,,,,,,,,,,,,,,,,,,,,26.41531730000861,26.41531730000861,26.41531730000861,26.41531730000861,berko,return,2.005409999983385,,,,,,,,,,,,,,,,,541583,001,2023-09-22_03h47.22.580,generalizability,2022.2.5,59.856906105598014,
kora,kora,stems_all/3.PNG,"[0.35, 0.35]",,,,,0,0,0,0,,,,,0,2,2,2,,,,,,,,,,,,,,,,,,,,,,,,,,,,,,,,,,,,,,,,,,28.68200060003437,28.68200060003437,28.68200060003437,28.68200060003437,kora,return,0.7209377998951823,,,,,,,,,,,,,,,,,541583,001,2023-09-22_03h47.22.580,generalizability,2022.2.5,59.856906105598014,
nako,nako,stems_all/4.PNG,"[0.35, 0.35]",,,,,0,0,0,0,,,,,0,3,3,3,,,,,,,,,,,,,,,,,,,,,,,,,,,,,,,,,,,,,,,,,,29.665333400014788,29.665333400014788,29.665333400014788,29.665333400014788,nako,return,0.8468912000535056,,,,,,,,,,,,,,,,,541583,001,2023-09-22_03h47.22.580,generalizability,2022.2.5,59.856906105598014,
pipa,pipa,stems_all/5.PNG,"[0.35, 0.35]",,,,,0,0,0,0,,,,,0,4,4,4,,,,,,,,,,,,,,,,,,,,,,,,,,,,,,,,,,,,,,,,,,30.76538740005344,30.76538740005344,30.76538740005344,30.76538740005344,pipa,return,1.3541817999212071,,,,,,,,,,,,,,,,,541583,001,2023-09-22_03h47.22.580,generalizability,2022.2.5,59.856906105598014,
bani,bani,stems_all/6.PNG,"[0.35, 0.35]",,,,,0,0,0,0,,,,,0,5,5,5,,,,,,,,,,,,,,,,,,,,,,,,,,,,,,,,,,,,,,,,,,32.382050100015476,32.382050100015476,32.382050100015476,32.382050100015476,bani,return,1.4829078000038862,,,,,,,,,,,,,,,,,541583,001,2023-09-22_03h47.22.580,generalizability,2022.2.5,59.856906105598014,
chool,chool,stems_all/7.PNG,"[0.35, 0.35]",,,,,0,0,0,0,,,,,0,6,6,6,,,,,,,,,,,,,,,,,,,,,,,,,,,,,,,,,,,,,,,,,,34.11535099998582,34.11535099998582,34.11535099998582,34.11535099998582,"chool
",return,0.8838707999093458,,,,,,,,,,,,,,,,,541583,001,2023-09-22_03h47.22.580,generalizability,2022.2.5,59.856906105598014,
kudom,kudom,stems_all/8.PNG,"[0.35, 0.35]",,,,,0,0,0,0,,,,,0,7,7,7,,,,,,,,,,,,,,,,,,,,,,,,,,,,,,,,,,,,,,,,,,35.26537450007163,35.26537450007163,35.26537450007163,35.26537450007163,kudom,return,1.5322748998878524,,,,,,,,,,,,,,,,,541583,001,2023-09-22_03h47.22.580,generalizability,2022.2.5,59.856906105598014,
osto,osto,stems_all/9.PNG,"[0.35, 0.35]",,,,,0,0,0,0,,,,,0,8,8,8,,,,,,,,,,,,,,,,,,,,,,,,,,,,,,,,,,,,,,,,,,37.04881509998813,37.04881509998813,37.04881509998813,37.04881509998813,osto,return,1.1481272999662906,,,,,,,,,,,,,,,,,541583,001,2023-09-22_03h47.22.580,generalizability,2022.2.5,59.856906105598014,
,,,,,,,,0,0,0,0,,,,,,,,,,,,,,,,,,,,,,,,,,,,,,,,,,,,,,,,,,,,,,,,,,,,,,,,,38.21556210005656,38.21556210005656,return,1.8658002000302076,,,,,,,,,,,,,541583,001,2023-09-22_03h47.22.580,generalizability,2022.2.5,59.856906105598014,
,,,,,,,,,,,,,,,,,,,,,,,,,,,,,,,,,,,,,,,,,,,,,,,,,,,,,,,,,,,,,,,,,,,,,,,,40.098786600050516,40.098786600050516,space,10.467953699990176,,,,,,,,,541583,001,2023-09-22_03h47.22.580,generalizability,2022.2.5,59.856906105598014,
,,,,,,,,,,,,,,,,,,,,,,,,,,,,,,,,,,,,,,,,,,,,,,,,,,,,,,,,,,,,,,,,,,,,,,,,,,,,50.5989283999661,50.5989283999661,space,2.1602659999625757,,,,,541583,001,2023-09-22_03h47.22.580,generalizability,2022.2.5,59.856906105598014,
,,,,,,,,,,,,,,,,,,,,,,,,,,,,,,,,,,,,,,,,,,,,,,,,,,,,,,,,,,,,,,,,,,,,,,,,,,,,,,,,52.782292400021106,52.782292400021106,space,1.1782123000593856,541583,001,2023-09-22_03h47.22.580,generalizability,2022.2.5,59.856906105598014,
