﻿prod_label,file,prod_image1,prod_image2,prod_condition,alt_image1,alt_image2,prod_image2_size,alt_image2_size,prod_image2_location,alt_image1_location,alt_image2_location,demo_info.thisRepN,demo_info.thisTrialN,demo_info.thisN,demo_info.thisIndex,pretraining_plus_test.thisRepN,pretraining_plus_test.thisTrialN,pretraining_plus_test.thisN,pretraining_plus_test.thisIndex,which_condition.thisRepN,which_condition.thisTrialN,which_condition.thisN,which_condition.thisIndex,production_block.thisRepN,production_block.thisTrialN,production_block.thisN,production_block.thisIndex,pretraining,condition,begin_text.started,key_resp_11.started,key_resp_11.keys,key_resp_11.rt,instructions_text.started,key_resp_4.started,key_resp_4.keys,key_resp_4.rt,experiment_start.started,experiment_start_resp.started,experiment_start_resp.keys,experiment_start_resp.rt,instr.started,key_resp_14.started,key_resp_14.keys,key_resp_14.rt,image_prod1.started,production_text.started,production_text.stopped,production_image.started,image_2.started,alternate_image2.started,image_3.started,image_prod1.stopped,prod_resp.started,text_12.started,key_resp_15.started,image_2.stopped,alternate_image2.stopped,image_3.stopped,prod_resp.text,key_resp_15.keys,key_resp_15.rt,text_25.started,text_25.stopped,participant,session,date,expName,psychopyVersion,frameRate,
,,,,,,,,,,,,,,,,,,,,,,,,,,,,100,5,8.418805200140923,8.418805200140923,space,0.5460280997212976,,,,,,,,,,,,,,,,,,,,,,,,,,,,,,,,543066,001,2023-10-04_18h07.55.398,generalizability,2022.2.5,59.94797715407208,
,,,,,,,,,,,,,,,,,,,,,,,,,,,,,,,,,,9.001393600134179,9.001393600134179,space,0.15445699985139072,,,,,,,,,,,,,,,,,,,,,,,,,,,,543066,001,2023-10-04_18h07.55.398,generalizability,2022.2.5,59.94797715407208,
,,,,,,,,,,,,,,,,,,,,,,,,,,,,,,,,,,,,,,9.184307600138709,9.184307600138709,space,0.144599299877882,,,,,,,,,,,,,,,,,,,,,,,,543066,001,2023-10-04_18h07.55.398,generalizability,2022.2.5,59.94797715407208,
,,,,,,,,,,,,,,,,,,,,,,,,,,,,,,,,,,,,,,,,,,9.350958100054413,9.350958100054413,space,0.21110189985483885,,,,,,,,,,,,,,,,,,,,543066,001,2023-10-04_18h07.55.398,generalizability,2022.2.5,59.94797715407208,
shinti,14_2.PNG,stems_all/14.PNG,stems_all/14_2.PNG,novel,stems_all/14_dim_sg.PNG,stems_all/14_dim_pl.PNG,"[0.35, 0.35]","[0.2, 0.2]","[-0.2, -0.18]","[0.2, 0.22]","[0.2, -0.18]",,,,,,,,,,,,,0,0,0,16,,,,,,,,,,,,,,,,,,,9.684287900105119,10.317659000167623,11.567688600160182,11.567688600160182,11.567688600160182,11.567688600160182,11.567688600160182,11.684345600195229,12.06773960008286,12.06773960008286,12.06773960008286,12.06773960008286,12.06773960008286,12.06773960008286,"shinti
",return,3.451539400033653,15.551031100098044,16.35110740014352,543066,001,2023-10-04_18h07.55.398,generalizability,2022.2.5,59.94797715407208,
,,,,,,,,,,,,,,,,,,,,,,,,,,,,,,,,,,,,,,,,,,,,,,16.35110740014352,17.03453030018136,18.284458300098777,18.284458300098777,18.284458300098777,18.284458300098777,18.284458300098777,18.35135030001402,18.78450629999861,18.78450629999861,18.78450629999861,18.78450629999861,18.78450629999861,18.78450629999861,,,,,,,,,,,,
