﻿stem,label,filepath,image_size,demo_info.thisRepN,demo_info.thisTrialN,demo_info.thisN,demo_info.thisIndex,pretraining_plus_test.thisRepN,pretraining_plus_test.thisTrialN,pretraining_plus_test.thisN,pretraining_plus_test.thisIndex,pretraining_loop.thisRepN,pretraining_loop.thisTrialN,pretraining_loop.thisN,pretraining_loop.thisIndex,test_loop.thisRepN,test_loop.thisTrialN,test_loop.thisN,test_loop.thisIndex,which_condition.thisRepN,which_condition.thisTrialN,which_condition.thisN,which_condition.thisIndex,select_condition,training_block.thisRepN,training_block.thisTrialN,training_block.thisN,training_block.thisIndex,suffix,stem_filename,file,pretraining,condition,begin_text.started,key_resp_11.started,key_resp_11.keys,key_resp_11.rt,consent_image.started,text_10.started,consent_resp.started,consent_resp.keys,consent_resp.rt,demographic_instr.started,text_9.started,key_resp_3.started,key_resp_3.keys,key_resp_3.rt,age_text.started,textbox.started,key_resp_5.started,text_3.started,textbox.text,key_resp_5.keys,key_resp_5.rt,age_text_5.started,textbox_5.started,key_resp_9.started,text_7.started,textbox_5.text,key_resp_9.keys,key_resp_9.rt,age_text_6.started,textbox_6.started,key_resp_10.started,text_8.started,textbox_6.text,key_resp_10.keys,key_resp_10.rt,instructions_text.started,key_resp_4.started,key_resp_4.keys,key_resp_4.rt,experiment_start.started,experiment_start_resp.started,experiment_start_resp.keys,experiment_start_resp.rt,text_23.started,key_resp_24.started,key_resp_24.keys,key_resp_24.rt,image_5.started,textbox_9.started,key_resp_20.started,text_16.started,text_19.started,textbox_9.text,key_resp_20.keys,key_resp_20.rt,image_4.started,text_18.started,textbox_12.started,text_27.started,image_4.stopped,text_18.stopped,textbox_12.stopped,text_27.stopped,text_21.started,key_resp_22.started,text_33.started,key_resp_22.keys,key_resp_22.rt,image_6.started,text_20.started,textbox_10.started,key_resp_21.started,textbox_10.text,key_resp_21.keys,key_resp_21.rt,text_22.started,key_resp_23.started,key_resp_23.keys,key_resp_23.rt,textbox_7.started,key_resp_18.started,text_28.started,image.started,text_11.started,textbox_7.text,key_resp_18.keys,key_resp_18.rt,image_8.started,text_17.started,textbox_8.started,text_29.started,participant,session,date,expName,psychopyVersion,frameRate,
,,,,,,,,,,,,,,,,,,,,,,,,,,,,,,,,100,4,8.708379700314254,8.708379700314254,space,0.9982114997692406,,,,,,,,,,,,,,,,,,,,,,,,,,,,,,,,,,,,,,,,,,,,,,,,,,,,,,,,,,,,,,,,,,,,,,,,,,,,,,,,,,,,,,,,550667,001,2023-10-10_15h05.37.923,generalizability,2022.2.5,60.852605878184335,
,,,,0,0,0,0,,,,,,,,,,,,,,,,,,,,,,,,,,,,,,,9.72404110012576,9.72404110012576,9.72404110012576,space,0.423626100178808,10.190709500107914,10.190709500107914,10.190709500107914,space,0.6651080003939569,10.874007200356573,10.874007200356573,10.874007200356573,10.874007200356573," 
",return,0.21786700002849102,11.124008500017226,11.124008500017226,11.124008500017226,11.124008500017226,,return,0.16292449971660972,11.307363100349903,11.307363100349903,11.307363100349903,11.307363100349903,"

",return,0.13360629975795746,,,,,,,,,,,,,,,,,,,,,,,,,,,,,,,,,,,,,,,,,,,,,,,,,,,,,,,,,550667,001,2023-10-10_15h05.37.923,generalizability,2022.2.5,60.852605878184335,
,,,,,,,,,,,,,,,,,,,,,,,,,,,,,,,,,,,,,,,,,,,,,,,,,,,,,,,,,,,,,,,,,,,,,11.490687800105661,14.457457300275564,return,0.305267000105232,,,,,,,,,,,,,,,,,,,,,,,,,,,,,,,,,,,,,,,,,,,,,,,,,,,,,550667,001,2023-10-10_15h05.37.923,generalizability,2022.2.5,60.852605878184335,
,,,,,,,,,,,,,,,,,,,,,,,,,,,,,,,,,,,,,,,,,,,,,,,,,,,,,,,,,,,,,,,,,,,,,,,,,14.79073160002008,17.774089199956506,return,0.15482760034501553,,,,,,,,,,,,,,,,,,,,,,,,,,,,,,,,,,,,,,,,,,,,,,,,,550667,001,2023-10-10_15h05.37.923,generalizability,2022.2.5,60.852605878184335,
bal,bal,stems_all/1.PNG,"[0.35, 0.35]",,,,,0,0,0,0,0,0,0,0,,,,,,,,,,,,,,,,,,,,,,,,,,,,,,,,,,,,,,,,,,,,,,,,,,,,,,,,,,,,,,17.957452500239015,20.94083600025624,return,0.05377239966765046,21.02577680023387,21.02577680023387,21.02577680023387,21.02577680023387,22.507505900226533,bal,return,2.040292199701071,23.090847400017083,23.090847400017083,23.090847400017083,23.090847400017083,23.590852600056678,23.590852600056678,23.590852600056678,23.590852600056678,,,,,,,,,,,,,,,,,,,,,,,,,,,,,550667,001,2023-10-10_15h05.37.923,generalizability,2022.2.5,60.852605878184335,
osto,osto,stems_all/9.PNG,"[0.35, 0.35]",,,,,0,0,0,0,0,1,1,8,,,,,,,,,,,,,,,,,,,,,,,,,,,,,,,,,,,,,,,,,,,,,,,,,,,,,,,,,,,,,,,,,,23.590852600056678,23.590852600056678,23.590852600056678,23.590852600056678,23.590852600056678,osto,return,1.219657499808818,24.84084969991818,24.84084969991818,24.84084969991818,24.84084969991818,25.3408784000203,25.3408784000203,25.3408784000203,25.3408784000203,,,,,,,,,,,,,,,,,,,,,,,,,,,,,550667,001,2023-10-10_15h05.37.923,generalizability,2022.2.5,60.852605878184335,
pipa,pipa,stems_all/5.PNG,"[0.35, 0.35]",,,,,0,0,0,0,0,2,2,4,,,,,,,,,,,,,,,,,,,,,,,,,,,,,,,,,,,,,,,,,,,,,,,,,,,,,,,,,,,,,,,,,,25.3408784000203,25.3408784000203,25.3408784000203,25.3408784000203,25.3408784000203,pipa,return,0.9879266996867955,26.35753139993176,26.35753139993176,26.35753139993176,26.35753139993176,26.8575792000629,26.8575792000629,26.8575792000629,26.8575792000629,,,,,,,,,,,,,,,,,,,,,,,,,,,,,550667,001,2023-10-10_15h05.37.923,generalizability,2022.2.5,60.852605878184335,
kora,kora,stems_all/3.PNG,"[0.35, 0.35]",,,,,0,0,0,0,0,3,3,2,,,,,,,,,,,,,,,,,,,,,,,,,,,,,,,,,,,,,,,,,,,,,,,,,,,,,,,,,,,,,,,,,,26.8575792000629,26.8575792000629,26.8575792000629,26.8575792000629,26.8575792000629,kora,return,0.8325273999944329,27.707622500136495,27.707622500136495,27.707622500136495,27.707622500136495,28.20755850011483,28.20755850011483,28.20755850011483,28.20755850011483,,,,,,,,,,,,,,,,,,,,,,,,,,,,,550667,001,2023-10-10_15h05.37.923,generalizability,2022.2.5,60.852605878184335,
berko,berko,stems_all/2.PNG,"[0.35, 0.35]",,,,,0,0,0,0,0,4,4,1,,,,,,,,,,,,,,,,,,,,,,,,,,,,,,,,,,,,,,,,,,,,,,,,,,,,,,,,,,,,,,,,,,28.20755850011483,28.20755850011483,28.20755850011483,28.20755850011483,28.20755850011483,berko,return,1.0299168997444212,29.257560700178146,29.257560700178146,29.257560700178146,29.257560700178146,29.757650500163436,29.757650500163436,29.757650500163436,29.757650500163436,,,,,,,,,,,,,,,,,,,,,,,,,,,,,550667,001,2023-10-10_15h05.37.923,generalizability,2022.2.5,60.852605878184335,
nako,nako,stems_all/4.PNG,"[0.35, 0.35]",,,,,0,0,0,0,0,5,5,3,,,,,,,,,,,,,,,,,,,,,,,,,,,,,,,,,,,,,,,,,,,,,,,,,,,,,,,,,,,,,,,,,,29.757650500163436,29.757650500163436,29.757650500163436,29.757650500163436,29.757650500163436,nako,return,0.9631262999027967,30.740919700358063,30.740919700358063,30.740919700358063,30.740919700358063,31.240949800238013,31.240949800238013,31.240949800238013,31.240949800238013,,,,,,,,,,,,,,,,,,,,,,,,,,,,,550667,001,2023-10-10_15h05.37.923,generalizability,2022.2.5,60.852605878184335,
chool,chool,stems_all/7.PNG,"[0.35, 0.35]",,,,,0,0,0,0,0,6,6,6,,,,,,,,,,,,,,,,,,,,,,,,,,,,,,,,,,,,,,,,,,,,,,,,,,,,,,,,,,,,,,,,,,31.240949800238013,31.240949800238013,31.240949800238013,31.240949800238013,31.240949800238013,chool,return,1.09422260010615,32.35804870026186,32.35804870026186,32.35804870026186,32.35804870026186,32.85780410002917,32.85780410002917,32.85780410002917,32.85780410002917,,,,,,,,,,,,,,,,,,,,,,,,,,,,,550667,001,2023-10-10_15h05.37.923,generalizability,2022.2.5,60.852605878184335,
kudom,kudom,stems_all/8.PNG,"[0.35, 0.35]",,,,,0,0,0,0,0,7,7,7,,,,,,,,,,,,,,,,,,,,,,,,,,,,,,,,,,,,,,,,,,,,,,,,,,,,,,,,,,,,,,,,,,32.85780410002917,32.85780410002917,32.85780410002917,32.85780410002917,32.85780410002917,kudom,return,1.1337492000311613,34.02429109998047,34.02429109998047,34.02429109998047,34.02429109998047,34.52429130021483,34.52429130021483,34.52429130021483,34.52429130021483,,,,,,,,,,,,,,,,,,,,,,,,,,,,,550667,001,2023-10-10_15h05.37.923,generalizability,2022.2.5,60.852605878184335,
bani,bani,stems_all/6.PNG,"[0.35, 0.35]",,,,,0,0,0,0,0,8,8,5,,,,,,,,,,,,,,,,,,,,,,,,,,,,,,,,,,,,,,,,,,,,,,,,,,,,,,,,,,,,,,,,,,34.52429130021483,34.52429130021483,34.52429130021483,34.52429130021483,34.52429130021483,bani,return,1.0206065000966191,35.57430480001494,35.57430480001494,35.57430480001494,35.57430480001494,36.07430350035429,36.07430350035429,36.07430350035429,36.07430350035429,,,,,,,,,,,,,,,,,,,,,,,,,,,,,550667,001,2023-10-10_15h05.37.923,generalizability,2022.2.5,60.852605878184335,
vorke,vorke,stems_all/10.PNG,"[0.35, 0.35]",,,,,0,0,0,0,0,9,9,9,,,,,,,,,,,,,,,,,,,,,,,,,,,,,,,,,,,,,,,,,,,,,,,,,,,,,,,,,,,,,,,,,,36.07430350035429,36.07430350035429,36.07430350035429,36.07430350035429,36.07430350035429,vorke,return,1.2159416996873915,37.307702200021595,37.307702200021595,37.307702200021595,37.307702200021595,37.80771860014647,37.80771860014647,37.80771860014647,37.80771860014647,,,,,,,,,,,,,,,,,,,,,,,,,,,,,550667,001,2023-10-10_15h05.37.923,generalizability,2022.2.5,60.852605878184335,
osto,osto,stems_all/9.PNG,"[0.35, 0.35]",,,,,0,0,0,0,,,,,0,0,0,8,,,,,,,,,,,,,,,,,,,,,,,,,,,,,,,,,,,,,,,,,,,,,,,,,,,,,,,,,,,,,,,,,,,,,,,,,,,,,,37.80771860014647,37.80771860014647,37.80771860014647,return,1.18893860001117,39.25772270001471,39.25772270001471,39.25772270001471,39.25772270001471,"
osto
",return,9.334137100260705,,,,,,,,,,,,,,,,,550667,001,2023-10-10_15h05.37.923,generalizability,2022.2.5,60.852605878184335,
nako,nako,stems_all/4.PNG,"[0.35, 0.35]",,,,,0,0,0,0,,,,,0,1,1,3,,,,,,,,,,,,,,,,,,,,,,,,,,,,,,,,,,,,,,,,,,,,,,,,,,,,,,,,,,,,,,,,,,,,,,,,,,,,,,,,,,,48.85784499999136,48.85784499999136,48.85784499999136,48.85784499999136,nako,return,1.2283406998030841,,,,,,,,,,,,,,,,,550667,001,2023-10-10_15h05.37.923,generalizability,2022.2.5,60.852605878184335,
berko,berko,stems_all/2.PNG,"[0.35, 0.35]",,,,,0,0,0,0,,,,,0,2,2,1,,,,,,,,,,,,,,,,,,,,,,,,,,,,,,,,,,,,,,,,,,,,,,,,,,,,,,,,,,,,,,,,,,,,,,,,,,,,,,,,,,,50.35788229992613,50.35788229992613,50.35788229992613,50.35788229992613,berko,return,2.813974699936807,,,,,,,,,,,,,,,,,550667,001,2023-10-10_15h05.37.923,generalizability,2022.2.5,60.852605878184335,
bani,bani,stems_all/6.PNG,"[0.35, 0.35]",,,,,0,0,0,0,,,,,0,3,3,5,,,,,,,,,,,,,,,,,,,,,,,,,,,,,,,,,,,,,,,,,,,,,,,,,,,,,,,,,,,,,,,,,,,,,,,,,,,,,,,,,,,53.42455850029364,53.42455850029364,53.42455850029364,53.42455850029364,pipa,return,1.7107277996838093,,,,,,,,,,,,,,,,,550667,001,2023-10-10_15h05.37.923,generalizability,2022.2.5,60.852605878184335,
bal,bal,stems_all/1.PNG,"[0.35, 0.35]",,,,,0,0,0,0,,,,,0,4,4,0,,,,,,,,,,,,,,,,,,,,,,,,,,,,,,,,,,,,,,,,,,,,,,,,,,,,,,,,,,,,,,,,,,,,,,,,,,,,,,,,,,,55.39124800032005,55.39124800032005,55.39124800032005,55.39124800032005,bal,return,1.1583467000164092,,,,,,,,,,,,,,,,,550667,001,2023-10-10_15h05.37.923,generalizability,2022.2.5,60.852605878184335,
vorke,vorke,stems_all/10.PNG,"[0.35, 0.35]",,,,,0,0,0,0,,,,,0,5,5,9,,,,,,,,,,,,,,,,,,,,,,,,,,,,,,,,,,,,,,,,,,,,,,,,,,,,,,,,,,,,,,,,,,,,,,,,,,,,,,,,,,,56.80792560009286,56.80792560009286,56.80792560009286,56.80792560009286,vorke,return,1.3950745998881757,,,,,,,,,,,,,,,,,550667,001,2023-10-10_15h05.37.923,generalizability,2022.2.5,60.852605878184335,
pipa,pipa,stems_all/5.PNG,"[0.35, 0.35]",,,,,0,0,0,0,,,,,0,6,6,4,,,,,,,,,,,,,,,,,,,,,,,,,,,,,,,,,,,,,,,,,,,,,,,,,,,,,,,,,,,,,,,,,,,,,,,,,,,,,,,,,,,58.45795960025862,58.45795960025862,58.45795960025862,58.45795960025862,osto,return,1.2124067996628582,,,,,,,,,,,,,,,,,550667,001,2023-10-10_15h05.37.923,generalizability,2022.2.5,60.852605878184335,
kora,kora,stems_all/3.PNG,"[0.35, 0.35]",,,,,0,0,0,0,,,,,0,7,7,2,,,,,,,,,,,,,,,,,,,,,,,,,,,,,,,,,,,,,,,,,,,,,,,,,,,,,,,,,,,,,,,,,,,,,,,,,,,,,,,,,,,59.9246576000005,59.9246576000005,59.9246576000005,59.9246576000005,kora,return,1.1119853998534381,,,,,,,,,,,,,,,,,550667,001,2023-10-10_15h05.37.923,generalizability,2022.2.5,60.852605878184335,
kudom,kudom,stems_all/8.PNG,"[0.35, 0.35]",,,,,0,0,0,0,,,,,0,8,8,7,,,,,,,,,,,,,,,,,,,,,,,,,,,,,,,,,,,,,,,,,,,,,,,,,,,,,,,,,,,,,,,,,,,,,,,,,,,,,,,,,,,61.29132310021669,61.29132310021669,61.29132310021669,61.29132310021669,kudom,return,1.475706099998206,,,,,,,,,,,,,,,,,550667,001,2023-10-10_15h05.37.923,generalizability,2022.2.5,60.852605878184335,
chool,chool,stems_all/7.PNG,"[0.35, 0.35]",,,,,0,0,0,0,,,,,0,9,9,6,,,,,,,,,,,,,,,,,,,,,,,,,,,,,,,,,,,,,,,,,,,,,,,,,,,,,,,,,,,,,,,,,,,,,,,,,,,,,,,,,,,63.02474220003933,63.02474220003933,63.02474220003933,63.02474220003933,berko,return,1.5106869996525347,,,,,,,,,,,,,,,,,550667,001,2023-10-10_15h05.37.923,generalizability,2022.2.5,60.852605878184335,
,,,,,,,,0,0,0,0,,,,,,,,,,,,,,,,,,,,,,,,,,,,,,,,,,,,,,,,,,,,,,,,,,,,,,,,,,,,,,,,,,,,,,,,,,,,,,,,,,,,,,,,,,,,,,,,,,64.55802700016648,64.55802700016648,return,1.5287691000849009,,,,,,,,,,,,,550667,001,2023-10-10_15h05.37.923,generalizability,2022.2.5,60.852605878184335,
,,,,,,,,,,,,,,,,,,,,,,,,,,,,,,,,,,,,,,,,,,,,,,,,,,,,,,,,,,,,,,,,,,,,,,,,,,,,,,,,,,,,,,,,,,,,,,,,,,,,,,,,,,,,,,,,,66.12480940017849,66.12480940017849,66.12480940017849,66.34141900017858,67.59138790005818,koradan,return,3.3777463999576867,69.54144070018083,69.54144070018083,69.54144070018083,69.54144070018083,,,,,,,
