﻿select_condition,stem,suffix,label,stem_filename,file,filepath,image_size,demo_info.thisRepN,demo_info.thisTrialN,demo_info.thisN,demo_info.thisIndex,pretraining_plus_test.thisRepN,pretraining_plus_test.thisTrialN,pretraining_plus_test.thisN,pretraining_plus_test.thisIndex,which_condition.thisRepN,which_condition.thisTrialN,which_condition.thisN,which_condition.thisIndex,training_block.thisRepN,training_block.thisTrialN,training_block.thisN,training_block.thisIndex,pretraining,condition,begin_text.started,key_resp_11.started,key_resp_11.keys,key_resp_11.rt,consent_image.started,text_10.started,consent_resp.started,consent_resp.keys,consent_resp.rt,demographic_instr.started,text_9.started,key_resp_3.started,key_resp_3.keys,key_resp_3.rt,age_text.started,textbox.started,key_resp_5.started,text_3.started,textbox.text,key_resp_5.keys,key_resp_5.rt,age_text_2.started,textbox_2.started,key_resp_6.started,text_4.started,textbox_2.text,key_resp_6.keys,key_resp_6.rt,age_text_3.started,textbox_3.started,key_resp_7.started,text_5.started,textbox_3.text,key_resp_7.keys,key_resp_7.rt,age_text_5.started,textbox_5.started,key_resp_9.started,text_7.started,textbox_5.text,key_resp_9.keys,key_resp_9.rt,age_text_6.started,textbox_6.started,key_resp_10.started,text_8.started,textbox_6.text,key_resp_10.keys,key_resp_10.rt,age_text_4.started,textbox_4.started,key_resp_8.started,text_6.started,textbox_4.text,key_resp_8.keys,key_resp_8.rt,instructions_text.started,key_resp_4.started,key_resp_4.keys,key_resp_4.rt,experiment_start.started,experiment_start_resp.started,experiment_start_resp.keys,experiment_start_resp.rt,image.started,text_11.started,textbox_7.started,key_resp_18.started,textbox_7.text,key_resp_18.keys,key_resp_18.rt,image_8.started,text_17.started,textbox_8.started,image_8.stopped,text_17.stopped,textbox_8.stopped,participant,session,date,expName,psychopyVersion,frameRate,
,,,,,,,,,,,,,,,,,,,,,,,,0,4,11.871684099896811,11.871684099896811,space,2.3444918000604957,,,,,,,,,,,,,,,,,,,,,,,,,,,,,,,,,,,,,,,,,,,,,,,,,,,,,,,,,,,,,,,,,,,,,,,,,,562282,001,2023-09-26_16h07.38.813,generalizability,2022.2.5,59.98184950775377,
,,,,,,,,0,0,0,0,,,,,,,,,,,,,,,,,,,14.237453199923038,14.237453199923038,14.237453199923038,space,1.2599323000758886,15.537272199988365,15.537272199988365,15.537272199988365,space,1.2724562999792397,16.83736089989543,16.83736089989543,16.83736089989543,16.83736089989543, ,return,1.7377200999762863,18.604002599953674,18.604002599953674,18.604002599953674,18.604002599953674,"
",return,0.5952261999482289,19.22069589991588,19.22069589991588,19.22069589991588,19.22069589991588,"
",return,0.6866859999718145,19.937319199903868,19.937319199903868,19.937319199903868,19.937319199903868,"
",return,0.6332290999125689,20.587372199981473,20.587372199981473,20.587372199981473,20.587372199981473,"
",return,0.8873806999763474,21.504042399930768,21.504042399930768,21.504042399930768,21.504042399930768,"
",return,0.7489168000174686,,,,,,,,,,,,,,,,,,,,,,562282,001,2023-09-26_16h07.38.813,generalizability,2022.2.5,59.98184950775377,
,,,,,,,,,,,,,,,,,,,,,,,,,,,,,,,,,,,,,,,,,,,,,,,,,,,,,,,,,,,,,,,,,,,,,,,,,,,,,,,,,,22.287492199917324,22.287492199917324,space,0.7006082999287173,,,,,,,,,,,,,,,,,,562282,001,2023-09-26_16h07.38.813,generalizability,2022.2.5,59.98184950775377,
,,,,,,,,,,,,,,,,,,,,,,,,,,,,,,,,,,,,,,,,,,,,,,,,,,,,,,,,,,,,,,,,,,,,,,,,,,,,,,,,,,,,,,23.020731500000693,23.020731500000693,space,0.6405461999820545,,,,,,,,,,,,,,562282,001,2023-09-26_16h07.38.813,generalizability,2022.2.5,59.98184950775377,
Condition4.csv,bani,nem,baninem,6,2_dim_sg.PNG,stems_all/2_dim_sg.PNG,"[0.2, 0.2]",,,,,,,,,0,0,0,0,0,0,0,5,,,,,,,,,,,,,,,,,,,,,,,,,,,,,,,,,,,,,,,,,,,,,,,,,,,,,,,,,,,,,,,,,,,23.920768899959512,24.17080639989581,24.17080639989581,24.17080639989581,baninem,m,5.348734800005332,29.554090999998152,29.554090999998152,29.554090999998152,30.570816699997522,30.570816699997522,30.570816699997522,562282,001,2023-09-26_16h07.38.813,generalizability,2022.2.5,59.98184950775377,
Condition4.csv,vorke,nem,vorkenem,10,3_dim_sg.PNG,stems_all/3_dim_sg.PNG,"[0.2, 0.2]",,,,,,,,,0,0,0,0,0,1,1,9,,,,,,,,,,,,,,,,,,,,,,,,,,,,,,,,,,,,,,,,,,,,,,,,,,,,,,,,,,,,,,,,,,,30.804166699992493,31.054146399954334,31.054146399954334,31.054146399954334,vorkenem,m,1.932200500043109,33.02094999991823,33.02094999991823,33.02094999991823,34.05418529990129,34.05418529990129,34.05418529990129,562282,001,2023-09-26_16h07.38.813,generalizability,2022.2.5,59.98184950775377,
Condition4.csv,kora,dan,koradan,3,12_2.PNG,stems_all/12_2.PNG,"[0.35, 0.35]",,,,,,,,,0,0,0,0,0,2,2,23,,,,,,,,,,,,,,,,,,,,,,,,,,,,,,,,,,,,,,,,,,,,,,,,,,,,,,,,,,,,,,,,,,,34.254327899892814,34.5041946999263,34.5041946999263,34.5041946999263,koradan,n,1.9879323000786826,36.53753410000354,36.53753410000354,36.53753410000354,37.554189699934795,37.554189699934795,37.554189699934795,562282,001,2023-09-26_16h07.38.813,generalizability,2022.2.5,59.98184950775377,
Condition4.csv,bal,dan,baldan,1,4_2.PNG,stems_all/4_2.PNG,"[0.35, 0.35]",,,,,,,,,0,0,0,0,0,3,3,15,,,,,,,,,,,,,,,,,,,,,,,,,,,,,,,,,,,,,,,,,,,,,,,,,,,,,,,,,,,,,,,,,,,37.77094849990681,38.020959999994375,38.020959999994375,38.020959999994375,baldan,n,2.3740519999992102,40.4392538999673,40.4392538999673,40.4392538999673,,,,562282,001,2023-09-26_16h07.38.813,generalizability,2022.2.5,59.98184950775377,
,,,,,,,,,,,,,,,,,,,,,,,,,,,,,,,,,,,,,,,,,,,,,,,,,,,,,,,,,,,,,,,,,,,,,,,,,,,,,,,,,,,,,,,,,,41.67093999998178,41.920946099911816,41.920946099911816,41.920946099911816,binnem,m,4.456393200089224,46.42097739991732,46.42097739991732,46.42097739991732,,,,,,,,,,
