﻿stem,label,filepath,image_size,demo_info.thisRepN,demo_info.thisTrialN,demo_info.thisN,demo_info.thisIndex,pretraining_plus_test.thisRepN,pretraining_plus_test.thisTrialN,pretraining_plus_test.thisN,pretraining_plus_test.thisIndex,pretraining_loop.thisRepN,pretraining_loop.thisTrialN,pretraining_loop.thisN,pretraining_loop.thisIndex,pretraining,condition,begin_text.started,key_resp_11.started,key_resp_11.keys,key_resp_11.rt,consent_image.started,text_10.started,consent_resp.started,consent_resp.keys,consent_resp.rt,demographic_instr.started,text_9.started,key_resp_3.started,key_resp_3.keys,key_resp_3.rt,age_text.started,textbox.started,key_resp_5.started,text_3.started,textbox.text,key_resp_5.keys,key_resp_5.rt,age_text_5.started,textbox_5.started,key_resp_9.started,text_7.started,textbox_5.text,key_resp_9.keys,key_resp_9.rt,age_text_6.started,textbox_6.started,key_resp_10.started,text_8.started,textbox_6.text,key_resp_10.keys,key_resp_10.rt,instructions_text.started,key_resp_4.started,key_resp_4.keys,key_resp_4.rt,experiment_start.started,experiment_start_resp.started,experiment_start_resp.keys,experiment_start_resp.rt,text_23.started,key_resp_24.started,key_resp_24.keys,key_resp_24.rt,image_5.started,text_16.started,text_19.started,textbox_9.started,key_resp_20.started,textbox_9.text,key_resp_20.keys,key_resp_20.rt,image_4.started,text_18.started,textbox_12.started,image_4.stopped,text_18.stopped,textbox_12.stopped,participant,session,date,expName,psychopyVersion,frameRate,
,,,,,,,,,,,,,,,,0,3,8.88879320002161,8.88879320002161,space,0.45567820011638105,,,,,,,,,,,,,,,,,,,,,,,,,,,,,,,,,,,,,,,,,,,,,,,,,,,,,,,,,,568935,001,2023-10-05_00h50.13.777,generalizability,2022.2.5,59.96332642953104,
,,,,0,0,0,0,,,,,,,,,,,,,,,9.369165800046176,9.369165800046176,9.369165800046176,space,0.1843705999199301,9.587630699854344,9.587630699854344,9.587630699854344,space,0.1539539999794215,9.769208899931982,9.769208899931982,9.769208899931982,9.769208899931982, ,return,0.21641310001723468,10.002538400003687,10.002538400003687,10.002538400003687,10.002538400003687,"
",return,0.17111709993332624,10.202606200007722,10.202606200007722,10.202606200007722,10.202606200007722,"
",return,0.12606749986298382,,,,,,,,,,,,,,,,,,,,,,,,,,,568935,001,2023-10-05_00h50.13.777,generalizability,2022.2.5,59.96332642953104,
,,,,,,,,,,,,,,,,,,,,,,,,,,,,,,,,,,,,,,,,,,,,,,,,,,,,,10.370745699852705,10.370745699852705,return,0.09601620002649724,,,,,,,,,,,,,,,,,,,,,,,568935,001,2023-10-05_00h50.13.777,generalizability,2022.2.5,59.96332642953104,
,,,,,,,,,,,,,,,,,,,,,,,,,,,,,,,,,,,,,,,,,,,,,,,,,,,,,,,,,10.486124499933794,10.486124499933794,return,0.14060540008358657,,,,,,,,,,,,,,,,,,,568935,001,2023-10-05_00h50.13.777,generalizability,2022.2.5,59.96332642953104,
kudom,kudom,stems_all/8.PNG,"[0.35, 0.35]",,,,,0,0,0,0,0,0,0,7,,,,,,,,,,,,,,,,,,,,,,,,,,,,,,,,,,,,,,,,,,,,,,10.653947500046343,10.653947500046343,return,0.35890370002016425,11.035869899904355,11.035869899904355,12.520668499870226,12.520668499870226,12.520668499870226,kudom,return,2.8371506000403315,15.385943099856377,15.385943099856377,15.385943099856377,16.385970199946314,16.385970199946314,16.385970199946314,568935,001,2023-10-05_00h50.13.777,generalizability,2022.2.5,59.96332642953104,
chool,chool,stems_all/7.PNG,"[0.35, 0.35]",,,,,0,0,0,0,0,1,1,6,,,,,,,,,,,,,,,,,,,,,,,,,,,,,,,,,,,,,,,,,,,,,,,,,,16.385970199946314,16.385970199946314,17.621504300041124,17.621504300041124,17.621504300041124,chool,return,2.2773502999916673,19.919315999839455,19.919315999839455,19.919315999839455,20.936024100054055,20.936024100054055,20.936024100054055,568935,001,2023-10-05_00h50.13.777,generalizability,2022.2.5,59.96332642953104,
,,,,,,,,,,,,,,,,,,,,,,,,,,,,,,,,,,,,,,,,,,,,,,,,,,,,,,,,,,,,,,,,,20.936024100054055,20.936024100054055,22.154253399930894,22.154253399930894,22.154253399930894,vorke,return,5.458323599770665,27.6385437999852,27.6385437999852,27.6385437999852,,,,,,,,,,
