﻿prod_label,file,prod_image1,prod_image2,prod_condition,alt_image1,alt_image2,prod_image2_size,alt_image2_size,prod_image2_location,alt_image1_location,alt_image2_location,demo_info.thisRepN,demo_info.thisTrialN,demo_info.thisN,demo_info.thisIndex,which_condition.thisRepN,which_condition.thisTrialN,which_condition.thisN,which_condition.thisIndex,production_block.thisRepN,production_block.thisTrialN,production_block.thisN,production_block.thisIndex,begin_text.started,key_resp_11.started,key_resp_11.keys,key_resp_11.rt,instructions_text.started,key_resp_4.started,key_resp_4.keys,key_resp_4.rt,experiment_start.started,experiment_start_resp.started,experiment_start_resp.keys,experiment_start_resp.rt,instr.started,key_resp_14.started,key_resp_14.keys,key_resp_14.rt,image_prod1.started,image_2.started,alternate_image2.started,image_3.started,image_prod1.stopped,production_text.started,production_image.started,prod_resp.started,text_12.started,key_resp_15.started,image_2.stopped,alternate_image2.stopped,image_3.stopped,prod_resp.text,key_resp_15.keys,key_resp_15.rt,participant,session,date,expName,psychopyVersion,frameRate,
,,,,,,,,,,,,,,,,,,,,,,,,8.910786499967799,8.910786499967799,space,1.0036498000845313,,,,,,,,,,,,,,,,,,,,,,,,,,,,,569537,001,2023-09-08_15h51.21.331,Recognizability_SONA,2022.2.5,60.0081250642001,
,,,,,,,,,,,,,,,,,,,,,,,,,,,,9.959504399914294,9.959504399914294,space,0.47200029995292425,,,,,,,,,,,,,,,,,,,,,,,,,569537,001,2023-09-08_15h51.21.331,Recognizability_SONA,2022.2.5,60.0081250642001,
,,,,,,,,,,,,,,,,,,,,,,,,,,,,,,,,10.45958419982344,10.45958419982344,space,0.4600122000556439,,,,,,,,,,,,,,,,,,,,,569537,001,2023-09-08_15h51.21.331,Recognizability_SONA,2022.2.5,60.0081250642001,
,,,,,,,,,,,,,,,,,,,,,,,,,,,,,,,,,,,,10.942828199826181,10.942828199826181,space,0.6029052999801934,,,,,,,,,,,,,,,,,569537,001,2023-09-08_15h51.21.331,Recognizability_SONA,2022.2.5,60.0081250642001,
pil,13_dim_sg.PNG,stems_all/13.PNG,stems_all/13_dim_sg.PNG,novel,stems_all/13_dim_pl.PNG,stems_all/13_2.PNG,"[0.2, 0.2]","[0.35, 0.35]",prod_image_locations[3],prod_image_locations[1],prod_image_locations[0],,,,,,,,,0,0,0,3,,,,,,,,,,,,,,,,,11.609524699859321,12.059558399952948,12.059558399952948,12.059558399952948,12.10949489986524,12.559559999965131,12.559559999965131,12.559559999965131,12.559559999965131,12.559559999965131,12.559559999965131,12.559559999965131,12.559559999965131,,return,8.164297100156546,569537,001,2023-09-08_15h51.21.331,Recognizability_SONA,2022.2.5,60.0081250642001,
,,,,,,,,,,,,,,,,,,,,,,,,,,,,,,,,,,,,,,,,20.759611299959943,21.22631369996816,21.22631369996816,21.22631369996816,21.259667599806562,21.72629479994066,21.72629479994066,21.72629479994066,21.72629479994066,21.72629479994066,21.72629479994066,21.72629479994066,21.72629479994066,,,,,,,,,,
