﻿select_condition,stem,suffix,label,stem_filename,file,filepath,image_size,demo_info.thisRepN,demo_info.thisTrialN,demo_info.thisN,demo_info.thisIndex,pretraining_plus_test.thisRepN,pretraining_plus_test.thisTrialN,pretraining_plus_test.thisN,pretraining_plus_test.thisIndex,which_condition.thisRepN,which_condition.thisTrialN,which_condition.thisN,which_condition.thisIndex,training_block.thisRepN,training_block.thisTrialN,training_block.thisN,training_block.thisIndex,pretraining,condition,begin_text.started,key_resp_11.started,key_resp_11.keys,key_resp_11.rt,consent_image.started,text_10.started,consent_resp.started,consent_resp.keys,consent_resp.rt,demographic_instr.started,text_9.started,key_resp_3.started,key_resp_3.keys,key_resp_3.rt,age_text.started,textbox.started,key_resp_5.started,text_3.started,textbox.text,key_resp_5.keys,key_resp_5.rt,age_text_2.started,textbox_2.started,key_resp_6.started,text_4.started,textbox_2.text,key_resp_6.keys,key_resp_6.rt,age_text_3.started,textbox_3.started,key_resp_7.started,text_5.started,textbox_3.text,key_resp_7.keys,key_resp_7.rt,age_text_5.started,textbox_5.started,key_resp_9.started,text_7.started,textbox_5.text,key_resp_9.keys,key_resp_9.rt,age_text_6.started,textbox_6.started,key_resp_10.started,text_8.started,textbox_6.text,key_resp_10.keys,key_resp_10.rt,age_text_4.started,textbox_4.started,key_resp_8.started,text_6.started,textbox_4.text,key_resp_8.keys,key_resp_8.rt,instructions_text.started,key_resp_4.started,key_resp_4.keys,key_resp_4.rt,experiment_start.started,experiment_start_resp.started,experiment_start_resp.keys,experiment_start_resp.rt,image.started,text_11.started,textbox_7.started,key_resp_18.started,textbox_7.text,key_resp_18.keys,key_resp_18.rt,image_8.started,text_17.started,textbox_8.started,image_8.stopped,text_17.stopped,textbox_8.stopped,participant,session,date,expName,psychopyVersion,frameRate,
,,,,,,,,,,,,,,,,,,,,,,,,0,2,8.968681000056677,8.968681000056677,space,1.994000899954699,,,,,,,,,,,,,,,,,,,,,,,,,,,,,,,,,,,,,,,,,,,,,,,,,,,,,,,,,,,,,,,,,,,,,,,,,,585927,001,2023-09-26_16h09.49.371,generalizability,2022.2.5,59.99386864977875,
,,,,,,,,0,0,0,0,,,,,,,,,,,,,,,,,,,10.984288500039838,10.984288500039838,10.984288500039838,space,0.4564683000789955,11.484301500022411,11.484301500022411,11.484301500022411,space,0.5226194000570104,12.034317500074394,12.034317500074394,12.034317500074394,12.034317500074394, ,return,0.9387900000438094,13.0009718000656,13.0009718000656,13.0009718000656,13.0009718000656,"
",return,0.17418470000848174,13.200960500049405,13.200960500049405,13.200960500049405,13.200960500049405,"
",return,0.160238099982962,13.38437129999511,13.38437129999511,13.38437129999511,13.38437129999511,"
",return,0.1798799999523908,13.584340600064024,13.584340600064024,13.584340600064024,13.584340600064024,"
",return,0.3409785999683663,13.951009400072508,13.951009400072508,13.951009400072508,13.951009400072508,"
",return,0.3274043999845162,,,,,,,,,,,,,,,,,,,,,,585927,001,2023-09-26_16h09.49.371,generalizability,2022.2.5,59.99386864977875,
,,,,,,,,,,,,,,,,,,,,,,,,,,,,,,,,,,,,,,,,,,,,,,,,,,,,,,,,,,,,,,,,,,,,,,,,,,,,,,,,,,14.31766120006796,14.31766120006796,space,0.7049888999899849,,,,,,,,,,,,,,,,,,585927,001,2023-09-26_16h09.49.371,generalizability,2022.2.5,59.99386864977875,
,,,,,,,,,,,,,,,,,,,,,,,,,,,,,,,,,,,,,,,,,,,,,,,,,,,,,,,,,,,,,,,,,,,,,,,,,,,,,,,,,,,,,,15.051005500019528,15.051005500019528,space,0.6267346000531688,,,,,,,,,,,,,,585927,001,2023-09-26_16h09.49.371,generalizability,2022.2.5,59.99386864977875,
Condition2.csv,kora,dan,koradan,3,3_2.PNG,stems_all/3_2.PNG,"[0.35, 0.35]",,,,,,,,,0,0,0,0,0,0,0,10,,,,,,,,,,,,,,,,,,,,,,,,,,,,,,,,,,,,,,,,,,,,,,,,,,,,,,,,,,,,,,,,,,,15.93433089996688,16.184387000044808,16.184387000044808,16.184387000044808,koradan,n,1.3478201000252739,17.567672400036827,17.567672400036827,17.567672400036827,18.567729000002146,18.567729000002146,18.567729000002146,585927,001,2023-09-26_16h09.49.371,generalizability,2022.2.5,59.99386864977875,
Condition2.csv,berko,shoon,berkoshoon,2,2_dim_sg.PNG,stems_all/2_dim_sg.PNG,"[0.2, 0.2]",,,,,,,,,0,0,0,0,0,1,1,19,,,,,,,,,,,,,,,,,,,,,,,,,,,,,,,,,,,,,,,,,,,,,,,,,,,,,,,,,,,,,,,,,,,18.817702800035477,19.067718300037086,19.067718300037086,19.067718300037086,berkoshoon,n,1.6832895999541506,20.784415500005707,20.784415500005707,20.784415500005707,21.784450400038622,21.784450400038622,21.784450400038622,585927,001,2023-09-26_16h09.49.371,generalizability,2022.2.5,59.99386864977875,
Condition2.csv,kora,dan,koradan,3,3_2.PNG,stems_all/3_2.PNG,"[0.35, 0.35]",,,,,,,,,0,0,0,0,0,2,2,11,,,,,,,,,,,,,,,,,,,,,,,,,,,,,,,,,,,,,,,,,,,,,,,,,,,,,,,,,,,,,,,,,,,22.034430400002748,22.284441599971615,22.284441599971615,22.284441599971615,koradan,n,5.775117799988948,28.10240940004587,28.10240940004587,28.10240940004587,,,,585927,001,2023-09-26_16h09.49.371,generalizability,2022.2.5,59.99386864977875,
Condition2.csv,bal,shoon,balshoon,1,1_dim_sg.PNG,stems_all/1_dim_sg.PNG,"[0.2, 0.2]",,,,,,,,,0,0,0,0,0,3,3,18,,,,,,,,,,,,,,,,,,,,,,,,,,,,,,,,,,,,,,,,,,,,,,,,,,,,,,,,,,,,,,,,,,,29.334523800062016,29.584518800023943,29.584518800023943,29.584518800023943,balshoon,n,1.5607724000001326,31.18450880004093,31.18450880004093,31.18450880004093,32.18452420004178,32.18452420004178,32.18452420004178,585927,001,2023-09-26_16h09.49.371,generalizability,2022.2.5,59.99386864977875,
,,,,,,,,,,,,,,,,,,,,,,,,,,,,,,,,,,,,,,,,,,,,,,,,,,,,,,,,,,,,,,,,,,,,,,,,,,,,,,,,,,,,,,,,,,32.41785920003895,32.668029400054365,32.668029400054365,32.668029400054365,,,,,,,,,,,,,,,,
