﻿stem,label,filepath,image_size,demo_info.thisRepN,demo_info.thisTrialN,demo_info.thisN,demo_info.thisIndex,pretraining_plus_test.thisRepN,pretraining_plus_test.thisTrialN,pretraining_plus_test.thisN,pretraining_plus_test.thisIndex,pretraining_loop.thisRepN,pretraining_loop.thisTrialN,pretraining_loop.thisN,pretraining_loop.thisIndex,pretraining,condition,begin_text.started,key_resp_11.started,key_resp_11.keys,key_resp_11.rt,consent_image.started,text_10.started,consent_resp.started,consent_resp.keys,consent_resp.rt,demographic_instr.started,text_9.started,key_resp_3.started,key_resp_3.keys,key_resp_3.rt,age_text.started,textbox.started,key_resp_5.started,text_3.started,textbox.text,key_resp_5.keys,key_resp_5.rt,age_text_5.started,textbox_5.started,key_resp_9.started,text_7.started,textbox_5.text,key_resp_9.keys,key_resp_9.rt,age_text_6.started,textbox_6.started,key_resp_10.started,text_8.started,textbox_6.text,key_resp_10.keys,key_resp_10.rt,instructions_text.started,key_resp_4.started,key_resp_4.keys,key_resp_4.rt,experiment_start.started,experiment_start_resp.started,experiment_start_resp.keys,experiment_start_resp.rt,text_23.started,key_resp_24.started,key_resp_24.keys,key_resp_24.rt,image_5.started,text_16.started,text_19.started,textbox_9.started,key_resp_20.started,textbox_9.text,key_resp_20.keys,key_resp_20.rt,image_4.started,text_18.started,textbox_12.started,image_4.stopped,text_18.stopped,textbox_12.stopped,participant,session,date,expName,psychopyVersion,frameRate,
,,,,,,,,,,,,,,,,100,4,7.7939305999316275,7.7939305999316275,space,0.5390131999738514,,,,,,,,,,,,,,,,,,,,,,,,,,,,,,,,,,,,,,,,,,,,,,,,,,,,,,,,,,637888,001,2023-10-05_00h48.01.749,generalizability,2022.2.5,60.00063599761446,
,,,,0,0,0,0,,,,,,,,,,,,,,,8.359576700022444,8.359576700022444,8.359576700022444,space,0.41943929996341467,8.826204600045457,8.826204600045457,8.826204600045457,space,0.1698894000146538,9.026232899865136,9.026232899865136,9.026232899865136,9.026232899865136, ,return,0.1458622000645846,9.192856600042433,9.192856600042433,9.192856600042433,9.192856600042433,"
",return,0.16533549991436303,9.376231000060216,9.376231000060216,9.376231000060216,9.376231000060216,"
",return,0.14495179988443851,,,,,,,,,,,,,,,,,,,,,,,,,,,637888,001,2023-10-05_00h48.01.749,generalizability,2022.2.5,60.00063599761446,
,,,,,,,,,,,,,,,,,,,,,,,,,,,,,,,,,,,,,,,,,,,,,,,,,,,,,9.559555399930105,9.559555399930105,return,0.1216640998609364,,,,,,,,,,,,,,,,,,,,,,,637888,001,2023-10-05_00h48.01.749,generalizability,2022.2.5,60.00063599761446,
,,,,,,,,,,,,,,,,,,,,,,,,,,,,,,,,,,,,,,,,,,,,,,,,,,,,,,,,,9.709600900067016,9.709600900067016,return,0.11766720004379749,,,,,,,,,,,,,,,,,,,637888,001,2023-10-05_00h48.01.749,generalizability,2022.2.5,60.00063599761446,
pipa,pipa,stems_all/5.PNG,"[0.35, 0.35]",,,,,0,0,0,0,0,0,0,4,,,,,,,,,,,,,,,,,,,,,,,,,,,,,,,,,,,,,,,,,,,,,,9.859528600005433,9.859528600005433,return,0.1337614997755736,10.059513999847695,10.059513999847695,11.50954269990325,11.50954269990325,11.50954269990325,pipa,return,3.4848759002052248,15.026290999958292,15.026290999958292,15.026290999958292,16.04298619995825,16.04298619995825,16.04298619995825,637888,001,2023-10-05_00h48.01.749,generalizability,2022.2.5,60.00063599761446,
bal,bal,stems_all/1.PNG,"[0.35, 0.35]",,,,,0,0,0,0,0,1,1,0,,,,,,,,,,,,,,,,,,,,,,,,,,,,,,,,,,,,,,,,,,,,,,,,,,16.04298619995825,16.04298619995825,17.259663099888712,17.259663099888712,17.259663099888712,bal,return,7.0158681999892,24.29305429989472,24.29305429989472,24.29305429989472,25.30984149989672,25.30984149989672,25.30984149989672,637888,001,2023-10-05_00h48.01.749,generalizability,2022.2.5,60.00063599761446,
,,,,,,,,,,,,,,,,,,,,,,,,,,,,,,,,,,,,,,,,,,,,,,,,,,,,,,,,,,,,,,,,,25.30984149989672,25.30984149989672,,,,,,,,,,,,,,,,,,,
