﻿prod_label,file,prod_image1,prod_image2,prod_condition,alt_image1,alt_image2,prod_image2_size,alt_image2_size,prod_image2_location,alt_image1_location,alt_image2_location,demo_info.thisRepN,demo_info.thisTrialN,demo_info.thisN,demo_info.thisIndex,pretraining_plus_test.thisRepN,pretraining_plus_test.thisTrialN,pretraining_plus_test.thisN,pretraining_plus_test.thisIndex,which_condition.thisRepN,which_condition.thisTrialN,which_condition.thisN,which_condition.thisIndex,production_block.thisRepN,production_block.thisTrialN,production_block.thisN,production_block.thisIndex,pretraining,condition,begin_text.started,key_resp_11.started,key_resp_11.keys,key_resp_11.rt,instructions_text.started,key_resp_4.started,key_resp_4.keys,key_resp_4.rt,experiment_start.started,experiment_start_resp.started,experiment_start_resp.keys,experiment_start_resp.rt,instr.started,key_resp_14.started,key_resp_14.keys,key_resp_14.rt,image_prod1_2.started,production_text_2.started,production_text_2.stopped,production_image.started,image_2.started,alternate_image2.started,image_3.started,prod_resp.started,text_12.started,key_resp_15.started,image_2.stopped,alternate_image2.stopped,image_3.stopped,prod_resp.text,key_resp_15.keys,key_resp_15.rt,text_25.started,text_25.stopped,image_prod1_2.stopped,participant,session,date,expName,psychopyVersion,frameRate,
,,,,,,,,,,,,,,,,,,,,,,,,,,,,0,2,9.241869800025597,9.241869800025597,space,0.7728965999558568,,,,,,,,,,,,,,,,,,,,,,,,,,,,,,,,727371,001,2023-10-04_19h11.07.763,generalizability,2022.2.5,59.9979721229474,
,,,,,,,,,,,,,,,,,,,,,,,,,,,,,,,,,,10.057690999936312,10.057690999936312,return,0.7522354999091476,,,,,,,,,,,,,,,,,,,,,,,,,,,,727371,001,2023-10-04_19h11.07.763,generalizability,2022.2.5,59.9979721229474,
,,,,,,,,,,,,,,,,,,,,,,,,,,,,,,,,,,,,,,10.841031700139865,10.841031700139865,return,0.16295119980350137,,,,,,,,,,,,,,,,,,,,,,,,727371,001,2023-10-04_19h11.07.763,generalizability,2022.2.5,59.9979721229474,
,,,,,,,,,,,,,,,,,,,,,,,,,,,,,,,,,,,,,,,,,,11.024378800066188,11.024378800066188,return,0.1596414998639375,,,,,,,,,,,,,,,,,,,,727371,001,2023-10-04_19h11.07.763,generalizability,2022.2.5,59.9979721229474,
shinder,15_dim_sg.PNG,stems_all/15.PNG,stems_all/15_dim_sg.PNG,novel,stems_all/15_dim_pl.PNG,stems_all/15_2.PNG,"[0.2, 0.2]","[0.35, 0.35]","[0.2, 0.22]","[0.2, -0.18]","[-0.2, -0.18]",,,,,,,,,,,,,0,0,0,5,,,,,,,,,,,,,,,,,,,11.207703999942169,12.691108800005168,14.191552000120282,14.224889500066638,14.224889500066638,14.224889500066638,14.224889500066638,14.941655199974775,14.941655199974775,14.941655199974775,14.974942100001499,14.974942100001499,14.974942100001499,shindernem,return,1.8836444998160005,16.84167110011913,17.591634399956092,,727371,001,2023-10-04_19h11.07.763,generalizability,2022.2.5,59.9979721229474,
,,,,,,,,,,,,,,,,,,,,,,,,,,,,,,,,,,,,,,,,,,,,,,17.591634399956092,19.091653200099245,20.591851300094277,20.591851300094277,20.591851300094277,20.591851300094277,20.591851300094277,21.34169359994121,21.34169359994121,21.34169359994121,21.34169359994121,21.34169359994121,21.34169359994121,,,,,,20.591851300094277,,,,,,,
