﻿which_condition.thisRepN,which_condition.thisTrialN,which_condition.thisN,which_condition.thisIndex,production_block.thisRepN,production_block.thisTrialN,production_block.thisN,production_block.thisIndex,prod_label,file,prod_image,prod_condition,begin_text.started,key_resp_11.started,key_resp_11.keys,key_resp_11.rt,consent_image.started,text_10.started,consent_resp.started,consent_resp.keys,consent_resp.rt,demographic_instr.started,text_9.started,key_resp_3.started,key_resp_3.keys,key_resp_3.rt,age_text.started,textbox.started,key_resp_5.started,text_3.started,textbox.text,key_resp_5.keys,key_resp_5.rt,age_text_2.started,textbox_2.started,key_resp_6.started,text_4.started,textbox_2.text,key_resp_6.keys,key_resp_6.rt,age_text_3.started,textbox_3.started,key_resp_7.started,text_5.started,textbox_3.text,key_resp_7.keys,key_resp_7.rt,age_text_5.started,textbox_5.started,key_resp_9.started,text_7.started,textbox_5.text,key_resp_9.keys,key_resp_9.rt,age_text_6.started,textbox_6.started,key_resp_10.started,text_8.started,textbox_6.text,key_resp_10.keys,key_resp_10.rt,age_text_4.started,textbox_4.started,key_resp_8.started,text_6.started,textbox_4.text,key_resp_8.keys,key_resp_8.rt,instructions_text.started,key_resp_4.started,key_resp_4.keys,key_resp_4.rt,experiment_start.started,experiment_start_resp.started,experiment_start_resp.keys,experiment_start_resp.rt,instr.started,key_resp_14.started,key_resp_14.keys,key_resp_14.rt,production_text.started,production_image.started,prod_resp.started,participant,session,date,expName,psychopyVersion,frameRate,
,,,,,,,,,,,,8.840224399988074,8.840224399988074,space,1.163094400020782,,,,,,,,,,,,,,,,,,,,,,,,,,,,,,,,,,,,,,,,,,,,,,,,,,,,,,,,,,,,,,,,,,,,736083,001,2023-08-25_15h55.28.523,Recognizability_SONA,2022.2.5,60.856494304757234,
,,,,,,,,,,,,,,,,10.022698299959302,10.022698299959302,10.022698299959302,space,0.23968970001442358,,,,,,,,,,,,,,,,,,,,,,,,,,,,,,,,,,,,,,,,,,,,,,,,,,,,,,,,,,,,,,,736083,001,2023-08-25_15h55.28.523,Recognizability_SONA,2022.2.5,60.856494304757234,
,,,,,,,,,,,,,,,,,,,,,10.306081999966409,10.306081999966409,10.306081999966409,space,0.20534980000229552,,,,,,,,,,,,,,,,,,,,,,,,,,,,,,,,,,,,,,,,,,,,,,,,,,,,,,,,,,736083,001,2023-08-25_15h55.28.523,Recognizability_SONA,2022.2.5,60.856494304757234,
,,,,,,,,,,,,,,,,,,,,,,,,,,10.539371999970172,10.539371999970172,10.539371999970172,10.539371999970172, ,tab,0.3101421999745071,,,,,,,,,,,,,,,,,,,,,,,,,,,,,,,,,,,,,,,,,,,,,,,,,,,736083,001,2023-08-25_15h55.28.523,Recognizability_SONA,2022.2.5,60.856494304757234,
,,,,,,,,,,,,,,,,,,,,,,,,,,,,,,,,,10.872695299971383,10.872695299971383,10.872695299971383,10.872695299971383,,tab,0.1468363999738358,,,,,,,,,,,,,,,,,,,,,,,,,,,,,,,,,,,,,,,,,,,,736083,001,2023-08-25_15h55.28.523,Recognizability_SONA,2022.2.5,60.856494304757234,
,,,,,,,,,,,,,,,,,,,,,,,,,,,,,,,,,,,,,,,,11.039369200007059,11.039369200007059,11.039369200007059,11.039369200007059,,tab,0.12920560000929981,,,,,,,,,,,,,,,,,,,,,,,,,,,,,,,,,,,,,736083,001,2023-08-25_15h55.28.523,Recognizability_SONA,2022.2.5,60.856494304757234,
,,,,,,,,,,,,,,,,,,,,,,,,,,,,,,,,,,,,,,,,,,,,,,,11.189378699986264,11.189378699986264,11.189378699986264,11.189378699986264,,tab,0.11624309996841475,,,,,,,,,,,,,,,,,,,,,,,,,,,,,,736083,001,2023-08-25_15h55.28.523,Recognizability_SONA,2022.2.5,60.856494304757234,
,,,,,,,,,,,,,,,,,,,,,,,,,,,,,,,,,,,,,,,,,,,,,,,,,,,,,,11.322695799986832,11.322695799986832,11.322695799986832,11.322695799986832,,tab,0.1249435999779962,,,,,,,,,,,,,,,,,,,,,,,736083,001,2023-08-25_15h55.28.523,Recognizability_SONA,2022.2.5,60.856494304757234,
,,,,,,,,,,,,,,,,,,,,,,,,,,,,,,,,,,,,,,,,,,,,,,,,,,,,,,,,,,,,,11.47270959999878,11.47270959999878,11.47270959999878,11.47270959999878,,tab,0.12197040003957227,,,,,,,,,,,,,,,,736083,001,2023-08-25_15h55.28.523,Recognizability_SONA,2022.2.5,60.856494304757234,
,,,,,,,,,,,,,,,,,,,,,,,,,,,,,,,,,,,,,,,,,,,,,,,,,,,,,,,,,,,,,,,,,,,,11.623334100004286,11.623334100004286,space,0.3984368999954313,,,,,,,,,,,,736083,001,2023-08-25_15h55.28.523,Recognizability_SONA,2022.2.5,60.856494304757234,
,,,,,,,,,,,,,,,,,,,,,,,,,,,,,,,,,,,,,,,,,,,,,,,,,,,,,,,,,,,,,,,,,,,,,,,,12.039348499965854,12.039348499965854,space,0.41859029995976016,,,,,,,,736083,001,2023-08-25_15h55.28.523,Recognizability_SONA,2022.2.5,60.856494304757234,
,,,,,,,,,,,,,,,,,,,,,,,,,,,,,,,,,,,,,,,,,,,,,,,,,,,,,,,,,,,,,,,,,,,,,,,,,,,,12.489356299978681,12.489356299978681,space,7.289180700026918,,,,736083,001,2023-08-25_15h55.28.523,Recognizability_SONA,2022.2.5,60.856494304757234,
,,,,,,,,,,,,,,,,,,,,,,,,,,,,,,,,,,,,,,,,,,,,,,,,,,,,,,,,,,,,,,,,,,,,,,,,,,,,,,,,19.82298830000218,19.82298830000218,19.82298830000218,,,,,,,
