﻿demo_info.thisRepN,demo_info.thisTrialN,demo_info.thisN,demo_info.thisIndex,pretraining_plus_test.thisRepN,pretraining_plus_test.thisTrialN,pretraining_plus_test.thisN,pretraining_plus_test.thisIndex,which_condition.thisRepN,which_condition.thisTrialN,which_condition.thisN,which_condition.thisIndex,select_condition,training_block.thisRepN,training_block.thisTrialN,training_block.thisN,training_block.thisIndex,stem,suffix,label,stem_filename,file,filepath,image_size,pretraining,condition,begin_text.started,key_resp_11.started,key_resp_11.keys,key_resp_11.rt,consent_image.started,text_10.started,consent_resp.started,consent_resp.keys,consent_resp.rt,demographic_instr.started,text_9.started,key_resp_3.started,key_resp_3.keys,key_resp_3.rt,age_text.started,textbox.started,key_resp_5.started,text_3.started,textbox.text,key_resp_5.keys,key_resp_5.rt,age_text_2.started,textbox_2.started,key_resp_6.started,text_4.started,textbox_2.text,key_resp_6.keys,key_resp_6.rt,age_text_3.started,textbox_3.started,key_resp_7.started,text_5.started,textbox_3.text,key_resp_7.keys,key_resp_7.rt,age_text_5.started,textbox_5.started,key_resp_9.started,text_7.started,textbox_5.text,key_resp_9.keys,key_resp_9.rt,age_text_6.started,textbox_6.started,key_resp_10.started,text_8.started,textbox_6.text,key_resp_10.keys,key_resp_10.rt,age_text_4.started,textbox_4.started,key_resp_8.started,text_6.started,textbox_4.text,key_resp_8.keys,key_resp_8.rt,instructions_text.started,key_resp_4.started,key_resp_4.keys,key_resp_4.rt,experiment_start.started,experiment_start_resp.started,experiment_start_resp.keys,experiment_start_resp.rt,participant,session,date,expName,psychopyVersion,frameRate,
,,,,,,,,,,,,,,,,,,,,,,,,0,2,20.46917139994912,20.46917139994912,space,1.047057299874723,,,,,,,,,,,,,,,,,,,,,,,,,,,,,,,,,,,,,,,,,,,,,,,,,,,,,,,,,,,,,740575,001,2023-09-27_11h31.49.854,generalizability,2022.2.5,60.00196810748034,
0,0,0,0,,,,,,,,,,,,,,,,,,,,,,,,,,,21.534848700044677,21.534848700044677,21.534848700044677,space,0.5644896999001503,22.13483539992012,22.13483539992012,22.13483539992012,space,0.6136747999116778,22.768193199997768,22.768193199997768,22.768193199997768,22.768193199997768, ,return,1.1655563998501748,23.951560199959204,23.951560199959204,23.951560199959204,23.951560199959204,"

",return,0.1682345001026988,24.151553999865428,24.151553999865428,24.151553999865428,24.151553999865428,,return,0.1422751999925822,24.31818820000626,24.31818820000626,24.31818820000626,24.31818820000626,"
",return,0.1136813999619335,24.45160789997317,24.45160789997317,24.45160789997317,24.45160789997317,"
",return,0.15729450015351176,24.634945000056177,24.634945000056177,24.634945000056177,24.634945000056177,"
",return,0.24902319977991283,,,,,,,,,740575,001,2023-09-27_11h31.49.854,generalizability,2022.2.5,60.00196810748034,
,,,,,,,,,,,,,,,,,,,,,,,,,,,,,,,,,,,,,,,,,,,,,,,,,,,,,,,,,,,,,,,,,,,,,,,,,,,,,,,,,,24.918240000028163,24.918240000028163,space,0.6798888000193983,,,,,740575,001,2023-09-27_11h31.49.854,generalizability,2022.2.5,60.00196810748034,
,,,,,,,,,,,,,,,,,,,,,,,,,,,,,,,,,,,,,,,,,,,,,,,,,,,,,,,,,,,,,,,,,,,,,,,,,,,,,,,,,,,,,,25.61821089987643,25.61821089987643,space,0.885143400169909,740575,001,2023-09-27_11h31.49.854,generalizability,2022.2.5,60.00196810748034,
