﻿select_condition,stem,suffix,label,stem_filename,file,filepath,which_condition.thisRepN,which_condition.thisTrialN,which_condition.thisN,which_condition.thisIndex,dantype_loop.thisRepN,dantype_loop.thisTrialN,dantype_loop.thisN,dantype_loop.thisIndex,begin_text.started,key_resp_11.started,key_resp_11.keys,key_resp_11.rt,consent_image.started,text_10.started,consent_resp.started,consent_resp.keys,consent_resp.rt,demographic_instr.started,text_9.started,key_resp_3.started,key_resp_3.keys,key_resp_3.rt,age_text.started,textbox.started,key_resp_5.started,text_3.started,textbox.text,key_resp_5.keys,key_resp_5.rt,age_text_2.started,textbox_2.started,key_resp_6.started,text_4.started,textbox_2.text,key_resp_6.keys,key_resp_6.rt,age_text_3.started,textbox_3.started,key_resp_7.started,text_5.started,textbox_3.text,key_resp_7.keys,key_resp_7.rt,age_text_5.started,textbox_5.started,key_resp_9.started,text_7.started,textbox_5.text,key_resp_9.keys,key_resp_9.rt,age_text_6.started,textbox_6.started,key_resp_10.started,text_8.started,textbox_6.text,key_resp_10.keys,key_resp_10.rt,age_text_4.started,textbox_4.started,key_resp_8.started,text_6.started,textbox_4.text,key_resp_8.keys,key_resp_8.rt,instructions_text.started,key_resp_4.started,key_resp_4.keys,key_resp_4.rt,experiment_start.started,experiment_start_resp.started,experiment_start_resp.keys,experiment_start_resp.rt,image.started,text_11.started,participant,session,date,expName,psychopyVersion,frameRate,
,,,,,,,,,,,,,,,36.98793449997902,36.98793449997902,space,0.39563210000051185,,,,,,,,,,,,,,,,,,,,,,,,,,,,,,,,,,,,,,,,,,,,,,,,,,,,,,,,,,,,,,,783196,001,2023-08-25_15h03.51.787,Recognizability_SONA,2022.2.5,60.00214807928742,
,,,,,,,,,,,,,,,,,,,37.40366080001695,37.40366080001695,37.40366080001695,space,0.3139683000044897,,,,,,,,,,,,,,,,,,,,,,,,,,,,,,,,,,,,,,,,,,,,,,,,,,,,,,,,,,783196,001,2023-08-25_15h03.51.787,Recognizability_SONA,2022.2.5,60.00214807928742,
,,,,,,,,,,,,,,,,,,,,,,,,37.75363099999959,37.75363099999959,37.75363099999959,space,0.3110702999983914,,,,,,,,,,,,,,,,,,,,,,,,,,,,,,,,,,,,,,,,,,,,,,,,,,,,,783196,001,2023-08-25_15h03.51.787,Recognizability_SONA,2022.2.5,60.00214807928742,
,,,,,,,,,,,,,,,,,,,,,,,,,,,,,38.08697760000359,38.08697760000359,38.08697760000359,38.08697760000359, ,tab,0.31480509997345507,,,,,,,,,,,,,,,,,,,,,,,,,,,,,,,,,,,,,,,,,,,,,,783196,001,2023-08-25_15h03.51.787,Recognizability_SONA,2022.2.5,60.00214807928742,
,,,,,,,,,,,,,,,,,,,,,,,,,,,,,,,,,,,,38.420295399962924,38.420295399962924,38.420295399962924,38.420295399962924,,tab,0.16252940002596006,,,,,,,,,,,,,,,,,,,,,,,,,,,,,,,,,,,,,,,783196,001,2023-08-25_15h03.51.787,Recognizability_SONA,2022.2.5,60.00214807928742,
,,,,,,,,,,,,,,,,,,,,,,,,,,,,,,,,,,,,,,,,,,,38.603591799968854,38.603591799968854,38.603591799968854,38.603591799968854,,tab,0.14235270000062883,,,,,,,,,,,,,,,,,,,,,,,,,,,,,,,,783196,001,2023-08-25_15h03.51.787,Recognizability_SONA,2022.2.5,60.00214807928742,
,,,,,,,,,,,,,,,,,,,,,,,,,,,,,,,,,,,,,,,,,,,,,,,,,,38.770281600009184,38.770281600009184,38.770281600009184,38.770281600009184,,tab,0.128610200015828,,,,,,,,,,,,,,,,,,,,,,,,,783196,001,2023-08-25_15h03.51.787,Recognizability_SONA,2022.2.5,60.00214807928742,
,,,,,,,,,,,,,,,,,,,,,,,,,,,,,,,,,,,,,,,,,,,,,,,,,,,,,,,,,38.920279300014954,38.920279300014954,38.920279300014954,38.920279300014954,,tab,0.14066500001354143,,,,,,,,,,,,,,,,,,783196,001,2023-08-25_15h03.51.787,Recognizability_SONA,2022.2.5,60.00214807928742,
,,,,,,,,,,,,,,,,,,,,,,,,,,,,,,,,,,,,,,,,,,,,,,,,,,,,,,,,,,,,,,,,39.08697389997542,39.08697389997542,39.08697389997542,39.08697389997542,,tab,0.2430175999761559,,,,,,,,,,,783196,001,2023-08-25_15h03.51.787,Recognizability_SONA,2022.2.5,60.00214807928742,
,,,,,,,,,,,,,,,,,,,,,,,,,,,,,,,,,,,,,,,,,,,,,,,,,,,,,,,,,,,,,,,,,,,,,,,39.35360600001877,39.35360600001877,space,0.5715219000121579,,,,,,,783196,001,2023-08-25_15h03.51.787,Recognizability_SONA,2022.2.5,60.00214807928742,
,,,,,,,,,,,,,,,,,,,,,,,,,,,,,,,,,,,,,,,,,,,,,,,,,,,,,,,,,,,,,,,,,,,,,,,,,,,39.95385260001058,39.95385260001058,space,0.3563537000445649,,,783196,001,2023-08-25_15h03.51.787,Recognizability_SONA,2022.2.5,60.00214807928742,
Condition3.csv,pipa,dan,pipadan,5,5_2.PNG,stems_all/5_2.PNG,0,0,0,0,0,0,0,4,,,,,,,,,,,,,,,,,,,,,,,,,,,,,,,,,,,,,,,,,,,,,,,,,,,,,,,,,,,,,,,,,40.42040239996277,40.42040239996277,783196,001,2023-08-25_15h03.51.787,Recognizability_SONA,2022.2.5,60.00214807928742,
,,,,,,,,,,,,,,,,,,,,,,,,,,,,,,,,,,,,,,,,,,,,,,,,,,,,,,,,,,,,,,,,,,,,,,,,,,,,,,,42.38707290001912,42.38707290001912,,,,,,,
