﻿select_condition,stem,suffix,label,stem_filename,file,filepath,demo_info.thisRepN,demo_info.thisTrialN,demo_info.thisN,demo_info.thisIndex,which_condition.thisRepN,which_condition.thisTrialN,which_condition.thisN,which_condition.thisIndex,training_block.thisRepN,training_block.thisTrialN,training_block.thisN,training_block.thisIndex,begin_text.started,key_resp_11.started,key_resp_11.keys,key_resp_11.rt,instructions_text.started,key_resp_4.started,key_resp_4.keys,key_resp_4.rt,experiment_start.started,experiment_start_resp.started,experiment_start_resp.keys,experiment_start_resp.rt,image.started,text_11.started,image.stopped,text_11.stopped,participant,session,date,expName,psychopyVersion,frameRate,
,,,,,,,,,,,,,,,,,,,8.842667800141498,8.842667800141498,space,0.2854289000388235,,,,,,,,,,,,,786671,001,2023-09-06_10h37.58.311,Recognizability_SONA,2022.2.5,59.982029442661,
,,,,,,,,,,,,,,,,,,,,,,,9.175064200069755,9.175064200069755,space,0.27809649985283613,,,,,,,,,786671,001,2023-09-06_10h37.58.311,Recognizability_SONA,2022.2.5,59.982029442661,
,,,,,,,,,,,,,,,,,,,,,,,,,,,9.475299900164828,9.475299900164828,space,0.4539773999713361,,,,,786671,001,2023-09-06_10h37.58.311,Recognizability_SONA,2022.2.5,59.982029442661,
Condition1.csv,bal,dan,baldan,1,1_2.PNG,stems_all/1_2.PNG,,,,,0,0,0,0,0,0,0,0,,,,,,,,,,,,,10.191766500007361,10.191766500007361,11.941811900120229,11.941811900120229,786671,001,2023-09-06_10h37.58.311,Recognizability_SONA,2022.2.5,59.982029442661,
Condition1.csv,berko,dan,berkodan,2,2_2.PNG,stems_all/2_2.PNG,,,,,0,0,0,0,0,1,1,1,,,,,,,,,,,,,12.19185970001854,12.19185970001854,13.975343400146812,13.975343400146812,786671,001,2023-09-06_10h37.58.311,Recognizability_SONA,2022.2.5,59.982029442661,
Condition1.csv,kora,dan,koradan,3,3_2.PNG,stems_all/3_2.PNG,,,,,0,0,0,0,0,2,2,2,,,,,,,,,,,,,14.191983300028369,14.191983300028369,15.941821200074628,15.941821200074628,786671,001,2023-09-06_10h37.58.311,Recognizability_SONA,2022.2.5,59.982029442661,
Condition1.csv,nako,dan,nakodan,4,4_2.PNG,stems_all/4_2.PNG,,,,,0,0,0,0,0,3,3,3,,,,,,,,,,,,,16.191891600145027,16.191891600145027,17.941957000177354,17.941957000177354,786671,001,2023-09-06_10h37.58.311,Recognizability_SONA,2022.2.5,59.982029442661,
Condition1.csv,pipa,dan,pipadan,5,5_2.PNG,stems_all/5_2.PNG,,,,,0,0,0,0,0,4,4,4,,,,,,,,,,,,,18.19212880008854,18.19212880008854,19.97541780001484,19.97541780001484,786671,001,2023-09-06_10h37.58.311,Recognizability_SONA,2022.2.5,59.982029442661,
Condition1.csv,bani,dan,banidan,6,6_2.PNG,stems_all/6_2.PNG,,,,,0,0,0,0,0,5,5,5,,,,,,,,,,,,,20.192562700016424,20.192562700016424,21.95899930014275,21.95899930014275,786671,001,2023-09-06_10h37.58.311,Recognizability_SONA,2022.2.5,59.982029442661,
Condition1.csv,chool,dan,chooldan,7,7_2.PNG,stems_all/7_2.PNG,,,,,0,0,0,0,0,6,6,6,,,,,,,,,,,,,22.192011300008744,22.192011300008744,23.958626200212166,23.958626200212166,786671,001,2023-09-06_10h37.58.311,Recognizability_SONA,2022.2.5,59.982029442661,
Condition1.csv,kudom,dan,kudomdan,8,8_2.PNG,stems_all/8_2.PNG,,,,,0,0,0,0,0,7,7,7,,,,,,,,,,,,,24.192279600072652,24.192279600072652,25.97542730020359,25.97542730020359,786671,001,2023-09-06_10h37.58.311,Recognizability_SONA,2022.2.5,59.982029442661,
Condition1.csv,osto,dan,ostodan,9,9_2.PNG,stems_all/9_2.PNG,,,,,0,0,0,0,0,8,8,8,,,,,,,,,,,,,26.192138200160116,26.192138200160116,27.97541070007719,27.97541070007719,786671,001,2023-09-06_10h37.58.311,Recognizability_SONA,2022.2.5,59.982029442661,
Condition1.csv,vorke,dan,vorkedan,10,10_2.PNG,stems_all/10_2.PNG,,,,,0,0,0,0,0,9,9,9,,,,,,,,,,,,,28.192158700199798,28.192158700199798,29.95876480010338,29.95876480010338,786671,001,2023-09-06_10h37.58.311,Recognizability_SONA,2022.2.5,59.982029442661,
Condition1.csv,bin,dan,bindan,11,11_2.PNG,stems_all/11_2.PNG,,,,,0,0,0,0,0,10,10,10,,,,,,,,,,,,,30.192564700031653,30.192564700031653,31.958835000172257,31.958835000172257,786671,001,2023-09-06_10h37.58.311,Recognizability_SONA,2022.2.5,59.982029442661,
Condition1.csv,mero,dan,merodan,12,12_2.PNG,stems_all/12_2.PNG,,,,,0,0,0,0,0,11,11,11,,,,,,,,,,,,,32.192179900128394,32.192179900128394,33.942183000035584,33.942183000035584,786671,001,2023-09-06_10h37.58.311,Recognizability_SONA,2022.2.5,59.982029442661,
Condition1.csv,bal,nem,balnem,1,1_dim_sg.PNG,stems_all/1_dim_sg.PNG,,,,,0,0,0,0,0,12,12,12,,,,,,,,,,,,,34.192276700166985,34.192276700166985,35.94223540020175,35.94223540020175,786671,001,2023-09-06_10h37.58.311,Recognizability_SONA,2022.2.5,59.982029442661,
Condition1.csv,bal,nem,balnem,1,1_dim_sg.PNG,stems_all/1_dim_sg.PNG,,,,,0,0,0,0,0,13,13,13,,,,,,,,,,,,,36.192251700209454,36.192251700209454,37.942190300207585,37.942190300207585,786671,001,2023-09-06_10h37.58.311,Recognizability_SONA,2022.2.5,59.982029442661,
Condition1.csv,bal,nem,balnem,1,1_dim_sg.PNG,stems_all/1_dim_sg.PNG,,,,,0,0,0,0,0,14,14,14,,,,,,,,,,,,,38.192245200043544,38.192245200043544,39.94230190012604,39.94230190012604,786671,001,2023-09-06_10h37.58.311,Recognizability_SONA,2022.2.5,59.982029442661,
Condition1.csv,bal,nem,balnem,1,1_dim_sg.PNG,stems_all/1_dim_sg.PNG,,,,,0,0,0,0,0,15,15,15,,,,,,,,,,,,,40.19227490015328,40.19227490015328,41.942278100177646,41.942278100177646,786671,001,2023-09-06_10h37.58.311,Recognizability_SONA,2022.2.5,59.982029442661,
Condition1.csv,berko,nem,berkonem,2,2_dim_sg.PNG,stems_all/2_dim_sg.PNG,,,,,0,0,0,0,0,16,16,16,,,,,,,,,,,,,42.192318400135264,42.192318400135264,43.94226930011064,43.94226930011064,786671,001,2023-09-06_10h37.58.311,Recognizability_SONA,2022.2.5,59.982029442661,
Condition1.csv,berko,nem,berkonem,2,2_dim_sg.PNG,stems_all/2_dim_sg.PNG,,,,,0,0,0,0,0,17,17,17,,,,,,,,,,,,,44.19234970002435,44.19234970002435,45.94231540011242,45.94231540011242,786671,001,2023-09-06_10h37.58.311,Recognizability_SONA,2022.2.5,59.982029442661,
,,,,,,,,,,,,,,,,,,,,,,,,,,,,,,,46.192369600059465,46.192369600059465,,,,,,,,,
