﻿demo_info.thisRepN,demo_info.thisTrialN,demo_info.thisN,demo_info.thisIndex,which_condition.thisRepN,which_condition.thisTrialN,which_condition.thisN,which_condition.thisIndex,production_block.thisRepN,production_block.thisTrialN,production_block.thisN,production_block.thisIndex,comprehension_block.thisRepN,comprehension_block.thisTrialN,comprehension_block.thisN,comprehension_block.thisIndex,stem,left_label,left_suffix,right_label,right_suffix,comp_image,comp_condition_stem,comp_condition_suffix,begin_text.started,key_resp_11.started,key_resp_11.keys,key_resp_11.rt,instructions_text.started,key_resp_4.started,key_resp_4.keys,key_resp_4.rt,experiment_start.started,experiment_start_resp.started,experiment_start_resp.keys,experiment_start_resp.rt,instr.started,key_resp_14.started,key_resp_14.keys,key_resp_14.rt,text_13.started,text_13.stopped,participant,session,date,expName,psychopyVersion,frameRate,
,,,,,,,,,,,,,,,,,,,,,,,,11.964827900053933,11.964827900053933,space,0.37576329993316904,,,,,,,,,,,,,,,792450,001,2023-08-26_16h24.49.657,Recognizability_SONA,2022.2.5,60.03698277643721,
,,,,,,,,,,,,,,,,,,,,,,,,,,,,12.380762700049672,12.380762700049672,space,0.6329365999554284,,,,,,,,,,,792450,001,2023-08-26_16h24.49.657,Recognizability_SONA,2022.2.5,60.03698277643721,
,,,,,,,,,,,,,,,,,,,,,,,,,,,,,,,,13.030693000007886,13.030693000007886,space,0.5031608999706805,,,,,,,792450,001,2023-08-26_16h24.49.657,Recognizability_SONA,2022.2.5,60.03698277643721,
,,,,,,,,,,,,,,,,,,,,,,,,,,,,,,,,,,,,13.56400420004502,13.56400420004502,space,0.4389287999365479,,,792450,001,2023-08-26_16h24.49.657,Recognizability_SONA,2022.2.5,60.03698277643721,
,,,,,,,,,,,,,,,,,,,,,,,,,,,,,,,,,,,,,,,,14.030710000020918,,,,,,,,
