﻿prod_label,file,prod_image,prod_condition,demo_info.thisRepN,demo_info.thisTrialN,demo_info.thisN,demo_info.thisIndex,which_condition.thisRepN,which_condition.thisTrialN,which_condition.thisN,which_condition.thisIndex,production_block.thisRepN,production_block.thisTrialN,production_block.thisN,production_block.thisIndex,begin_text.started,key_resp_11.started,key_resp_11.keys,key_resp_11.rt,instructions_text.started,key_resp_4.started,key_resp_4.keys,key_resp_4.rt,experiment_start.started,experiment_start_resp.started,experiment_start_resp.keys,experiment_start_resp.rt,instr.started,key_resp_14.started,key_resp_14.keys,key_resp_14.rt,production_text.started,production_image.started,prod_resp.started,text_12.started,key_resp_15.started,prod_resp.text,key_resp_15.keys,key_resp_15.rt,participant,session,date,expName,psychopyVersion,frameRate,
,,,,,,,,,,,,,,,,9.843118200020399,9.843118200020399,space,2.0982716000289656,,,,,,,,,,,,,,,,,,,,,842069,001,2023-08-25_16h05.11.687,Recognizability_SONA,2022.2.5,60.011474183426465,
,,,,,,,,,,,,,,,,,,,,11.975486000010278,11.975486000010278,space,1.6712163000483997,,,,,,,,,,,,,,,,,842069,001,2023-08-25_16h05.11.687,Recognizability_SONA,2022.2.5,60.011474183426465,
,,,,,,,,,,,,,,,,,,,,,,,,13.675498900003731,13.675498900003731,space,1.2115019999910146,,,,,,,,,,,,,842069,001,2023-08-25_16h05.11.687,Recognizability_SONA,2022.2.5,60.011474183426465,
,,,,,,,,,,,,,,,,,,,,,,,,,,,,14.908816599985585,14.908816599985585,space,1.0854043999570422,,,,,,,,,842069,001,2023-08-25_16h05.11.687,Recognizability_SONA,2022.2.5,60.011474183426465,
shinder,15_dim_sg.PNG,stems_all/15_dim_sg.PNG,novel,,,,,,,,,0,0,0,5,,,,,,,,,,,,,,,,,16.02550380001776,16.02550380001776,16.02550380001776,16.02550380001776,16.02550380001776,shinderdan,space,4.324681899975985,842069,001,2023-08-25_16h05.11.687,Recognizability_SONA,2022.2.5,60.011474183426465,
pil,13_dim_pl.PNG,stems_all/13_dim_pl.PNG,novel,,,,,,,,,0,1,1,9,,,,,,,,,,,,,,,,,20.37558170000557,20.37558170000557,20.37558170000557,20.37558170000557,20.37558170000557,pilnem,space,2.0901314000366256,842069,001,2023-08-25_16h05.11.687,Recognizability_SONA,2022.2.5,60.011474183426465,
pil,13_dim_sg.PNG,stems_all/13_dim_sg.PNG,novel,,,,,,,,,0,2,2,3,,,,,,,,,,,,,,,,,22.49224500003038,22.49224500003038,22.49224500003038,22.49224500003038,22.49224500003038,pilsil,space,2.5060421000234783,842069,001,2023-08-25_16h05.11.687,Recognizability_SONA,2022.2.5,60.011474183426465,
berko,2_dim_pl.PNG,stems_all/2_dim_pl.PNG,familiar,,,,,,,,,0,3,3,7,,,,,,,,,,,,,,,,,25.025599199987482,25.025599199987482,25.025599199987482,25.025599199987482,25.025599199987482,berkodan,space,3.30844639998395,842069,001,2023-08-25_16h05.11.687,Recognizability_SONA,2022.2.5,60.011474183426465,
,,,,,,,,,,,,,,,,,,,,,,,,,,,,,,,,28.358974700036924,28.358974700036924,28.358974700036924,28.358974700036924,28.358974700036924,,,,,,,,,,
