﻿select_condition,stem,suffix,label,stem_filename,file,filepath,image_size,demo_info.thisRepN,demo_info.thisTrialN,demo_info.thisN,demo_info.thisIndex,pretraining_plus_test.thisRepN,pretraining_plus_test.thisTrialN,pretraining_plus_test.thisN,pretraining_plus_test.thisIndex,which_condition.thisRepN,which_condition.thisTrialN,which_condition.thisN,which_condition.thisIndex,training_block.thisRepN,training_block.thisTrialN,training_block.thisN,training_block.thisIndex,pretraining,condition,begin_text.started,key_resp_11.started,key_resp_11.keys,key_resp_11.rt,consent_image.started,text_10.started,consent_resp.started,consent_resp.keys,consent_resp.rt,demographic_instr.started,text_9.started,key_resp_3.started,key_resp_3.keys,key_resp_3.rt,age_text.started,textbox.started,key_resp_5.started,text_3.started,textbox.text,key_resp_5.keys,key_resp_5.rt,age_text_2.started,textbox_2.started,key_resp_6.started,text_4.started,textbox_2.text,key_resp_6.keys,key_resp_6.rt,age_text_3.started,textbox_3.started,key_resp_7.started,text_5.started,textbox_3.text,key_resp_7.keys,key_resp_7.rt,age_text_5.started,textbox_5.started,key_resp_9.started,text_7.started,textbox_5.text,key_resp_9.keys,key_resp_9.rt,age_text_6.started,textbox_6.started,key_resp_10.started,text_8.started,textbox_6.text,key_resp_10.keys,key_resp_10.rt,age_text_4.started,textbox_4.started,key_resp_8.started,text_6.started,textbox_4.text,key_resp_8.keys,key_resp_8.rt,instructions_text.started,key_resp_4.started,key_resp_4.keys,key_resp_4.rt,experiment_start.started,experiment_start_resp.started,experiment_start_resp.keys,experiment_start_resp.rt,image.started,text_11.started,textbox_7.started,key_resp_18.started,textbox_7.text,key_resp_18.keys,key_resp_18.rt,image_8.started,text_17.started,textbox_8.started,image_8.stopped,text_17.stopped,textbox_8.stopped,participant,session,date,expName,psychopyVersion,frameRate,
,,,,,,,,,,,,,,,,,,,,,,,,0,2,8.73123860009946,8.73123860009946,space,0.38705499994102865,,,,,,,,,,,,,,,,,,,,,,,,,,,,,,,,,,,,,,,,,,,,,,,,,,,,,,,,,,,,,,,,,,,,,,,,,,848411,001,2023-09-26_16h17.54.645,generalizability,2022.2.5,59.982713004104276,
,,,,,,,,0,0,0,0,,,,,,,,,,,,,,,,,,,9.147101300070062,9.147101300070062,9.147101300070062,space,0.4862878998974338,9.680494800093584,9.680494800093584,9.680494800093584,space,0.6770560999866575,10.38041169999633,10.38041169999633,10.38041169999633,10.38041169999633, ,return,1.1854322999715805,11.597103500040248,11.597103500040248,11.597103500040248,11.597103500040248,"
",return,0.12876210000831634,11.747117000049911,11.747117000049911,11.747117000049911,11.747117000049911,"
",return,0.15678980003576726,11.930433300090954,11.930433300090954,11.930433300090954,11.930433300090954,"
",return,0.1455087000504136,12.097110000089742,12.097110000089742,12.097110000089742,12.097110000089742,"
",return,0.14990870002657175,12.263815800077282,12.263815800077282,12.263815800077282,12.263815800077282,"
",return,0.24221800011582673,,,,,,,,,,,,,,,,,,,,,,848411,001,2023-09-26_16h17.54.645,generalizability,2022.2.5,59.982713004104276,
,,,,,,,,,,,,,,,,,,,,,,,,,,,,,,,,,,,,,,,,,,,,,,,,,,,,,,,,,,,,,,,,,,,,,,,,,,,,,,,,,,12.547117000096478,12.547117000096478,space,0.51805549999699,,,,,,,,,,,,,,,,,,848411,001,2023-09-26_16h17.54.645,generalizability,2022.2.5,59.982713004104276,
,,,,,,,,,,,,,,,,,,,,,,,,,,,,,,,,,,,,,,,,,,,,,,,,,,,,,,,,,,,,,,,,,,,,,,,,,,,,,,,,,,,,,,13.097186500090174,13.097186500090174,space,0.49310820002574474,,,,,,,,,,,,,,848411,001,2023-09-26_16h17.54.645,generalizability,2022.2.5,59.982713004104276,
Condition2.csv,bal,shoon,balshoon,1,1_dim_sg.PNG,stems_all/1_dim_sg.PNG,"[0.2, 0.2]",,,,,,,,,0,0,0,0,0,0,0,18,,,,,,,,,,,,,,,,,,,,,,,,,,,,,,,,,,,,,,,,,,,,,,,,,,,,,,,,,,,,,,,,,,,13.847164000035264,14.097194300033152,14.097194300033152,14.097194300033152,balshoon,n,1.341493000043556,15.480496700038202,15.480496700038202,15.480496700038202,16.480514300055802,16.480514300055802,16.480514300055802,848411,001,2023-09-26_16h17.54.645,generalizability,2022.2.5,59.982713004104276,
