﻿prod_label,file,prod_image1,prod_image2,prod_condition,alt_image1,alt_image2,prod_image2_size,alt_image2_size,prod_image2_location,alt_image1_location,alt_image2_location,demo_info.thisRepN,demo_info.thisTrialN,demo_info.thisN,demo_info.thisIndex,pretraining_plus_test.thisRepN,pretraining_plus_test.thisTrialN,pretraining_plus_test.thisN,pretraining_plus_test.thisIndex,which_condition.thisRepN,which_condition.thisTrialN,which_condition.thisN,which_condition.thisIndex,production_block.thisRepN,production_block.thisTrialN,production_block.thisN,production_block.thisIndex,pretraining,condition,begin_text.started,key_resp_11.started,key_resp_11.keys,key_resp_11.rt,instructions_text.started,key_resp_4.started,key_resp_4.keys,key_resp_4.rt,experiment_start.started,experiment_start_resp.started,experiment_start_resp.keys,experiment_start_resp.rt,instr.started,key_resp_14.started,key_resp_14.keys,key_resp_14.rt,image_prod1.started,production_text.started,production_text.stopped,production_image.started,image_2.started,alternate_image2.started,image_3.started,prod_resp.started,text_12.started,key_resp_15.started,image_2.stopped,alternate_image2.stopped,image_3.stopped,image_prod1.stopped,prod_resp.text,key_resp_15.keys,key_resp_15.rt,ISI.started,participant,session,date,expName,psychopyVersion,frameRate,
,,,,,,,,,,,,,,,,,,,,,,,,,,,,0,3,7.567714800010435,7.567714800010435,space,0.43724969995673746,,,,,,,,,,,,,,,,,,,,,,,,,,,,,,,860283,001,2023-09-26_18h11.36.015,generalizability,2022.2.5,59.98163359566686,
,,,,,,,,,,,,,,,,,,,,,,,,,,,,,,,,,,8.049875300028361,8.049875300028361,space,0.3481283000437543,,,,,,,,,,,,,,,,,,,,,,,,,,,860283,001,2023-09-26_18h11.36.015,generalizability,2022.2.5,59.98163359566686,
,,,,,,,,,,,,,,,,,,,,,,,,,,,,,,,,,,,,,,8.416568899992853,8.416568899992853,space,0.3565228000516072,,,,,,,,,,,,,,,,,,,,,,,860283,001,2023-09-26_18h11.36.015,generalizability,2022.2.5,59.98163359566686,
,,,,,,,,,,,,,,,,,,,,,,,,,,,,,,,,,,,,,,,,,,8.799878699937835,8.799878699937835,space,1.71862079994753,,,,,,,,,,,,,,,,,,,860283,001,2023-09-26_18h11.36.015,generalizability,2022.2.5,59.98163359566686,
bal,1_2.PNG,stems_all/1.PNG,stems_all/1_2.PNG,familiar,stems_all/1_dim_sg.PNG,stems_all/1_dim_pl.PNG,"[0.35, 0.35]","[0.2, 0.2]","[-0.2, -0.2]","[0.2, 0.2]","[0.2, -0.2]",,,,,,,,,,,,,0,0,0,12,,,,,,,,,,,,,,,,,,,10.599904599948786,11.033268600003794,11.533283299999312,11.533283299999312,11.533283299999312,11.533283299999312,11.533283299999312,12.033275999943726,12.033275999943726,12.033275999943726,12.033275999943726,12.033275999943726,12.033275999943726,12.09991240000818,"baldan
",return,7.267159599927254,1.3899989426136017e-05,860283,001,2023-09-26_18h11.36.015,generalizability,2022.2.5,59.98163359566686,
,,,,,,,,,,,,,,,,,,,,,,,,,,,,,,,,,,,,,,,,,,,,,,20.150094000040554,20.5667232000269,21.066728799953125,21.066728799953125,21.066728799953125,21.066728799953125,21.066728799953125,21.566736400010996,21.566736400010996,21.566736400010996,21.566736400010996,21.566736400010996,21.566736400010996,21.650073900003918,,,,,,,,,,,
