﻿select_condition,stem,suffix,label,stem_filename,file,filepath,image_size,demo_info.thisRepN,demo_info.thisTrialN,demo_info.thisN,demo_info.thisIndex,pretraining_plus_test.thisRepN,pretraining_plus_test.thisTrialN,pretraining_plus_test.thisN,pretraining_plus_test.thisIndex,which_condition.thisRepN,which_condition.thisTrialN,which_condition.thisN,which_condition.thisIndex,training_block.thisRepN,training_block.thisTrialN,training_block.thisN,training_block.thisIndex,pretraining,condition,begin_text.started,key_resp_11.started,key_resp_11.keys,key_resp_11.rt,consent_image.started,text_10.started,consent_resp.started,consent_resp.keys,consent_resp.rt,demographic_instr.started,text_9.started,key_resp_3.started,key_resp_3.keys,key_resp_3.rt,age_text.started,textbox.started,key_resp_5.started,text_3.started,textbox.text,key_resp_5.keys,key_resp_5.rt,age_text_5.started,textbox_5.started,key_resp_9.started,text_7.started,textbox_5.text,key_resp_9.keys,key_resp_9.rt,age_text_6.started,textbox_6.started,key_resp_10.started,text_8.started,textbox_6.text,key_resp_10.keys,key_resp_10.rt,instructions_text.started,key_resp_4.started,key_resp_4.keys,key_resp_4.rt,experiment_start.started,experiment_start_resp.started,experiment_start_resp.keys,experiment_start_resp.rt,text_28.started,image.started,text_11.started,textbox_7.started,key_resp_18.started,textbox_7.text,key_resp_18.keys,key_resp_18.rt,image_8.started,text_17.started,textbox_8.started,text_29.started,image_8.stopped,text_17.stopped,textbox_8.stopped,text_29.stopped,text_25.started,text_25.stopped,participant,session,date,expName,psychopyVersion,frameRate,
,,,,,,,,,,,,,,,,,,,,,,,,0,2,9.017216600012034,9.017216600012034,space,0.6743730998132378,,,,,,,,,,,,,,,,,,,,,,,,,,,,,,,,,,,,,,,,,,,,,,,,,,,,,,,,,,866403,001,2023-10-05_12h18.49.527,generalizability,2022.2.5,60.83794534860683,
,,,,,,,,0,0,0,0,,,,,,,,,,,,,,,,,,,9.716056100092828,9.716056100092828,9.716056100092828,space,0.20359209994785488,9.966147900093347,9.966147900093347,9.966147900093347,space,0.3445765997748822,10.332762999925762,10.332762999925762,10.332762999925762,10.332762999925762, ,return,0.5761122000403702,10.932752500055358,10.932752500055358,10.932752500055358,10.932752500055358,"
",return,0.1581388998311013,11.116040399996564,11.116040399996564,11.116040399996564,11.116040399996564,"
",return,0.14492379990406334,,,,,,,,,,,,,,,,,,,,,,,,,,,866403,001,2023-10-05_12h18.49.527,generalizability,2022.2.5,60.83794534860683,
,,,,,,,,,,,,,,,,,,,,,,,,,,,,,,,,,,,,,,,,,,,,,,,,,,,,,,,,,,,,,11.299425800098106,11.299425800098106,return,0.13358579971827567,,,,,,,,,,,,,,,,,,,,,,,866403,001,2023-10-05_12h18.49.527,generalizability,2022.2.5,60.83794534860683,
,,,,,,,,,,,,,,,,,,,,,,,,,,,,,,,,,,,,,,,,,,,,,,,,,,,,,,,,,,,,,,,,,11.468448800034821,11.468448800034821,return,0.46467159991152585,,,,,,,,,,,,,,,,,,,866403,001,2023-10-05_12h18.49.527,generalizability,2022.2.5,60.83794534860683,
Condition2.csv,bal,dan,baldan,1,1_2.PNG,stems_all/1_2.PNG,"[0.35, 0.35]",,,,,,,,,0,0,0,0,0,0,0,3,,,,,,,,,,,,,,,,,,,,,,,,,,,,,,,,,,,,,,,,,,,,,,11.982732800068334,12.19938990008086,13.449451999971643,13.449451999971643,13.449451999971643,baldan,return,5.6682617999613285,19.149474800098687,19.149474800098687,19.149474800098687,19.149474800098687,19.6497216001153,19.6497216001153,19.6497216001153,19.6497216001153,19.6497216001153,20.399477400118485,866403,001,2023-10-05_12h18.49.527,generalizability,2022.2.5,60.83794534860683,
Condition2.csv,kora,sil,korasil,3,3_2.PNG,stems_all/3_2.PNG,"[0.35, 0.35]",,,,,,,,,0,0,0,0,0,1,1,17,,,,,,,,,,,,,,,,,,,,,,,,,,,,,,,,,,,,,,,,,,,,,,20.399477400118485,20.633063100045547,21.899535099975765,21.899535099975765,21.899535099975765,korasil,return,1.9422526999842376,23.86618659994565,23.86618659994565,23.86618659994565,23.86618659994565,24.36872550006956,24.36872550006956,24.36872550006956,24.36872550006956,24.36872550006956,,866403,001,2023-10-05_12h18.49.527,generalizability,2022.2.5,60.83794534860683,
Condition2.csv,berko,dan,berkodan,2,2_2.PNG,stems_all/2_2.PNG,"[0.35, 0.35]",,,,,,,,,0,0,0,0,0,2,2,5,,,,,,,,,,,,,,,,,,,,,,,,,,,,,,,,,,,,,,,,,,,,,,25.14991099992767,25.34957049996592,26.59961699997075,26.59961699997075,26.59961699997075,berkodan,return,2.6514046997763216,29.282920300029218,29.282920300029218,29.282920300029218,29.282920300029218,29.783047700067982,29.783047700067982,29.783047700067982,29.783047700067982,29.783047700067982,,866403,001,2023-10-05_12h18.49.527,generalizability,2022.2.5,60.83794534860683,
,,,,,,,,,,,,,,,,,,,,,,,,,,,,,,,,,,,,,,,,,,,,,,,,,,,,,,,,,,,,,,,,,,,,,30.533040300011635,30.783306000055745,,,,,,,,,,,,,,,,,,,,,,,
