﻿prod_label,file,prod_image1,prod_image2,prod_condition,alt_image1,alt_image2,prod_image2_size,alt_image2_size,prod_image2_location,alt_image1_location,alt_image2_location,demo_info.thisRepN,demo_info.thisTrialN,demo_info.thisN,demo_info.thisIndex,pretraining_plus_test.thisRepN,pretraining_plus_test.thisTrialN,pretraining_plus_test.thisN,pretraining_plus_test.thisIndex,which_condition.thisRepN,which_condition.thisTrialN,which_condition.thisN,which_condition.thisIndex,production_block.thisRepN,production_block.thisTrialN,production_block.thisN,production_block.thisIndex,pretraining,condition,begin_text.started,key_resp_11.started,key_resp_11.keys,key_resp_11.rt,instructions_text.started,key_resp_4.started,key_resp_4.keys,key_resp_4.rt,experiment_start.started,experiment_start_resp.started,experiment_start_resp.keys,experiment_start_resp.rt,instr.started,key_resp_14.started,key_resp_14.keys,key_resp_14.rt,image_prod1.started,production_text.started,production_text.stopped,production_image.started,image_2.started,alternate_image2.started,image_3.started,image_prod1.stopped,prod_resp.started,text_12.started,key_resp_15.started,image_2.stopped,alternate_image2.stopped,image_3.stopped,production_image.stopped,prod_resp.stopped,text_12.stopped,key_resp_15.stopped,prod_resp.text,key_resp_15.keys,ISI.started,participant,session,date,expName,psychopyVersion,frameRate,
,,,,,,,,,,,,,,,,,,,,,,,,,,,,0,3,8.572798899956979,8.572798899956979,space,0.3326582000590861,,,,,,,,,,,,,,,,,,,,,,,,,,,,,,,,,,900133,001,2023-09-26_18h14.27.211,generalizability,2022.2.5,59.988290266412015,
,,,,,,,,,,,,,,,,,,,,,,,,,,,,,,,,,,8.955240500043146,8.955240500043146,space,0.1622545999707654,,,,,,,,,,,,,,,,,,,,,,,,,,,,,,900133,001,2023-09-26_18h14.27.211,generalizability,2022.2.5,59.988290266412015,
,,,,,,,,,,,,,,,,,,,,,,,,,,,,,,,,,,,,,,9.138556799967773,9.138556799967773,space,0.1769906000699848,,,,,,,,,,,,,,,,,,,,,,,,,,900133,001,2023-09-26_18h14.27.211,generalizability,2022.2.5,59.988290266412015,
,,,,,,,,,,,,,,,,,,,,,,,,,,,,,,,,,,,,,,,,,,9.338624099968001,9.338624099968001,space,0.3960083000129089,,,,,,,,,,,,,,,,,,,,,,900133,001,2023-09-26_18h14.27.211,generalizability,2022.2.5,59.988290266412015,
pil,13_dim_sg.PNG,stems_all/13.PNG,stems_all/13_dim_sg.PNG,novel,stems_all/13_dim_pl.PNG,stems_all/13_2.PNG,"[0.2, 0.2]","[0.35, 0.35]","[0.2, 0.2]","[0.2, -0.2]","[-0.2, -0.2]",,,,,,,,,,,,,0,0,0,3,,,,,,,,,,,,,,,,,,,9.821922300034203,10.488607199979015,11.238565600011498,11.238565600011498,11.238565600011498,11.238565600011498,11.238565600011498,11.321935400017537,11.738591699977405,11.738591699977405,11.738591699977405,11.738591699977405,11.738591699977405,11.738591699977405,21.23872260004282,21.738729699980468,21.738729699980468,21.738729699980468,pilnem,None,-0.00027820002287626266,900133,001,2023-09-26_18h14.27.211,generalizability,2022.2.5,59.988290266412015,
,,,,,,,,,,,,,,,,,,,,,,,,,,,,,,,,,,,,,,,,,,,,,,22.505420499946922,23.238749100011773,23.98875230003614,23.98875230003614,23.98875230003614,23.98875230003614,23.98875230003614,24.005426699994132,24.488759999978356,24.488759999978356,24.488759999978356,24.488759999978356,24.488759999978356,24.488759999978356,,,,,,,,,,,,,,
