﻿select_condition,stem,suffix,label,stem_filename,file,filepath,image_size,demo_info.thisRepN,demo_info.thisTrialN,demo_info.thisN,demo_info.thisIndex,which_condition.thisRepN,which_condition.thisTrialN,which_condition.thisN,which_condition.thisIndex,training_block.thisRepN,training_block.thisTrialN,training_block.thisN,training_block.thisIndex,begin_text.started,key_resp_11.started,key_resp_11.keys,key_resp_11.rt,instructions_text.started,key_resp_4.started,key_resp_4.keys,key_resp_4.rt,experiment_start.started,experiment_start_resp.started,experiment_start_resp.keys,experiment_start_resp.rt,image.started,text_11.started,textbox_7.started,key_resp_18.started,text_17.started,textbox_7.text,key_resp_18.keys,key_resp_18.rt,participant,session,date,expName,psychopyVersion,frameRate,
,,,,,,,,,,,,,,,,,,,,9.24305779999122,9.24305779999122,space,0.35233020002488047,,,,,,,,,,,,,,,,,901040,001,2023-09-21_14h23.05.580,Recognizability_SONA,2022.2.5,60.02177592636945,
,,,,,,,,,,,,,,,,,,,,,,,,9.642063800012693,9.642063800012693,space,0.14131910004653037,,,,,,,,,,,,,901040,001,2023-09-21_14h23.05.580,Recognizability_SONA,2022.2.5,60.02177592636945,
,,,,,,,,,,,,,,,,,,,,,,,,,,,,9.808716300060041,9.808716300060041,space,0.13770379999186844,,,,,,,,,901040,001,2023-09-21_14h23.05.580,Recognizability_SONA,2022.2.5,60.02177592636945,
Condition1.csv,bal,dan,baldan,1,1_2.PNG,stems_all/1_2.PNG,"[0.35, 0.35]",,,,,0,0,0,0,0,0,0,0,,,,,,,,,,,,,10.208755600033328,10.208755600033328,10.208755600033328,10.208755600033328,10.208755600033328,Type answer here...bal,return,6.0101085000205785,901040,001,2023-09-21_14h23.05.580,Recognizability_SONA,2022.2.5,60.02177592636945,
Condition1.csv,berko,dan,berkodan,2,2_2.PNG,stems_all/2_2.PNG,"[0.35, 0.35]",,,,,0,0,0,0,0,1,1,1,,,,,,,,,,,,,16.49223139998503,16.49223139998503,16.49223139998503,16.49223139998503,16.49223139998503,"Type answer here...
",return,2.0011397999478504,901040,001,2023-09-21_14h23.05.580,Recognizability_SONA,2022.2.5,60.02177592636945,
,,,,,,,,,,,,,,,,,,,,,,,,,,,,,,,,18.758856900036335,18.758856900036335,18.758856900036335,18.758856900036335,18.758856900036335,,,,,,,,,,
