﻿select_condition,stem,suffix,label,stem_filename,file,filepath,which_condition.thisRepN,which_condition.thisTrialN,which_condition.thisN,which_condition.thisIndex,dantype_loop.thisRepN,dantype_loop.thisTrialN,dantype_loop.thisN,dantype_loop.thisIndex,begin_text.started,key_resp_11.started,key_resp_11.keys,key_resp_11.rt,consent_image.started,text_10.started,consent_resp.started,consent_resp.keys,consent_resp.rt,demographic_instr.started,text_9.started,key_resp_3.started,key_resp_3.keys,key_resp_3.rt,age_text.started,textbox.started,key_resp_5.started,text_3.started,textbox.text,key_resp_5.keys,key_resp_5.rt,age_text_2.started,textbox_2.started,key_resp_6.started,text_4.started,textbox_2.text,key_resp_6.keys,key_resp_6.rt,age_text_3.started,textbox_3.started,key_resp_7.started,text_5.started,textbox_3.text,key_resp_7.keys,key_resp_7.rt,age_text_5.started,textbox_5.started,key_resp_9.started,text_7.started,textbox_5.text,key_resp_9.keys,key_resp_9.rt,age_text_6.started,textbox_6.started,key_resp_10.started,text_8.started,textbox_6.text,key_resp_10.keys,key_resp_10.rt,age_text_4.started,textbox_4.started,key_resp_8.started,text_6.started,textbox_4.text,key_resp_8.keys,key_resp_8.rt,instructions_text.started,key_resp_4.started,key_resp_4.keys,key_resp_4.rt,experiment_start.started,experiment_start_resp.started,experiment_start_resp.keys,experiment_start_resp.rt,image.started,text_11.started,participant,session,date,expName,psychopyVersion,frameRate,
,,,,,,,,,,,,,,,8.264902300026733,8.264902300026733,space,0.5473397999885492,,,,,,,,,,,,,,,,,,,,,,,,,,,,,,,,,,,,,,,,,,,,,,,,,,,,,,,,,,,,,,,909905,001,2023-08-25_15h00.08.594,Recognizability_SONA,2022.2.5,60.005496489447054,
,,,,,,,,,,,,,,,,,,,8.830518600007053,8.830518600007053,8.830518600007053,space,0.1887797000235878,,,,,,,,,,,,,,,,,,,,,,,,,,,,,,,,,,,,,,,,,,,,,,,,,,,,,,,,,,909905,001,2023-08-25_15h00.08.594,Recognizability_SONA,2022.2.5,60.005496489447054,
,,,,,,,,,,,,,,,,,,,,,,,,9.063841900031548,9.063841900031548,9.063841900031548,space,0.15848270000424236,,,,,,,,,,,,,,,,,,,,,,,,,,,,,,,,,,,,,,,,,,,,,,,,,,,,,909905,001,2023-08-25_15h00.08.594,Recognizability_SONA,2022.2.5,60.005496489447054,
,,,,,,,,,,,,,,,,,,,,,,,,,,,,,9.247206400032155,9.247206400032155,9.247206400032155,9.247206400032155, ,tab,0.47823070001322776,,,,,,,,,,,,,,,,,,,,,,,,,,,,,,,,,,,,,,,,,,,,,,909905,001,2023-08-25_15h00.08.594,Recognizability_SONA,2022.2.5,60.005496489447054,
,,,,,,,,,,,,,,,,,,,,,,,,,,,,,,,,,,,,9.747205200023018,9.747205200023018,9.747205200023018,9.747205200023018,,tab,0.1693696000147611,,,,,,,,,,,,,,,,,,,,,,,,,,,,,,,,,,,,,,,909905,001,2023-08-25_15h00.08.594,Recognizability_SONA,2022.2.5,60.005496489447054,
,,,,,,,,,,,,,,,,,,,,,,,,,,,,,,,,,,,,,,,,,,,9.947203700023238,9.947203700023238,9.947203700023238,9.947203700023238,,tab,0.28734139999141917,,,,,,,,,,,,,,,,,,,,,,,,,,,,,,,,909905,001,2023-08-25_15h00.08.594,Recognizability_SONA,2022.2.5,60.005496489447054,
,,,,,,,,,,,,,,,,,,,,,,,,,,,,,,,,,,,,,,,,,,,,,,,,,,10.26389649999328,10.26389649999328,10.26389649999328,10.26389649999328,,tab,0.10968629998387769,,,,,,,,,,,,,,,,,,,,,,,,,909905,001,2023-08-25_15h00.08.594,Recognizability_SONA,2022.2.5,60.005496489447054,
,,,,,,,,,,,,,,,,,,,,,,,,,,,,,,,,,,,,,,,,,,,,,,,,,,,,,,,,,10.397196699981578,10.397196699981578,10.397196699981578,10.397196699981578,,tab,0.13342369999736547,,,,,,,,,,,,,,,,,,909905,001,2023-08-25_15h00.08.594,Recognizability_SONA,2022.2.5,60.005496489447054,
,,,,,,,,,,,,,,,,,,,,,,,,,,,,,,,,,,,,,,,,,,,,,,,,,,,,,,,,,,,,,,,,10.547234300000127,10.547234300000127,10.547234300000127,10.547234300000127,,tab,0.2594449000316672,,,,,,,,,,,909905,001,2023-08-25_15h00.08.594,Recognizability_SONA,2022.2.5,60.005496489447054,
,,,,,,,,,,,,,,,,,,,,,,,,,,,,,,,,,,,,,,,,,,,,,,,,,,,,,,,,,,,,,,,,,,,,,,,10.831392000021879,10.831392000021879,space,0.6634414000436664,,,,,,,909905,001,2023-08-25_15h00.08.594,Recognizability_SONA,2022.2.5,60.005496489447054,
,,,,,,,,,,,,,,,,,,,,,,,,,,,,,,,,,,,,,,,,,,,,,,,,,,,,,,,,,,,,,,,,,,,,,,,,,,,11.513911599991843,11.513911599991843,space,0.363009900029283,,,909905,001,2023-08-25_15h00.08.594,Recognizability_SONA,2022.2.5,60.005496489447054,
Condition1.csv,bani,dan,banidan,6,6_2.PNG,stems_all/6_2.PNG,0,0,0,0,0,0,0,5,,,,,,,,,,,,,,,,,,,,,,,,,,,,,,,,,,,,,,,,,,,,,,,,,,,,,,,,,,,,,,,,,11.913875200028997,11.913875200028997,909905,001,2023-08-25_15h00.08.594,Recognizability_SONA,2022.2.5,60.005496489447054,
,,,,,,,,,,,,,,,,,,,,,,,,,,,,,,,,,,,,,,,,,,,,,,,,,,,,,,,,,,,,,,,,,,,,,,,,,,,,,,,13.913952800037805,13.913952800037805,,,,,,,
