﻿stem,label,filepath,image_size,demo_info.thisRepN,demo_info.thisTrialN,demo_info.thisN,demo_info.thisIndex,pretraining_plus_test.thisRepN,pretraining_plus_test.thisTrialN,pretraining_plus_test.thisN,pretraining_plus_test.thisIndex,pretraining_loop.thisRepN,pretraining_loop.thisTrialN,pretraining_loop.thisN,pretraining_loop.thisIndex,pretraining,condition,begin_text.started,key_resp_11.started,key_resp_11.keys,key_resp_11.rt,consent_image.started,text_10.started,consent_resp.started,consent_resp.keys,consent_resp.rt,demographic_instr.started,text_9.started,key_resp_3.started,key_resp_3.keys,key_resp_3.rt,age_text.started,textbox.started,key_resp_5.started,text_3.started,textbox.text,key_resp_5.keys,key_resp_5.rt,age_text_2.started,textbox_2.started,key_resp_6.started,text_4.started,textbox_2.text,key_resp_6.keys,key_resp_6.rt,age_text_3.started,textbox_3.started,key_resp_7.started,text_5.started,textbox_3.text,key_resp_7.keys,key_resp_7.rt,age_text_5.started,textbox_5.started,key_resp_9.started,text_7.started,textbox_5.text,key_resp_9.keys,key_resp_9.rt,age_text_6.started,textbox_6.started,key_resp_10.started,text_8.started,textbox_6.text,key_resp_10.keys,key_resp_10.rt,age_text_4.started,textbox_4.started,key_resp_8.started,text_6.started,textbox_4.text,key_resp_8.keys,key_resp_8.rt,instructions_text.started,key_resp_4.started,key_resp_4.keys,key_resp_4.rt,experiment_start.started,experiment_start_resp.started,experiment_start_resp.keys,experiment_start_resp.rt,text_23.started,key_resp_24.started,key_resp_24.keys,key_resp_24.rt,image_5.started,text_19.started,textbox_9.started,key_resp_20.started,textbox_9.text,key_resp_20.keys,key_resp_20.rt,image_4.started,text_18.started,textbox_12.started,image_4.stopped,text_18.stopped,textbox_12.stopped,ISI.started,participant,session,date,expName,psychopyVersion,frameRate,
,,,,,,,,,,,,,,,,100,5,8.61498680000659,8.61498680000659,space,0.6013206000206992,,,,,,,,,,,,,,,,,,,,,,,,,,,,,,,,,,,,,,,,,,,,,,,,,,,,,,,,,,,,,,,,,,,,,,,,,,,,,,,929042,001,2023-09-26_18h30.43.946,generalizability,2022.2.5,60.01046580712279,
,,,,0,0,0,0,,,,,,,,,,,,,,,9.24732279998716,9.24732279998716,9.24732279998716,space,0.4420665999641642,9.730650200042874,9.730650200042874,9.730650200042874,space,0.5428897999227047,10.297304500010796,10.297304500010796,10.297304500010796,10.297304500010796, ,return,0.3973326999694109,10.713981000008062,10.713981000008062,10.713981000008062,10.713981000008062,"
",return,0.1526882000034675,10.897315599955618,10.897315599955618,10.897315599955618,10.897315599955618,"
",return,0.11437839991413057,11.03066749998834,11.03066749998834,11.03066749998834,11.03066749998834,"

",return,0.1340238000266254,11.197320000035688,11.197320000035688,11.197320000035688,11.197320000035688,"
",return,0.11743600002955645,11.347336199949495,11.347336199949495,11.347336199949495,11.347336199949495,"
",return,0.11847829993348569,,,,,,,,,,,,,,,,,,,,,,,,,,,929042,001,2023-09-26_18h30.43.946,generalizability,2022.2.5,60.01046580712279,
,,,,,,,,,,,,,,,,,,,,,,,,,,,,,,,,,,,,,,,,,,,,,,,,,,,,,,,,,,,,,,,,,,,,,,,,,,11.514003899996169,11.514003899996169,space,0.5679315000306815,,,,,,,,,,,,,,,,,,,,,,,929042,001,2023-09-26_18h30.43.946,generalizability,2022.2.5,60.01046580712279,
,,,,,,,,,,,,,,,,,,,,,,,,,,,,,,,,,,,,,,,,,,,,,,,,,,,,,,,,,,,,,,,,,,,,,,,,,,,,,,12.114044799935073,12.114044799935073,space,0.4850154999876395,,,,,,,,,,,,,,,,,,,929042,001,2023-09-26_18h30.43.946,generalizability,2022.2.5,60.01046580712279,
kudom,kudom,stems_all/8.PNG,"[0.35, 0.35]",,,,,0,0,0,0,0,0,0,7,,,,,,,,,,,,,,,,,,,,,,,,,,,,,,,,,,,,,,,,,,,,,,,,,,,,,,,,,,,,,,,,,,,12.630701999994926,12.630701999994926,return,0.8335511999903247,13.730710400035605,14.23071459995117,14.23071459995117,14.23071459995117,kudom,m,1.0649460999993607,15.330693600000814,15.330693600000814,15.330693600000814,16.330748899956234,16.330748899956234,16.330748899956234,0.9992975000059232,929042,001,2023-09-26_18h30.43.946,generalizability,2022.2.5,60.01046580712279,
chool,chool,stems_all/7.PNG,"[0.35, 0.35]",,,,,0,0,0,0,0,1,1,6,,,,,,,,,,,,,,,,,,,,,,,,,,,,,,,,,,,,,,,,,,,,,,,,,,,,,,,,,,,,,,,,,,,,,,,17.064051499939524,17.064051499939524,17.064051499939524,17.064051499939524,chool,l,2.0274346000514925,19.130753400037065,19.130753400037065,19.130753400037065,20.130812000017613,20.130812000017613,20.130812000017613,0.999484800035134,929042,001,2023-09-26_18h30.43.946,generalizability,2022.2.5,60.01046580712279,
,,,,,,,,,,,,,,,,,,,,,,,,,,,,,,,,,,,,,,,,,,,,,,,,,,,,,,,,,,,,,,,,,,,,,,,,,,,,,,,,,,,,,,20.86411439999938,20.86411439999938,20.86411439999938,20.86411439999938,vorke,e,2.896540899993852,23.7975155999884,23.7975155999884,23.7975155999884,,,,,,,,,,,
